,city,time_period,filename,filepath,point_count,valid_point_count,temp_field,center,mean_temp,median_temp,std_temp,min_temp,max_temp,range_temp,percentile_25,percentile_75,iqr,temps,gdf
0,"Abingdon, VA",af,af_trav.shp,"/groups/LORTIZUR/heat-watch-data/clean/Heat Watch Abingdon, VA/traverses_chw_abingdon_110121/af_trav.shp",18849,18612,temp_f,POINT (-81.97056443430407 36.70984351223106),84.91416183107673,84.96,1.7049647990087198,79.87,89.87,10.0,83.81,86.18,2.3700000000000045,[83.93 83.93 83.93 ... 84.18 84.18 84.54],"                  datetime  temp_f   hi_f     rh  \
0      2021-07-15 15:02:13   83.93  85.38  51.60   
1      2021-07-15 15:02:14   83.93  85.38  51.60   
2      2021-07-15 15:02:15   83.93  85.38  51.60   
3      2021-07-15 15:02:16   83.93  85.38  51.60   
4      2021-07-15 15:02:17   83.93  85.38  51.60   
...                    ...     ...    ...    ...   
18844  2021-07-15 15:49:30   84.37  84.12  42.67   
18845  2021-07-15 15:49:39   84.37  84.30  43.66   
18846  2021-07-15 15:49:40   84.18  84.10  43.66   
18847  2021-07-15 15:49:41   84.18  84.10  43.66   
18848  2021-07-15 15:49:42   84.54  84.50  43.66   

                                    file  kmph trav_id  \
0          1007B_150721_190004.000_0.csv  4.34      af   
1          1007B_150721_190004.000_0.csv  4.30      af   
2          1007B_150721_190004.000_0.csv  3.95      af   
3          1007B_150721_190004.000_0.csv  4.01      af   
4          1007B_150721_190004.000_0.csv  4.06      af   
...                                  ...   ...     ...   
18844  CAPA1025B_150721_185621.000_0.csv  0.77      af   
18845  CAPA1025B_150721_185621.000_0.csv  0.82      af   
18846  CAPA1025B_150721_185621.000_0.csv  1.76      af   
18847  CAPA1025B_150721_185621.000_0.csv  1.10      af   
18848  CAPA1025B_150721_185621.000_0.csv  1.10      af   

                         geometry  
0      POINT (-81.96798 36.71483)  
1      POINT (-81.96798 36.71484)  
2      POINT (-81.96798 36.71484)  
3      POINT (-81.96798 36.71485)  
4      POINT (-81.96799 36.71485)  
...                           ...  
18844  POINT (-81.93851 36.71431)  
18845  POINT (-81.93851 36.71431)  
18846  POINT (-81.93851 36.71431)  
18847  POINT (-81.93851 36.71431)  
18848  POINT (-81.93851 36.71431)  

[18849 rows x 8 columns]"
1,"Abingdon, VA",am,am_trav.shp,"/groups/LORTIZUR/heat-watch-data/clean/Heat Watch Abingdon, VA/traverses_chw_abingdon_110121/am_trav.shp",22074,22074,temp_f,POINT (-81.9702093289889 36.71054351733719),65.49319787985866,65.29,1.0954075383929518,63.14,68.76,5.6200000000000045,64.69,66.33,1.6400000000000006,[66.67 66.67 66.67 ... 66.75 66.75 66.75],"                  datetime  temp_f   hi_f     rh  \
0      2021-07-15 06:00:04   66.67  67.39  92.62   
1      2021-07-15 06:00:05   66.67  67.39  92.62   
2      2021-07-15 06:00:06   66.67  67.39  92.62   
3      2021-07-15 06:00:07   66.49  67.19  92.62   
4      2021-07-15 06:00:08   66.49  67.19  92.62   
...                    ...     ...    ...    ...   
22069  2021-07-15 06:48:43   66.75  67.25  87.82   
22070  2021-07-15 06:48:44   66.75  67.25  87.82   
22071  2021-07-15 06:48:46   66.75  67.25  87.82   
22072  2021-07-15 06:48:47   66.75  67.25  87.82   
22073  2021-07-15 06:48:48   66.75  67.25  87.81   

                                    file  kmph trav_id  \
0          1007B_150721_095803.000_0.csv  0.57      am   
1          1007B_150721_095803.000_0.csv  1.15      am   
2          1007B_150721_095803.000_0.csv  1.97      am   
3          1007B_150721_095803.000_0.csv  1.97      am   
4          1007B_150721_095803.000_0.csv  2.12      am   
...                                  ...   ...     ...   
22069  CAPA1025B_150721_095104.000_0.csv  6.30      am   
22070  CAPA1025B_150721_095104.000_0.csv  5.67      am   
22071  CAPA1025B_150721_095104.000_0.csv  4.50      am   
22072  CAPA1025B_150721_095104.000_0.csv  5.16      am   
22073  CAPA1025B_150721_095104.000_0.csv  3.97      am   

                         geometry  
0      POINT (-81.96746 36.71328)  
1      POINT (-81.96746 36.71328)  
2      POINT (-81.96746 36.71329)  
3       POINT (-81.96746 36.7133)  
4       POINT (-81.96747 36.7133)  
...                           ...  
22069   POINT (-81.93856 36.7146)  
22070  POINT (-81.93856 36.71458)  
22071  POINT (-81.93854 36.71456)  
22072  POINT (-81.93854 36.71455)  
22073  POINT (-81.93853 36.71454)  

[22074 rows x 8 columns]"
2,"Abingdon, VA",pm,pm_trav.shp,"/groups/LORTIZUR/heat-watch-data/clean/Heat Watch Abingdon, VA/traverses_chw_abingdon_110121/pm_trav.shp",18001,17986,temp_f,POINT (-81.97072704525053 36.70974096652852),82.45718002891138,82.49,1.9728624688727687,76.79,87.52,10.72999999999999,81.06,83.96,2.8999999999999915,[79.45 79.45 79.45 ... 81.71 81.71 81.35],"                  datetime  temp_f   hi_f     rh  \
0      2021-07-15 19:01:26   79.45  79.92  60.07   
1      2021-07-15 19:01:28   79.45  79.92  60.06   
2      2021-07-15 19:01:29   79.45  79.92  60.06   
3      2021-07-15 19:01:30   79.45  79.92  60.05   
4      2021-07-15 19:01:31   79.63  80.12  60.05   
...                    ...     ...    ...    ...   
17996  2021-07-15 19:46:57   81.53  82.64  52.66   
17997  2021-07-15 19:46:58   81.53  82.64  52.66   
17998  2021-07-15 19:46:59   81.71  82.84  52.65   
17999  2021-07-15 19:47:00   81.71  82.84  52.65   
18000  2021-07-15 19:47:01   81.35  82.58  53.65   

                                    file  kmph trav_id  \
0          1007B_150721_230128.000_0.csv  4.48      pm   
1          1007B_150721_230128.000_0.csv  5.53      pm   
2          1007B_150721_230128.000_0.csv  4.47      pm   
3          1007B_150721_230128.000_0.csv  6.96      pm   
4          1007B_150721_230128.000_0.csv  6.96      pm   
...                                  ...   ...     ...   
17996  CAPA1025B_150721_225704.000_0.csv  3.86      pm   
17997  CAPA1025B_150721_225704.000_0.csv  3.30      pm   
17998  CAPA1025B_150721_225704.000_0.csv  3.30      pm   
17999  CAPA1025B_150721_225704.000_0.csv  3.78      pm   
18000  CAPA1025B_150721_225704.000_0.csv  4.42      pm   

                         geometry  
0      POINT (-81.96771 36.71436)  
1       POINT (-81.9677 36.71441)  
2      POINT (-81.96771 36.71441)  
3      POINT (-81.96772 36.71442)  
4      POINT (-81.96771 36.71444)  
...                           ...  
17996  POINT (-81.93973 36.71518)  
17997  POINT (-81.93973 36.71517)  
17998  POINT (-81.93974 36.71516)  
17999  POINT (-81.93974 36.71514)  
18000  POINT (-81.93974 36.71512)  

[18001 rows x 8 columns]"
3,"Albuquerque, NM",af,af_trav.shp,"/groups/LORTIZUR/heat-watch-data/clean/Heat Watch Albuquerque, NM/traverses_chw_albuquerque_100421/af_trav.shp",41876,41550,temp_f,POINT (-106.63423800195658 35.11842833633871),99.35346666666666,99.35,1.7089951887077017,94.59,104.15,9.560000000000002,98.13,100.52,2.3900000000000006,[100.79 100.79 100.61 ... 100.38  99.84  99.66],"                   datetim  temp_f  ht_ndx_     rh  \
0      2021-07-09 15:00:00  100.79    96.87  15.51   
1      2021-07-09 15:00:01  100.79    96.87  15.51   
2      2021-07-09 15:00:02  100.61    96.67  15.51   
3      2021-07-09 15:00:04  100.42    96.47  15.51   
4      2021-07-09 15:00:05  100.42    96.47  15.50   
...                    ...     ...      ...    ...   
41871  2021-07-09 15:59:55   99.48    93.85   6.31   
41872  2021-07-09 15:59:56  100.38    94.60   6.31   
41873  2021-07-09 15:59:57  100.38    94.60   6.30   
41874  2021-07-09 15:59:59   99.84    94.15   6.30   
41875  2021-07-09 16:00:00   99.66    94.00   6.30   

                                    file  spdKmhr trav_id  \
0          1023B_090721_204535.000_0.csv    19.09      af   
1          1023B_090721_204535.000_0.csv    19.08      af   
2          1023B_090721_204535.000_0.csv    19.21      af   
3          1023B_090721_204535.000_0.csv    22.46      af   
4          1023B_090721_204535.000_0.csv    21.54      af   
...                                  ...      ...     ...   
41871  CAPA1022B_090721_211903.000_0.csv    22.45      af   
41872  CAPA1022B_090721_211903.000_0.csv    23.00      af   
41873  CAPA1022B_090721_211903.000_0.csv    23.00      af   
41874  CAPA1022B_090721_211903.000_0.csv    24.87      af   
41875  CAPA1022B_090721_211903.000_0.csv    24.13      af   

                          geometry  
0      POINT (-106.73176 35.16705)  
1       POINT (-106.7317 35.16706)  
2      POINT (-106.73163 35.16706)  
3       POINT (-106.7315 35.16709)  
4       POINT (-106.73143 35.1671)  
...                            ...  
41871  POINT (-106.67015 35.08183)  
41872   POINT (-106.6702 35.08187)  
41873  POINT (-106.67024 35.08192)  
41874  POINT (-106.67035 35.08201)  
41875   POINT (-106.6704 35.08205)  

[41876 rows x 8 columns]"
4,"Albuquerque, NM",am,am_trav.shp,"/groups/LORTIZUR/heat-watch-data/clean/Heat Watch Albuquerque, NM/traverses_chw_albuquerque_100421/am_trav.shp",28536,27439,temp_f,POINT (-106.6384648124385 35.10370222601117),71.24420277706913,71.33,2.1642710362274773,65.1,77.22,12.120000000000005,69.92,72.745,2.825000000000003,[67.89 67.89 67.89 ... 68.62 68.62 68.8 ],"                   datetim  temp_f  ht_ndx_       rh  \
0      2021-07-09 06:00:24   67.89     67.8    72.67   
1      2021-07-09 06:00:25   67.89     67.8    72.67   
2      2021-07-09 06:00:26   67.89     67.8    72.67   
3      2021-07-09 06:00:27   67.89     67.8    72.67   
4      2021-07-09 06:00:28   67.71     67.6    72.67   
...                    ...     ...      ...      ...   
28531  2021-07-09 06:53:25   68.62  -9999.0 -9999.00   
28532  2021-07-09 06:53:26   68.62  -9999.0 -9999.00   
28533  2021-07-09 06:53:27   68.62  -9999.0 -9999.00   
28534  2021-07-09 06:53:28   68.62  -9999.0 -9999.00   
28535  2021-07-09 06:53:29   68.80  -9999.0 -9999.00   

                                    file  spdKmhr trav_id  \
0          1023B_090721_115002.000_0.csv     9.02      am   
1          1023B_090721_115002.000_0.csv    10.59      am   
2          1023B_090721_115002.000_0.csv    11.74      am   
3          1023B_090721_115002.000_0.csv    12.65      am   
4          1023B_090721_115002.000_0.csv    12.65      am   
...                                  ...      ...     ...   
28531  CAPA1022B_090721_120521.000_0.csv    16.42      am   
28532  CAPA1022B_090721_120521.000_0.csv    16.80      am   
28533  CAPA1022B_090721_120521.000_0.csv    16.46      am   
28534  CAPA1022B_090721_120521.000_0.csv    15.87      am   
28535  CAPA1022B_090721_120521.000_0.csv    15.78      am   

                          geometry  
0      POINT (-106.73155 35.16713)  
1      POINT (-106.73152 35.16713)  
2      POINT (-106.73149 35.16712)  
3      POINT (-106.73145 35.16712)  
4      POINT (-106.73141 35.16712)  
...                            ...  
28531  POINT (-106.68926 35.10584)  
28532  POINT (-106.68931 35.10584)  
28533  POINT (-106.68936 35.10585)  
28534   POINT (-106.6894 35.10585)  
28535  POINT (-106.68945 35.10586)  

[28536 rows x 8 columns]"
5,"Arlington, VA",af,af_trav.shp,"/groups/LORTIZUR/heat-watch-data/clean/Heat Watch Arlington, VA/traverses_chw_arlington_102921/af_trav.shp",10535,10477,temp_f,POINT (-77.10258963539653 38.87843308984126),91.24503006585854,91.07,1.4036609000937394,87.44,95.1,7.659999999999997,90.23,92.2,1.9699999999999989,[93.78 93.06 93.06 ... 92.51 92.51 92.33],"                  datetime  temp_f    hi_f     rh  \
0      2021-07-15 15:01:10   93.78  103.58  51.82   
1      2021-07-15 15:01:11   93.06  102.55  52.82   
2      2021-07-15 15:01:12   93.06  102.55  52.82   
3      2021-07-15 15:01:13   92.70  101.71  52.82   
4      2021-07-15 15:01:14   92.70  101.71  52.82   
...                    ...     ...     ...    ...   
10530  2021-07-15 15:59:54   93.05   96.53  42.14   
10531  2021-07-15 15:59:55   93.05   96.53  42.14   
10532  2021-07-15 15:59:56   92.51   95.57  42.14   
10533  2021-07-15 15:59:57   92.51   95.57  42.14   
10534  2021-07-15 15:59:58   92.33   95.25  42.15   

                               file   kmph trav_id                    geometry  
0      1105_150721_185426.000_0.csv  14.88      af  POINT (-77.14132 38.88962)  
1      1105_150721_185426.000_0.csv  16.32      af  POINT (-77.14128 38.88964)  
2      1105_150721_185426.000_0.csv  14.99      af  POINT (-77.14123 38.88966)  
3      1105_150721_185426.000_0.csv  13.40      af  POINT (-77.14119 38.88967)  
4      1105_150721_185426.000_0.csv  13.40      af  POINT (-77.14115 38.88968)  
...                             ...    ...     ...                         ...  
10530  1119_050180_190731.093_0.csv  26.13      af  POINT (-77.06496 38.84541)  
10531  1119_050180_190731.093_0.csv  26.88      af  POINT (-77.06494 38.84548)  
10532  1119_050180_190731.093_0.csv  26.88      af  POINT (-77.06495 38.84556)  
10533  1119_050180_190731.093_0.csv  36.22      af  POINT (-77.06497 38.84564)  
10534  1119_050180_190731.093_0.csv  40.70      af  POINT (-77.06501 38.84573)  

[10535 rows x 8 columns]"
6,"Arlington, VA",am,am_trav.shp,"/groups/LORTIZUR/heat-watch-data/clean/Heat Watch Arlington, VA/traverses_chw_arlington_102921/am_trav.shp",10814,10810,temp_f,POINT (-77.10000027257266 38.87765311456403),71.80703977798335,71.57,1.196767519270125,68.9,75.4,6.5,70.85,72.72,1.8700000000000045,[72.24 72.6  72.6  ... 71.69 71.87 71.87],"                  datetime  temp_f   hi_f     rh  \
0      2021-07-15 06:00:24   72.24  73.57  93.82   
1      2021-07-15 06:00:25   72.60  73.97  93.82   
2      2021-07-15 06:00:26   72.60  73.97  93.82   
3      2021-07-15 06:00:27   72.42  73.77  93.82   
4      2021-07-15 06:00:28   72.42  73.77  93.82   
...                    ...     ...    ...    ...   
10809  2021-07-15 06:48:02   71.15  71.77  80.99   
10810  2021-07-15 06:48:03   71.69  72.36  80.99   
10811  2021-07-15 06:48:04   71.69  72.36  80.99   
10812  2021-07-15 06:48:05   71.87  72.56  80.99   
10813  2021-07-15 06:48:06   71.87  72.56  80.99   

                               file   kmph trav_id                    geometry  
0      1105_150721_095109.000_0.csv  14.14      am  POINT (-77.14732 38.87334)  
1      1105_150721_095109.000_0.csv  14.14      am  POINT (-77.14727 38.87334)  
2      1105_150721_095109.000_0.csv  24.57      am  POINT (-77.14719 38.87333)  
3      1105_150721_095109.000_0.csv  27.85      am  POINT (-77.14711 38.87333)  
4      1105_150721_095109.000_0.csv  30.97      am  POINT (-77.14701 38.87332)  
...                             ...    ...     ...                         ...  
10809  1119_150721_094959.000_0.csv  30.75      am   POINT (-77.07064 38.8509)  
10810  1119_150721_094959.000_0.csv  25.72      am   POINT (-77.07072 38.8509)  
10811  1119_150721_094959.000_0.csv  23.09      am  POINT (-77.07079 38.85091)  
10812  1119_150721_094959.000_0.csv  19.44      am  POINT (-77.07084 38.85091)  
10813  1119_150721_094959.000_0.csv  16.70      am  POINT (-77.07089 38.85091)  

[10814 rows x 8 columns]"
7,"Arlington, VA",pm,pm_trav.shp,"/groups/LORTIZUR/heat-watch-data/clean/Heat Watch Arlington, VA/traverses_chw_arlington_102921/pm_trav.shp",10851,10824,temp_f,POINT (-77.10341004636471 38.879137106746704),87.46753880266074,87.23,1.3195819104879252,83.56,91.39,7.829999999999998,86.49,88.46,1.9699999999999989,[87.67 87.67 87.67 ... 87.28 87.28 86.56],"                  datetime  temp_f   hi_f     rh  \
0      2021-07-15 19:00:00   87.67  93.92  58.80   
1      2021-07-15 19:00:02   87.67  93.92  58.80   
2      2021-07-15 19:00:03   87.67  93.92  58.80   
3      2021-07-15 19:00:04   87.85  94.73  59.80   
4      2021-07-15 19:00:05   87.85  94.73  59.79   
...                    ...     ...    ...    ...   
10846  2021-07-15 19:58:01   85.84  88.43  52.71   
10847  2021-07-15 19:58:02   85.84  88.43  52.71   
10848  2021-07-15 19:58:03   87.28  90.80  52.71   
10849  2021-07-15 19:58:04   87.28  90.80  52.70   
10850  2021-07-15 19:58:05   86.56  89.59  52.70   

                               file   kmph trav_id                    geometry  
0      1105_150721_225935.000_0.csv  22.11      pm  POINT (-77.14082 38.89016)  
1      1105_150721_225935.000_0.csv  24.41      pm   POINT (-77.14088 38.8903)  
2      1105_150721_225935.000_0.csv  24.41      pm  POINT (-77.14091 38.89036)  
3      1105_150721_225935.000_0.csv  26.01      pm  POINT (-77.14093 38.89043)  
4      1105_150721_225935.000_0.csv  27.36      pm  POINT (-77.14095 38.89051)  
...                             ...    ...     ...                         ...  
10846  1119_150721_225552.000_0.csv  23.07      pm  POINT (-77.07004 38.85087)  
10847  1119_150721_225552.000_0.csv  21.06      pm  POINT (-77.07011 38.85086)  
10848  1119_150721_225552.000_0.csv  21.06      pm  POINT (-77.07018 38.85086)  
10849  1119_150721_225552.000_0.csv  18.15      pm  POINT (-77.07025 38.85086)  
10850  1119_150721_225552.000_0.csv  12.36      pm   POINT (-77.0703 38.85087)  

[10851 rows x 8 columns]"
8,"Asheville, NC",af,af_trav.shp,"/groups/LORTIZUR/heat-watch-data/clean/Heat Watch Asheville, NC/traverses_chw_asheville_091123/af_trav.shp",17675,17675,temp_f,POINT (-82.5512035761212 35.58267731201631),83.55043603916799,83.72587512027962,1.995199933362,74.26686632247062,92.15855986023394,17.891693537763317,82.72733690206965,84.75048306564034,2.0231461635706864,"[88.04034791 87.94995018 87.94955245 ... 85.38367984 85.51514954
 85.60488438]","             ID             datetime     temp_f      hi_f         rh  \
0        9663.0  2023-07-24 15:02:32  88.040348  87.10186  36.590000   
1        9673.0  2023-07-24 15:02:33  87.949950  87.10971  37.090000   
2        9683.0  2023-07-24 15:02:34  87.949552  87.29894  37.880000   
3        9693.0  2023-07-24 15:02:35  87.913155  87.02975  36.940000   
4        9703.0  2023-07-24 15:02:36  87.624757  86.62726  36.690000   
...         ...                  ...        ...       ...        ...   
17670  360014.0  2023-07-24 15:57:08  84.143845  82.78277  35.560000   
17671  372714.0  2023-07-24 15:59:16  85.183276  83.59116  34.375000   
17672  372814.0  2023-07-24 15:59:17  85.383680  83.72950  34.003333   
17673  372914.0  2023-07-24 15:59:18  85.515150  83.80973  33.686667   
17674  373014.0  2023-07-24 15:59:19  85.604884  83.87197  33.520000   

                           file trav_id   speedmph                    geometry  
0      CAPA2033_240723_184625_0      af  20.312624   POINT (-82.57545 35.6289)  
1      CAPA2033_240723_184625_0      af  20.989919  POINT (-82.57539 35.62882)  
2      CAPA2033_240723_184625_0      af  21.747992  POINT (-82.57534 35.62873)  
3      CAPA2033_240723_184625_0      af  22.108387   POINT (-82.5753 35.62864)  
4      CAPA2033_240723_184625_0      af  22.530919  POINT (-82.57528 35.62855)  
...                         ...     ...        ...                         ...  
17670  CAPA2164_240723_185707_0      af   6.571000   POINT (-82.62157 35.5974)  
17671  CAPA2164_240723_185707_0      af  20.179029  POINT (-82.61346 35.59225)  
17672  CAPA2164_240723_185707_0      af  15.130389  POINT (-82.61334 35.59224)  
17673  CAPA2164_240723_185707_0      af  11.888902  POINT (-82.61326 35.59223)  
17674  CAPA2164_240723_185707_0      af  10.358258  POINT (-82.61323 35.59222)  

[17675 rows x 9 columns]"
9,"Asheville, NC",am,am_trav.shp,"/groups/LORTIZUR/heat-watch-data/clean/Heat Watch Asheville, NC/traverses_chw_asheville_091123/am_trav.shp",22153,22153,temp_f,POINT (-82.55475704775266 35.58274839408319),64.22378253485311,64.52530256494745,1.1306114308266568,60.68074190712568,66.6366336610114,5.955891753885723,63.46234220528974,65.06462515214568,1.6022829468559436,"[65.36781287 65.26053189 65.26062177 ... 62.22472819 62.1677956
 62.14381807]","            ID             datetime     temp_f      hi_f      rh  \
0       8472.0  2023-07-24 06:00:37  65.367813  65.89428  91.270   
1       8632.0  2023-07-24 06:00:53  65.260532  65.77534  91.250   
2       8652.0  2023-07-24 06:00:55  65.260622  65.77825  91.310   
3       8672.0  2023-07-24 06:00:57  65.260712  65.78916  91.540   
4       8692.0  2023-07-24 06:00:59  65.242802  65.77275  91.610   
...        ...                  ...        ...       ...     ...   
22148  46685.0  2023-07-24 06:59:51  62.119571  62.47397  94.520   
22149  46695.0  2023-07-24 06:59:52  62.134593  62.49167  94.545   
22150  46725.0  2023-07-24 06:59:55  62.224728  62.59340  94.600   
22151  46735.0  2023-07-24 06:59:56  62.167796  62.52514  94.480   
22152  46745.0  2023-07-24 06:59:57  62.143818  62.49594  94.420   

                           file trav_id   speedmph                    geometry  
0      CAPA2033_240723_094630_0      am  12.141593  POINT (-82.58547 35.63189)  
1      CAPA2033_240723_094630_0      am  11.601000    POINT (-82.58618 35.631)  
2      CAPA2033_240723_094630_0      am  10.494959  POINT (-82.58623 35.63093)  
3      CAPA2033_240723_094630_0      am  12.396355  POINT (-82.58621 35.63085)  
4      CAPA2033_240723_094630_0      am  14.453094  POINT (-82.58615 35.63074)  
...                         ...     ...        ...                         ...  
22148  CAPA2164_240723_094202_0      am  18.044619  POINT (-82.61743 35.56834)  
22149  CAPA2164_240723_094202_0      am  18.429870  POINT (-82.61745 35.56838)  
22150  CAPA2164_240723_094202_0      am  19.222118  POINT (-82.61756 35.56861)  
22151  CAPA2164_240723_094202_0      am  18.318023   POINT (-82.6176 35.56872)  
22152  CAPA2164_240723_094202_0      am  18.075688  POINT (-82.61761 35.56875)  

[22153 rows x 9 columns]"
10,"Asheville, NC",pm,pm_trav.shp,"/groups/LORTIZUR/heat-watch-data/clean/Heat Watch Asheville, NC/traverses_chw_asheville_091123/pm_trav.shp",17573,17573,temp_f,POINT (-82.56437008687435 35.580043789791205),78.93966173575876,79.1913721581943,2.141355787455231,72.182287030666,85.28802115488506,13.105734124219055,77.55986884504543,80.51255499946033,2.9526861544149057,"[79.82308288 79.78757697 79.61449419 ... 78.45589091 78.504385
 78.51663204]","             ID             datetime     temp_f      hi_f         rh  \
0         613.0  2023-07-24 19:00:14  79.823083  79.89542  41.090000   
1         614.0  2023-07-24 19:00:15  79.787577  79.85931  40.940000   
2         628.0  2023-07-24 19:00:29  79.614494  79.83072  42.090000   
3         629.0  2023-07-24 19:00:30  79.578988  79.80723  42.100000   
4         630.0  2023-07-24 19:00:31  79.651482  79.84601  41.960000   
...         ...                  ...        ...       ...        ...   
17568  382013.0  2023-07-24 19:59:55  78.406903  78.40757  52.340000   
17569  382115.0  2023-07-24 19:59:56  78.413397  78.41080  52.256667   
17570  382214.0  2023-07-24 19:59:57  78.455891  78.44438  51.976667   
17571  382313.0  2023-07-24 19:59:58  78.504385  78.48300  51.663333   
17572  382413.0  2023-07-24 19:59:59  78.516632  78.48927  51.510000   

                           file trav_id   speedmph                    geometry  
0      CAPA2014_240723_225000_0      pm  20.735157   POINT (-82.6326 35.61399)  
1      CAPA2014_240723_225000_0      pm  21.623717   POINT (-82.63261 35.6139)  
2      CAPA2014_240723_225000_0      pm  22.648980  POINT (-82.63302 35.61355)  
3      CAPA2014_240723_225000_0      pm  27.731796  POINT (-82.63318 35.61359)  
4      CAPA2014_240723_225000_0      pm  30.428547  POINT (-82.63333 35.61362)  
...                         ...     ...        ...                         ...  
17568  CAPA2164_240723_225614_0      pm  15.685480  POINT (-82.60828 35.57702)  
17569  CAPA2164_240723_225614_0      pm  15.563277  POINT (-82.60827 35.57696)  
17570  CAPA2164_240723_225614_0      pm  15.658554   POINT (-82.60825 35.5769)  
17571  CAPA2164_240723_225614_0      pm  15.184241  POINT (-82.60824 35.57684)  
17572  CAPA2164_240723_225614_0      pm  14.748245  POINT (-82.60824 35.57681)  

[17573 rows x 9 columns]"
11,"Atlanta, GA",af,af_trav.shp,"/groups/LORTIZUR/heat-watch-data/clean/Heat Watch Atlanta, GA/traverses_chw_atlanta_112921/af_trav.shp",23386,23386,temp_f,POINT (-84.4058056411577 33.790046562970396),82.06213332763191,81.99,1.5524725256179077,77.68,86.86,9.179999999999993,80.96,83.09,2.1300000000000097,[86.59 86.59 86.05 ... 82.28 81.56 81.56],"                  datetime  temp_f   hi_f    rh                          file  \
0      2021-09-04 15:00:15   86.59  83.98  30.4  1006_040921_185802.000_0.csv   
1      2021-09-04 15:00:16   86.59  83.98  30.4  1006_040921_185802.000_0.csv   
2      2021-09-04 15:00:17   86.05  83.60  31.4  1006_040921_185802.000_0.csv   
3      2021-09-04 15:00:28   85.68  83.40  32.4  1006_040921_185802.000_0.csv   
4      2021-09-04 15:00:29   85.68  83.40  32.4  1006_040921_185802.000_0.csv   
...                    ...     ...    ...   ...                           ...   
23381  2021-09-04 15:39:08   81.74  81.26  39.0      Front_0_185956.000_0.csv   
23382  2021-09-04 15:39:10   82.28  81.71  39.0      Front_0_185956.000_0.csv   
23383  2021-09-04 15:39:11   82.28  81.71  39.0      Front_0_185956.000_0.csv   
23384  2021-09-04 15:39:12   81.56  81.11  39.0      Front_0_185956.000_0.csv   
23385  2021-09-04 15:39:13   81.56  81.11  39.0      Front_0_185956.000_0.csv   

        kmph trav_id  value                    geometry  
0       9.34      af      1   POINT (-84.3659 33.82487)  
1      10.33      af      2   POINT (-84.3659 33.82484)  
2       9.42      af      3  POINT (-84.36591 33.82482)  
3      12.19      af      4  POINT (-84.36609 33.82476)  
4      12.19      af      5  POINT (-84.36614 33.82476)  
...      ...     ...    ...                         ...  
23381   8.55      af  23382  POINT (-84.32428 33.79729)  
23382   8.30      af  23383  POINT (-84.32429 33.79726)  
23383   8.37      af  23384   POINT (-84.3243 33.79725)  
23384   8.25      af  23385  POINT (-84.32431 33.79723)  
23385   8.25      af  23386  POINT (-84.32432 33.79722)  

[23386 rows x 9 columns]"
12,"Atlanta, GA",am,am_trav.shp,"/groups/LORTIZUR/heat-watch-data/clean/Heat Watch Atlanta, GA/traverses_chw_atlanta_112921/am_trav.shp",26830,26830,temp_f,POINT (-84.40976488721577 33.785450791429305),60.48608237048081,60.31,1.4902498660830217,56.68,65.26,8.580000000000005,59.49,61.23,1.7399999999999949,[63.73 63.91 63.91 ... 60.62 60.8  60.8 ],"                  datetime  temp_f   hi_f    rh  \
0      2021-09-04 06:00:02   63.73  63.66  87.4   
1      2021-09-04 06:00:03   63.91  63.86  87.4   
2      2021-09-04 06:00:04   63.91  63.86  87.4   
3      2021-09-04 06:00:05   64.09  64.05  87.4   
4      2021-09-04 06:00:06   64.09  64.05  87.4   
...                    ...     ...    ...   ...   
26825  2021-09-04 06:32:44   60.62  60.56  88.0   
26826  2021-09-04 06:32:45   60.62  60.56  88.0   
26827  2021-09-04 06:32:46   60.62  60.56  88.0   
26828  2021-09-04 06:32:47   60.80  60.76  88.0   
26829  2021-09-04 06:32:48   60.80  60.76  88.0   

                                file   kmph trav_id  value  \
0       1006_040921_095320.000_0.csv  17.19      am      1   
1       1006_040921_095320.000_0.csv  16.06      am      2   
2       1006_040921_095320.000_0.csv  16.15      am      3   
3       1006_040921_095320.000_0.csv  17.92      am      4   
4       1006_040921_095320.000_0.csv  19.30      am      5   
...                              ...    ...     ...    ...   
26825  Front_040921_095552.000_0.csv  10.81      am  26826   
26826  Front_040921_095552.000_0.csv  10.41      am  26827   
26827  Front_040921_095552.000_0.csv  10.41      am  26828   
26828  Front_040921_095552.000_0.csv   9.90      am  26829   
26829  Front_040921_095552.000_0.csv   8.46      am  26830   

                         geometry  
0      POINT (-84.36651 33.82473)  
1      POINT (-84.36656 33.82473)  
2      POINT (-84.36662 33.82475)  
3      POINT (-84.36669 33.82477)  
4      POINT (-84.36676 33.82478)  
...                           ...  
26825  POINT (-84.32474 33.79756)  
26826  POINT (-84.32472 33.79754)  
26827   POINT (-84.3247 33.79752)  
26828   POINT (-84.32467 33.7975)  
26829  POINT (-84.32465 33.79748)  

[26830 rows x 9 columns]"
13,"Atlanta, GA",pm,pm_trav.shp,"/groups/LORTIZUR/heat-watch-data/clean/Heat Watch Atlanta, GA/traverses_chw_atlanta_112921/pm_trav.shp",24664,24664,temp_f,POINT (-84.41044149448894 33.78097292511619),76.290281381771,75.97,2.611571430695725,69.99,84.47,14.480000000000004,74.36,78.22,3.8599999999999994,[80.63 80.63 80.45 ... 71.56 71.56 71.56],"                  datetime  temp_f   hi_f    rh  \
0      2021-09-04 19:01:05   80.63  81.77  42.4   
1      2021-09-04 19:01:05   80.63  81.77  42.4   
2      2021-09-04 19:01:08   80.45  81.61  42.4   
3      2021-09-04 19:01:09   80.81  81.93  42.4   
4      2021-09-04 19:01:10   80.81  81.93  42.4   
...                    ...     ...    ...   ...   
24659  2021-09-04 19:30:13   71.55  72.39  87.0   
24660  2021-09-04 19:30:15   71.55  72.39  87.0   
24661  2021-09-04 19:30:16   71.56  72.39  87.0   
24662  2021-09-04 19:30:17   71.56  72.39  87.0   
24663  2021-09-04 19:30:18   71.56  72.44  88.0   

                                file   kmph trav_id  value  \
0           1006_04_225930.000_0.csv  25.49      pm      1   
1           1006_04_225930.000_0.csv  30.35      pm      2   
2           1006_04_225930.000_0.csv  40.29      pm      3   
3           1006_04_225930.000_0.csv  39.43      pm      4   
4           1006_04_225930.000_0.csv  39.49      pm      5   
...                              ...    ...     ...    ...   
24659  Front_040921_230029.000_0.csv  10.25      pm  24660   
24660  Front_040921_230029.000_0.csv   9.15      pm  24661   
24661  Front_040921_230029.000_0.csv   9.26      pm  24662   
24662  Front_040921_230029.000_0.csv   8.47      pm  24663   
24663  Front_040921_230029.000_0.csv   8.35      pm  24664   

                         geometry  
0      POINT (-84.36716 33.82361)  
1      POINT (-84.36716 33.82361)  
2      POINT (-84.36715 33.82388)  
3      POINT (-84.36715 33.82398)  
4      POINT (-84.36714 33.82409)  
...                           ...  
24659  POINT (-84.32093 33.79586)  
24660  POINT (-84.32099 33.79588)  
24661  POINT (-84.32101 33.79589)  
24662  POINT (-84.32104 33.79589)  
24663   POINT (-84.32106 33.7959)  

[24664 rows x 9 columns]"
14,"Austin, TX",af,af_trav.shp,"/groups/LORTIZUR/heat-watch-data/clean/Heat Watch Austin, TX/traverses_chw_austin_101420/af_trav.shp",28652,28652,temp_f,POINT (-97.69335535199332 30.256330815297005),95.9874745218484,95.9,0.855497550835935,93.02,100.03999999999999,7.019999999999996,95.36000000000001,96.62,1.259999999999991,[96.8  96.8  96.44 ... 95.72 95.72 95.72],"       hasFix stlltsU   date    time altitud  course  spdKmhr  spdKnts  \
0           1       7  70820  200229     155  289.95    35.41    19.11   
1           1       7  70820  200230   154.8  291.46    36.00    19.43   
2           1       7  70820  200232   154.5  293.47    32.84    17.72   
3           1       7  70820  200233   154.3  293.35    33.67    18.17   
4           1       7  70820  200234   154.3  297.46    34.27    18.49   
...       ...     ...    ...     ...     ...     ...      ...      ...   
28647       1       8  70820  205727   190.8   48.15    13.26     7.16   
28648       1       8  70820  205728   190.9   24.48    14.87     8.02   
28649       1       8  70820  205729   191.2   24.48    14.87     8.02   
28650       1       8  70820  205730   191.5  350.46    13.40     7.23   
28651       1       8  70820  205731   191.7  322.72    11.92     6.43   

      RMCMode RMCStts  ...                              file     dat_cln  \
0           A       A  ...  CAPA1000_070820_200036.093_0.csv  2020-08-07   
1           A       A  ...  CAPA1000_070820_200036.093_0.csv  2020-08-07   
2           A       A  ...  CAPA1000_070820_200036.093_0.csv  2020-08-07   
3           A       A  ...  CAPA1000_070820_200036.093_0.csv  2020-08-07   
4           A       A  ...  CAPA1000_070820_200036.093_0.csv  2020-08-07   
...       ...     ...  ...                               ...         ...   
28647       D       A  ...  CAPA1018_070820_195056.000_0.csv  2020-08-07   
28648       D       A  ...  CAPA1018_070820_195056.000_0.csv  2020-08-07   
28649       D       A  ...  CAPA1018_070820_195056.000_0.csv  2020-08-07   
28650       D       A  ...  CAPA1018_070820_195056.000_0.csv  2020-08-07   
28651       D       A  ...  CAPA1018_070820_195056.000_0.csv  2020-08-07   

                   dttm_tc              dttm_lc               tz     date_lc  \
0      2020-08-07 20:02:29  2020-08-07 15:02:29  America/Chicago  2020-08-07   
1      2020-08-07 20:02:30  2020-08-07 15:02:30  America/Chicago  2020-08-07   
2      2020-08-07 20:02:32  2020-08-07 15:02:32  America/Chicago  2020-08-07   
3      2020-08-07 20:02:33  2020-08-07 15:02:33  America/Chicago  2020-08-07   
4      2020-08-07 20:02:34  2020-08-07 15:02:34  America/Chicago  2020-08-07   
...                    ...                  ...              ...         ...   
28647  2020-08-07 20:57:27  2020-08-07 15:57:27  America/Chicago  2020-08-07   
28648  2020-08-07 20:57:28  2020-08-07 15:57:28  America/Chicago  2020-08-07   
28649  2020-08-07 20:57:29  2020-08-07 15:57:29  America/Chicago  2020-08-07   
28650  2020-08-07 20:57:30  2020-08-07 15:57:30  America/Chicago  2020-08-07   
28651  2020-08-07 20:57:31  2020-08-07 15:57:31  America/Chicago  2020-08-07   

                   strt_tm              end_tim  trav_id  \
0      2020-08-07 15:00:00  2020-08-07 16:00:00       af   
1      2020-08-07 15:00:00  2020-08-07 16:00:00       af   
2      2020-08-07 15:00:00  2020-08-07 16:00:00       af   
3      2020-08-07 15:00:00  2020-08-07 16:00:00       af   
4      2020-08-07 15:00:00  2020-08-07 16:00:00       af   
...                    ...                  ...      ...   
28647  2020-08-07 15:00:00  2020-08-07 16:00:00       af   
28648  2020-08-07 15:00:00  2020-08-07 16:00:00       af   
28649  2020-08-07 15:00:00  2020-08-07 16:00:00       af   
28650  2020-08-07 15:00:00  2020-08-07 16:00:00       af   
28651  2020-08-07 15:00:00  2020-08-07 16:00:00       af   

                         geometry  
0      POINT (-97.67756 30.13552)  
1      POINT (-97.67765 30.13555)  
2      POINT (-97.67784 30.13563)  
3      POINT (-97.67793 30.13566)  
4      POINT (-97.67802 30.13571)  
...                           ...  
28647  POINT (-97.67859 30.30585)  
28648  POINT (-97.67857 30.30588)  
28649  POINT (-97.67856 30.30592)  
28650  POINT (-97.67856 30.30595)  
28651  POINT (-97.67857 30.30598)  

[28652 rows x 29 columns]"
15,"Austin, TX",am,am_trav.shp,"/groups/LORTIZUR/heat-watch-data/clean/Heat Watch Austin, TX/traverses_chw_austin_101420/am_trav.shp",28125,28125,temp_f,POINT (-97.69787072264499 30.25776896064553),75.3534464,75.56,1.4206836193632413,70.88,78.62,7.740000000000009,74.48,76.46000000000001,1.980000000000004,[71.42 71.42 71.42 ... 75.56 75.56 75.56],"       hasFix stlltsU   date    time altitud  course  spdKmhr  spdKnts  \
0           1      10  70820  110036   148.3  238.96    16.98     9.16   
1           1      10  70820  110037     147  234.27    18.26     9.85   
2           1      10  70820  110038   147.1   231.6    20.47    11.05   
3           1      10  70820  110039   147.4   231.6    20.47    11.05   
4           1      10  70820  110040   147.6  229.47    21.61    11.66   
...       ...     ...    ...     ...     ...     ...      ...      ...   
28120       1       9  70820  115838   183.3  255.42    16.75     9.04   
28121       1       9  70820  115839   183.1  257.23    18.96    10.23   
28122       1       9  70820  115840   182.7   263.7    18.82    10.16   
28123       1       9  70820  115841   182.4   263.7    18.82    10.16   
28124       1       9  70820  115842     182  302.65     9.53     5.14   

      RMCMode RMCStts  ...                              file     dat_cln  \
0           A       A  ...  CAPA1000_070820_105048.207_0.csv  2020-08-07   
1           A       A  ...  CAPA1000_070820_105048.207_0.csv  2020-08-07   
2           A       A  ...  CAPA1000_070820_105048.207_0.csv  2020-08-07   
3           A       A  ...  CAPA1000_070820_105048.207_0.csv  2020-08-07   
4           A       A  ...  CAPA1000_070820_105048.207_0.csv  2020-08-07   
...       ...     ...  ...                               ...         ...   
28120       D       A  ...  CAPA1018_070820_105024.214_0.csv  2020-08-07   
28121       D       A  ...  CAPA1018_070820_105024.214_0.csv  2020-08-07   
28122       D       A  ...  CAPA1018_070820_105024.214_0.csv  2020-08-07   
28123       D       A  ...  CAPA1018_070820_105024.214_0.csv  2020-08-07   
28124       D       A  ...  CAPA1018_070820_105024.214_0.csv  2020-08-07   

                   dttm_tc              dttm_lc               tz     date_lc  \
0      2020-08-07 11:00:36  2020-08-07 06:00:36  America/Chicago  2020-08-07   
1      2020-08-07 11:00:37  2020-08-07 06:00:37  America/Chicago  2020-08-07   
2      2020-08-07 11:00:38  2020-08-07 06:00:38  America/Chicago  2020-08-07   
3      2020-08-07 11:00:39  2020-08-07 06:00:39  America/Chicago  2020-08-07   
4      2020-08-07 11:00:40  2020-08-07 06:00:40  America/Chicago  2020-08-07   
...                    ...                  ...              ...         ...   
28120  2020-08-07 11:58:38  2020-08-07 06:58:38  America/Chicago  2020-08-07   
28121  2020-08-07 11:58:39  2020-08-07 06:58:39  America/Chicago  2020-08-07   
28122  2020-08-07 11:58:40  2020-08-07 06:58:40  America/Chicago  2020-08-07   
28123  2020-08-07 11:58:41  2020-08-07 06:58:41  America/Chicago  2020-08-07   
28124  2020-08-07 11:58:42  2020-08-07 06:58:42  America/Chicago  2020-08-07   

                   strt_tm              end_tim  trav_id  \
0      2020-08-07 06:00:00  2020-08-07 07:00:00       am   
1      2020-08-07 06:00:00  2020-08-07 07:00:00       am   
2      2020-08-07 06:00:00  2020-08-07 07:00:00       am   
3      2020-08-07 06:00:00  2020-08-07 07:00:00       am   
4      2020-08-07 06:00:00  2020-08-07 07:00:00       am   
...                    ...                  ...      ...   
28120  2020-08-07 06:00:00  2020-08-07 07:00:00       am   
28121  2020-08-07 06:00:00  2020-08-07 07:00:00       am   
28122  2020-08-07 06:00:00  2020-08-07 07:00:00       am   
28123  2020-08-07 06:00:00  2020-08-07 07:00:00       am   
28124  2020-08-07 06:00:00  2020-08-07 07:00:00       am   

                         geometry  
0      POINT (-97.67592 30.13587)  
1      POINT (-97.67596 30.13584)  
2      POINT (-97.67601 30.13582)  
3      POINT (-97.67606 30.13578)  
4      POINT (-97.67611 30.13575)  
...                           ...  
28120  POINT (-97.67874 30.30596)  
28121  POINT (-97.67878 30.30595)  
28122  POINT (-97.67884 30.30595)  
28123  POINT (-97.67888 30.30595)  
28124  POINT (-97.67891 30.30596)  

[28125 rows x 29 columns]"
16,"Austin, TX",pm,pm_trav.shp,"/groups/LORTIZUR/heat-watch-data/clean/Heat Watch Austin, TX/traverses_chw_austin_101420/pm_trav.shp",24779,24779,temp_f,POINT (-97.69220328713696 30.262191139912495),93.7881690140845,93.74,0.9993934725489477,90.86000000000001,97.52,6.659999999999982,93.2,94.46000000000001,1.2600000000000051,[94.64 94.64 94.64 ... 92.3  92.3  92.3 ],"       hasFix stlltsU   date  time altitud  course  spdKmhr  spdKnts RMCMode  \
0           1       5  80820   129   178.3  296.15    31.99    17.27       A   
1           1       5  80820   130   177.3  295.88    32.13    17.34       A   
2           1       5  80820   131   176.6  294.99    31.58    17.04       A   
3           1       5  80820   132   175.9  294.99    31.58    17.04       A   
4           1       5  80820   133   175.1   293.5    29.89    16.13       A   
...       ...     ...    ...   ...     ...     ...      ...      ...     ...   
24774       1      11  80820  5853     178  122.54    35.26    19.03       D   
24775       1      11  80820  5854   177.9  122.54    35.26    19.03       D   
24776       1      12  80820  5855     178   118.5    32.10    17.32       D   
24777       1      12  80820  5856   178.5  117.57    30.27    16.33       D   
24778       1      12  80820  5857   179.5  116.57    25.31    13.66       D   

      RMCStts  ...                                               file  \
0           A  ...  CAPA1000_070820_235923.000_0.csv - CAPA1000_07...   
1           A  ...  CAPA1000_070820_235923.000_0.csv - CAPA1000_07...   
2           A  ...  CAPA1000_070820_235923.000_0.csv - CAPA1000_07...   
3           A  ...  CAPA1000_070820_235923.000_0.csv - CAPA1000_07...   
4           A  ...  CAPA1000_070820_235923.000_0.csv - CAPA1000_07...   
...       ...  ...                                                ...   
24774       A  ...  CAPA1018_070820_235400.212_0.csv - CAPA1018_07...   
24775       A  ...  CAPA1018_070820_235400.212_0.csv - CAPA1018_07...   
24776       A  ...  CAPA1018_070820_235400.212_0.csv - CAPA1018_07...   
24777       A  ...  CAPA1018_070820_235400.212_0.csv - CAPA1018_07...   
24778       A  ...  CAPA1018_070820_235400.212_0.csv - CAPA1018_07...   

          dat_cln              dttm_tc              dttm_lc               tz  \
0      2020-08-08  2020-08-08 00:01:29  2020-08-07 19:01:29  America/Chicago   
1      2020-08-08  2020-08-08 00:01:30  2020-08-07 19:01:30  America/Chicago   
2      2020-08-08  2020-08-08 00:01:31  2020-08-07 19:01:31  America/Chicago   
3      2020-08-08  2020-08-08 00:01:32  2020-08-07 19:01:32  America/Chicago   
4      2020-08-08  2020-08-08 00:01:33  2020-08-07 19:01:33  America/Chicago   
...           ...                  ...                  ...              ...   
24774  2020-08-08  2020-08-08 00:58:53  2020-08-07 19:58:53  America/Chicago   
24775  2020-08-08  2020-08-08 00:58:54  2020-08-07 19:58:54  America/Chicago   
24776  2020-08-08  2020-08-08 00:58:55  2020-08-07 19:58:55  America/Chicago   
24777  2020-08-08  2020-08-08 00:58:56  2020-08-07 19:58:56  America/Chicago   
24778  2020-08-08  2020-08-08 00:58:57  2020-08-07 19:58:57  America/Chicago   

          date_lc              strt_tm              end_tim  trav_id  \
0      2020-08-07  2020-08-07 19:00:00  2020-08-07 20:00:00       pm   
1      2020-08-07  2020-08-07 19:00:00  2020-08-07 20:00:00       pm   
2      2020-08-07  2020-08-07 19:00:00  2020-08-07 20:00:00       pm   
3      2020-08-07  2020-08-07 19:00:00  2020-08-07 20:00:00       pm   
4      2020-08-07  2020-08-07 19:00:00  2020-08-07 20:00:00       pm   
...           ...                  ...                  ...      ...   
24774  2020-08-07  2020-08-07 19:00:00  2020-08-07 20:00:00       pm   
24775  2020-08-07  2020-08-07 19:00:00  2020-08-07 20:00:00       pm   
24776  2020-08-07  2020-08-07 19:00:00  2020-08-07 20:00:00       pm   
24777  2020-08-07  2020-08-07 19:00:00  2020-08-07 20:00:00       pm   
24778  2020-08-07  2020-08-07 19:00:00  2020-08-07 20:00:00       pm   

                         geometry  
0      POINT (-97.67742 30.13547)  
1       POINT (-97.67749 30.1355)  
2      POINT (-97.67757 30.13554)  
3      POINT (-97.67764 30.13557)  
4      POINT (-97.67772 30.13561)  
...                           ...  
24774  POINT (-97.67927 30.30604)  
24775  POINT (-97.67918 30.30599)  
24776   POINT (-97.6791 30.30595)  
24777  POINT (-97.67902 30.30591)  
24778  POINT (-97.67895 30.30588)  

[24779 rows x 29 columns]"
17,"Baltimore, MD",af,af_trav.shp,"/groups/LORTIZUR/heat-watch-data/clean/Heat Watch Baltimore, MD/traverses_chw_baltimore/af_trav.shp",47455,47455,temp_f,POINT (-76.81103866326784 39.11260653782278),95.11990264461069,95.0,1.9346629451159396,86.18,104.53999999999999,18.359999999999985,93.91999999999999,96.26,2.3400000000000176,[99.32 99.32 99.32 ... 97.34 97.34 97.52],"        loctime        lat        lon   hgt   speed   T_C  temp_f  \
0      14:00:00  38.923109 -77.022378  21.0  36.363  37.4   99.32   
1      14:00:00  39.321983 -76.624682  30.0  18.722  37.4   99.32   
2      14:00:01  38.923019 -77.022368  20.0  34.638  37.4   99.32   
3      14:00:01  39.321941 -76.624646  29.0  20.678  37.4   99.32   
4      14:00:02  38.922935 -77.022354  19.0  33.000  37.2   98.96   
...         ...        ...        ...   ...     ...   ...     ...   
47450  14:59:55  38.993256 -77.032745  55.0   8.400  36.5   97.70   
47451  14:59:56  38.993269 -77.032717  54.0   8.794  36.4   97.52   
47452  14:59:57  38.993271 -77.032694  54.0   6.222  36.3   97.34   
47453  14:59:58  38.993272 -77.032673  53.0   6.791  36.3   97.34   
47454  14:59:59  38.993261 -77.032648  53.0   9.062  36.4   97.52   

                         geometry  
0      POINT (-77.02238 38.92311)  
1      POINT (-76.62468 39.32198)  
2      POINT (-77.02237 38.92302)  
3      POINT (-76.62465 39.32194)  
4      POINT (-77.02235 38.92293)  
...                           ...  
47450  POINT (-77.03274 38.99326)  
47451  POINT (-77.03272 38.99327)  
47452  POINT (-77.03269 38.99327)  
47453  POINT (-77.03267 38.99327)  
47454  POINT (-77.03265 38.99326)  

[47455 rows x 8 columns]"
18,"Baltimore, MD",am,am_trav.shp,"/groups/LORTIZUR/heat-watch-data/clean/Heat Watch Baltimore, MD/traverses_chw_baltimore/am_trav.shp",50094,50094,temp_f,POINT (-76.81919619609296 39.10299201748764),78.36521379805964,78.62,1.7658759004913385,72.32,84.91999999999999,12.599999999999994,77.18,79.7,2.519999999999996,[82.22 82.22 82.22 ... 79.34 79.52 79.7 ],"        loctime        lat        lon   hgt   speed   T_C  temp_f  \
0      05:00:00  38.861081 -77.004306 -34.0   7.801  27.9   82.22   
1      05:00:01  38.861091 -77.004333 -34.0   9.469  27.9   82.22   
2      05:00:02  38.861101 -77.004361 -34.0   9.619  27.9   82.22   
3      05:00:03  38.861108 -77.004392 -34.0   9.239  27.9   82.22   
4      05:00:04  38.861106 -77.004417 -34.0   7.033  27.9   82.22   
...         ...        ...        ...   ...     ...   ...     ...   
50089  05:59:55  39.286583 -76.567388  13.0  31.442  26.2   79.16   
50090  05:59:56  39.286588 -76.567299  12.0  24.249  26.3   79.34   
50091  05:59:57  39.286592 -76.567237  12.0  15.897  26.3   79.34   
50092  05:59:58  39.286594 -76.567199  12.0   8.535  26.4   79.52   
50093  05:59:59  39.286595 -76.567180  12.0   3.555  26.5   79.70   

                         geometry  
0      POINT (-77.00431 38.86108)  
1      POINT (-77.00433 38.86109)  
2       POINT (-77.00436 38.8611)  
3      POINT (-77.00439 38.86111)  
4      POINT (-77.00442 38.86111)  
...                           ...  
50089  POINT (-76.56739 39.28658)  
50090   POINT (-76.5673 39.28659)  
50091  POINT (-76.56724 39.28659)  
50092   POINT (-76.5672 39.28659)  
50093   POINT (-76.56718 39.2866)  

[50094 rows x 8 columns]"
19,"Baltimore, MD",pm,pm_trav.shp,"/groups/LORTIZUR/heat-watch-data/clean/Heat Watch Baltimore, MD/traverses_chw_baltimore/pm_trav.shp",50262,50262,temp_f,POINT (-76.81514795438017 39.108332353790885),89.31193625402891,89.24,1.943739619149184,81.14,96.26,15.120000000000005,88.16,90.5,2.3400000000000034,[89.24 89.24 89.42 ... 89.78 89.6  89.6 ],"        loctime        lat        lon   hgt   speed   T_C  temp_f  \
0      18:00:00  38.915511 -77.020112   2.0   2.998  31.8   89.24   
1      18:00:01  38.915502 -77.020093   2.0  12.056  31.8   89.24   
2      18:00:02  38.915482 -77.020052   2.0  18.585  31.9   89.42   
3      18:00:03  38.915455 -77.019993   2.0  24.867  31.9   89.42   
4      18:00:04  38.915423 -77.019915   3.0  30.341  31.9   89.42   
...         ...        ...        ...   ...     ...   ...     ...   
50257  18:59:05  39.290895 -76.604308 -24.0  11.901  32.4   90.32   
50258  18:59:06  39.290864 -76.604307 -23.0  11.799  32.3   90.14   
50259  18:59:07  39.290841 -76.604327 -24.0  11.171  32.1   89.78   
50260  18:59:08  39.290829 -76.604357 -24.0   9.240  32.0   89.60   
50261  18:59:09  39.290825 -76.604377 -24.0   3.197  32.0   89.60   

                         geometry  
0      POINT (-77.02011 38.91551)  
1       POINT (-77.02009 38.9155)  
2      POINT (-77.02005 38.91548)  
3      POINT (-77.01999 38.91545)  
4      POINT (-77.01991 38.91542)  
...                           ...  
50257  POINT (-76.60431 39.29089)  
50258  POINT (-76.60431 39.29086)  
50259  POINT (-76.60433 39.29084)  
50260  POINT (-76.60436 39.29083)  
50261  POINT (-76.60438 39.29083)  

[50262 rows x 8 columns]"
20,"Bloomington, IN",af,af_trav.shp,"/groups/LORTIZUR/heat-watch-data/clean/Heat Watch Bloomington, IN/traverses_chw_bloomington_081424/af_trav.shp",9211,9211,temp_f,POINT (-86.53256912973181 39.15842801283512),88.59476712626207,88.8,1.6982025332814767,81.1,93.5,12.400000000000006,87.9,89.7,1.7999999999999972,[89.8 92.5 91.6 ... 89.5 89.1 89.1],"      temp_f    rh  hi_f                    geometry
0       89.8  48.8  93.6   POINT (-86.5287 39.20792)
1       92.5  37.9  93.7  POINT (-86.52695 39.16552)
2       91.6  39.6  92.9  POINT (-86.52844 39.16279)
3       89.8  46.3  92.6   POINT (-86.5237 39.15064)
4       89.3  45.3  91.5  POINT (-86.52832 39.18578)
...      ...   ...   ...                         ...
9206    89.3  43.0  90.7   POINT (-86.55584 39.1392)
9207    89.4  42.9  90.8  POINT (-86.55575 39.13908)
9208    89.5  43.2  91.0  POINT (-86.55559 39.13895)
9209    89.1  45.1  91.0   POINT (-86.5554 39.13904)
9210    89.1  43.1  90.3   POINT (-86.55542 39.1392)

[9211 rows x 4 columns]"
21,"Bloomington, IN",am,am_trav.shp,"/groups/LORTIZUR/heat-watch-data/clean/Heat Watch Bloomington, IN/traverses_chw_bloomington_081424/am_trav.shp",9481,9481,temp_f,POINT (-86.53229934671639 39.15860282015329),68.39048623562915,68.2,1.214350167946939,63.8,72.1,8.299999999999997,67.6,69.2,1.6000000000000085,[68.6 68.4 69.5 ... 68.5 68.5 68.5],"      temp_f    rh  hi_f                    geometry
0       68.6  89.7  69.4  POINT (-86.52381 39.15143)
1       68.4  90.4  69.2  POINT (-86.53125 39.15925)
2       69.5  88.5  70.3   POINT (-86.5311 39.16442)
3       69.2  90.1  70.0  POINT (-86.52709 39.15806)
4       68.9  88.5  69.7  POINT (-86.52548 39.15095)
...      ...   ...   ...                         ...
9476    68.6  90.8  69.5   POINT (-86.55603 39.1394)
9477    68.5  90.7  69.3  POINT (-86.55595 39.13928)
9478    68.5  90.7  69.3  POINT (-86.55584 39.13916)
9479    68.5  90.8  69.3  POINT (-86.55574 39.13904)
9480    68.5  90.9  69.3  POINT (-86.55544 39.13906)

[9481 rows x 4 columns]"
22,"Bloomington, IN",pm,pm_trav.shp,"/groups/LORTIZUR/heat-watch-data/clean/Heat Watch Bloomington, IN/traverses_chw_bloomington_081424/pm_trav.shp",9229,9229,temp_f,POINT (-86.53250558954171 39.158448478049294),86.38383356810054,86.8,1.8521773819231702,79.0,90.1,11.099999999999994,86.0,87.5,1.5,[88.  87.2 82.2 ... 87.9 87.9 87.9],"      temp_f    rh  hi_f                    geometry
0       88.0  47.6  90.2   POINT (-86.5299 39.16556)
1       87.2  47.9  89.1   POINT (-86.52686 39.1839)
2       82.2  73.8  87.7  POINT (-86.52862 39.20793)
3       88.1  52.2  92.0  POINT (-86.52734 39.15942)
4       87.3  48.7  89.5   POINT (-86.5314 39.15334)
...      ...   ...   ...                         ...
9224    88.1  55.4  93.3  POINT (-86.55662 39.13941)
9225    88.1  55.2  93.3   POINT (-86.5564 39.13947)
9226    87.9  55.4  93.0  POINT (-86.55598 39.13934)
9227    87.9  55.6  93.0   POINT (-86.55586 39.1392)
9228    87.9  55.8  93.2  POINT (-86.55575 39.13907)

[9229 rows x 4 columns]"
23,"Boise, ID",af,af_trav.shp,"/groups/LORTIZUR/heat-watch-data/clean/Heat Watch Boise, ID/traverses_chw_boise/af_trav.shp",19297,19297,temp_f,POINT (-116.28828611899846 43.61528940942281),90.58856817121833,90.68,1.255172256839505,85.64,98.96,13.319999999999993,89.78,91.22,1.4399999999999977,[91.94 91.94 91.94 ... 89.96 89.78 89.78],"             lat        long  time_n  speed   T_C    RH  temp_f  case  \
0      43.630745 -116.207032  210350  14.17  33.3  24.2   91.94     2   
1      43.630782 -116.207028  210351  15.58  33.3  24.2   91.94     2   
2      43.630823 -116.207022  210352  16.08  33.3  24.2   91.94     2   
3      43.630865 -116.207017  210353  16.08  33.3  24.2   91.94     2   
4      43.630907 -116.207015  210354  15.06  33.2  24.1   91.76     2   
...          ...         ...     ...    ...   ...   ...     ...   ...   
19292  43.623687 -116.274115  215956  41.28  32.1  24.9   89.78     2   
19293  43.623797 -116.274108  215957  45.92  32.2  24.8   89.96     2   
19294  43.624037 -116.274107  215959  46.45  32.2  24.8   89.96     2   
19295  43.624162 -116.274110  220000  48.79  32.1  24.7   89.78     2   
19296  43.624162 -116.274110  220000  48.79  32.1  24.7   89.78     2   

            HI_F       HI_C                     geometry  
0      88.924825  31.624903  POINT (-116.20703 43.63074)  
1      88.924825  31.624903  POINT (-116.20703 43.63078)  
2      88.924825  31.624903  POINT (-116.20702 43.63082)  
3      88.924825  31.624903  POINT (-116.20702 43.63086)  
4      88.707700  31.504278  POINT (-116.20702 43.63091)  
...          ...        ...                          ...  
19292  86.742823  30.412679  POINT (-116.27412 43.62369)  
19293  86.912547  30.506971   POINT (-116.27411 43.6238)  
19294  86.912547  30.506971  POINT (-116.27411 43.62404)  
19295  86.712395  30.395775  POINT (-116.27411 43.62416)  
19296  86.712395  30.395775  POINT (-116.27411 43.62416)  

[19297 rows x 11 columns]"
24,"Boise, ID",am,am_trav.shp,"/groups/LORTIZUR/heat-watch-data/clean/Heat Watch Boise, ID/traverses_chw_boise/am_trav.shp",22795,22795,temp_f,POINT (-116.28749218837329 43.611347781658445),57.99711691160342,57.56,2.8286188119942772,50.9,67.28,16.380000000000003,55.94,59.54,3.6000000000000014,[67.28 67.28 66.74 ... 61.88 61.88 62.06],"             lat        long  time_n  speed   T_C    RH  temp_f  case  \
0      43.655963 -116.248487  120106  10.01  19.6  48.7   67.28     1   
1      43.655930 -116.248487  120107  14.09  19.6  48.7   67.28     1   
2      43.655890 -116.248482  120108  17.05  19.3  48.8   66.74     1   
3      43.655845 -116.248483  120109  17.05  19.3  48.8   66.74     1   
4      43.655805 -116.248485  120110  15.29  19.0  48.8   66.20     1   
...          ...         ...     ...    ...   ...   ...     ...   ...   
22790  43.612195 -116.355437  125352  25.81  16.6  67.0   61.88     1   
22791  43.612198 -116.355355  125353  22.09  16.6  66.7   61.88     1   
22792  43.612200 -116.355287  125354  16.58  16.6  66.7   61.88     1   
22793  43.612200 -116.355243  125355  16.58  16.6  66.5   61.88     1   
22794  43.612197 -116.355082  125417  24.19  16.7  59.4   62.06     1   

          HI_F       HI_C                     geometry  
0      65.9969  18.887167  POINT (-116.24849 43.65596)  
1      65.9969  18.887167  POINT (-116.24849 43.65593)  
2      65.4076  18.559778  POINT (-116.24848 43.65589)  
3      65.4076  18.559778  POINT (-116.24848 43.65584)  
4      64.8136  18.229778   POINT (-116.24848 43.6558)  
...        ...        ...                          ...  
22790  60.9170  16.065000   POINT (-116.35544 43.6122)  
22791  60.9029  16.057167   POINT (-116.35536 43.6122)  
22792  60.9029  16.057167   POINT (-116.35529 43.6122)  
22793  60.8935  16.051944   POINT (-116.35524 43.6122)  
22794  60.7578  15.976556   POINT (-116.35508 43.6122)  

[22795 rows x 11 columns]"
25,"Boise, ID",pm,pm_trav.shp,"/groups/LORTIZUR/heat-watch-data/clean/Heat Watch Boise, ID/traverses_chw_boise/pm_trav.shp",22069,22069,temp_f,POINT (-116.2892641716814 43.605886397012725),90.09027142145091,90.14,1.725092549784954,82.94,96.08,13.14,89.06,91.22,2.1599999999999966,[89.42 89.42 89.42 ... 87.44 87.44 87.44],"             lat        long  time_n  speed   T_C    RH  temp_f  case  \
0      43.630733 -116.207003   10218  10.03  31.9  19.1   89.42     2   
1      43.630775 -116.207002   10219  13.82  31.9  19.1   89.42     2   
2      43.630812 -116.206998   10220  17.81  31.9  19.1   89.42     2   
3      43.630853 -116.206993   10221  17.81  31.9  19.1   89.42     2   
4      43.630895 -116.206988   10222  17.81  31.9  18.8   89.42     2   
...          ...         ...     ...    ...   ...   ...     ...   ...   
22064  43.593455 -116.199847   15257  24.03  30.6  21.3   87.08     2   
22065  43.593508 -116.199840   15258  19.93  30.6  21.3   87.08     2   
22066  43.593548 -116.199828   15259  14.34  30.8  21.5   87.44     2   
22067  43.593577 -116.199820   15300  10.06  30.8  21.5   87.44     2   
22068  43.593592 -116.199817   15301  10.06  30.8  21.7   87.44     2   

            HI_F       HI_C                     geometry  
0      85.715538  29.841966    POINT (-116.207 43.63073)  
1      85.715538  29.841966    POINT (-116.207 43.63078)  
2      85.715538  29.841966    POINT (-116.207 43.63081)  
3      85.715538  29.841966  POINT (-116.20699 43.63085)  
4      85.691473  29.828596   POINT (-116.20699 43.6309)  
...          ...        ...                          ...  
22064  83.812228  28.784571  POINT (-116.19985 43.59346)  
22065  83.812228  28.784571  POINT (-116.19984 43.59351)  
22066  84.139658  28.966477  POINT (-116.19983 43.59355)  
22067  84.139658  28.966477  POINT (-116.19982 43.59358)  
22068  84.155942  28.975523  POINT (-116.19982 43.59359)  

[22069 rows x 11 columns]"
26,"Boston, MA",af,af_trav.shp,"/groups/LORTIZUR/heat-watch-data/clean/Heat Watch Boston, MA/traverses_chw_boston/af_trav.shp",17029,17029,temp_f,POINT (-71.10395715372535 42.33350980248476),91.29562980797463,91.22,1.5760276337593133,87.26,102.56,15.299999999999997,90.32,92.12,1.8000000000000114,[102.56 102.56 102.38 ...  91.04  91.04  91.04],"             lat       long    time_n  speed   T_C    RH  temp_f  case  \
0      42.287480 -71.064330  192147.0  10.59  39.2  33.4  102.56     2   
1      42.287458 -71.064248  192149.0  13.15  39.2  33.4  102.56     2   
2      42.287450 -71.064202  192150.0  13.77  39.1  33.3  102.38     2   
3      42.287445 -71.064153  192151.0  13.58  39.1  33.3  102.38     2   
4      42.287442 -71.064108  192152.0  13.58  39.0  33.3  102.20     2   
...          ...        ...       ...    ...   ...   ...     ...   ...   
17024  42.368927 -71.073683  195956.0  27.42  32.8  46.4   91.04     2   
17025  42.368927 -71.073683  195956.0  27.42  32.8  46.4   91.04     2   
17026  42.368775 -71.073848  195958.0  38.75  32.8  46.4   91.04     2   
17027  42.368685 -71.073938  195959.0  38.75  32.8  46.4   91.04     2   
17028  42.368593 -71.074030  200000.0  38.75  32.8  46.8   91.04     2   

             HI_F       HI_C                    geometry  
0      109.481228  43.045127  POINT (-71.06433 42.28748)  
1      109.481228  43.045127  POINT (-71.06425 42.28746)  
2      109.033770  42.796539   POINT (-71.0642 42.28745)  
3      109.033770  42.796539  POINT (-71.06415 42.28744)  
4      108.668222  42.593456  POINT (-71.06411 42.28744)  
...           ...        ...                         ...  
17024   94.887893  34.937718  POINT (-71.07368 42.36893)  
17025   94.887893  34.937718  POINT (-71.07368 42.36893)  
17026   94.887893  34.937718  POINT (-71.07385 42.36878)  
17027   94.887893  34.937718  POINT (-71.07394 42.36868)  
17028   95.070167  35.038982  POINT (-71.07403 42.36859)  

[17029 rows x 11 columns]"
27,"Boston, MA",am,am_trav.shp,"/groups/LORTIZUR/heat-watch-data/clean/Heat Watch Boston, MA/traverses_chw_boston/am_trav.shp",20062,20062,temp_f,POINT (-71.10099747459084 42.33251504063786),75.08857441930017,75.2,1.4585002708246613,71.6,84.38,12.780000000000001,73.94,76.1,2.1599999999999966,[73.94 73.94 74.12 ... 74.66 74.66 74.66],"             lat       long    time_n  speed   T_C    RH  temp_f  case  \
0      42.287472 -71.057752  100015.0  12.12  23.3  86.7   73.94     1   
1      42.287458 -71.057805  100016.0  19.66  23.3  86.7   73.94     1   
2      42.287443 -71.057878  100017.0  19.66  23.4  86.9   74.12     1   
3      42.287425 -71.057957  100018.0  19.66  23.4  86.9   74.12     1   
4      42.287405 -71.058043  100019.0  27.58  23.3  86.9   73.94     1   
...          ...        ...       ...    ...   ...   ...     ...   ...   
20057  42.325257 -71.120900  103453.0   9.92  23.7  85.6   74.66     1   
20058  42.325233 -71.120923  103454.0   9.92  23.7  85.6   74.66     1   
20059  42.325207 -71.120945  103455.0  11.40  23.7  85.4   74.66     1   
20060  42.325185 -71.120968  103456.0   9.59  23.7  85.4   74.66     1   
20061  42.325163 -71.120985  103457.0   8.54  23.7  85.5   74.66     1   

          HI_F       HI_C                    geometry  
0      75.1089  23.949389  POINT (-71.05775 42.28747)  
1      75.1089  23.949389   POINT (-71.0578 42.28746)  
2      75.3163  24.064611  POINT (-71.05788 42.28744)  
3      75.3163  24.064611  POINT (-71.05796 42.28742)  
4      75.1183  23.954611   POINT (-71.05804 42.2874)  
...        ...        ...                         ...  
20057  75.8492  24.360667   POINT (-71.1209 42.32526)  
20058  75.8492  24.360667  POINT (-71.12092 42.32523)  
20059  75.8398  24.355444  POINT (-71.12094 42.32521)  
20060  75.8398  24.355444  POINT (-71.12097 42.32518)  
20061  75.8445  24.358056  POINT (-71.12098 42.32516)  

[20062 rows x 11 columns]"
28,"Boston, MA",pm,pm_trav.shp,"/groups/LORTIZUR/heat-watch-data/clean/Heat Watch Boston, MA/traverses_chw_boston/pm_trav.shp",20247,20247,temp_f,POINT (-71.10032169653527 42.33388515733596),84.77456512075864,84.74,1.5246374659804938,78.62,91.58,12.959999999999994,83.84,85.82,1.9799999999999898,[85.82 85.82 85.82 ... 83.48 83.48 83.48],"             lat       long    time_n  speed   T_C    RH  temp_f  case  \
0      42.284805 -71.064607  230004.0  15.10  29.9  58.7   85.82     2   
1      42.284842 -71.064572  230005.0  21.43  29.9  58.7   85.82     2   
2      42.284887 -71.064543  230006.0  22.94  29.9  58.7   85.82     2   
3      42.284937 -71.064522  230007.0  22.81  29.9  58.8   85.82     2   
4      42.284987 -71.064503  230008.0  22.81  29.9  58.8   85.82     2   
...          ...        ...       ...    ...   ...   ...     ...   ...   
20242  42.325347 -71.120802  234015.0  26.22  28.6  64.7   83.48     2   
20243  42.325293 -71.120838  234016.0  26.22  28.6  64.8   83.48     2   
20244  42.325252 -71.120880  234017.0  18.06  28.6  64.8   83.48     2   
20245  42.325222 -71.120920  234018.0  13.87  28.6  64.9   83.48     2   
20246  42.325195 -71.120950  234019.0   9.76  28.6  64.9   83.48     2   

            HI_F       HI_C                    geometry  
0      90.307220  32.392900   POINT (-71.06461 42.2848)  
1      90.307220  32.392900  POINT (-71.06457 42.28484)  
2      90.307220  32.392900  POINT (-71.06454 42.28489)  
3      90.341333  32.411852  POINT (-71.06452 42.28494)  
4      90.341333  32.411852   POINT (-71.0645 42.28499)  
...          ...        ...                         ...  
20242  87.878990  31.043883   POINT (-71.1208 42.32535)  
20243  87.905843  31.058802  POINT (-71.12084 42.32529)  
20244  87.905843  31.058802  POINT (-71.12088 42.32525)  
20245  87.932746  31.073748  POINT (-71.12092 42.32522)  
20246  87.932746  31.073748   POINT (-71.12095 42.3252)  

[20247 rows x 11 columns]"
29,"Boulder, CO",af,af_trav.shp,"/groups/LORTIZUR/heat-watch-data/clean/Heat Watch Boulder, CO/traverses_chw_boulder_082222/af_trav.shp",9206,9206,temp_f,POINT (-105.25559196890437 40.013943433636484),95.74363458613949,95.7,1.3312689404570892,91.9,101.2,9.299999999999997,94.9,96.4,1.5,[94.7 94.7 94.7 ... 99.5 99.5 99.1],"      temp_f      rh    hi_f                     geometry
0       94.7 -9999.0 -9999.0  POINT (-105.27714 40.05077)
1       94.7 -9999.0 -9999.0  POINT (-105.27703 40.05077)
2       94.7 -9999.0 -9999.0  POINT (-105.27692 40.05076)
3       94.9 -9999.0 -9999.0   POINT (-105.2768 40.05076)
4       94.9 -9999.0 -9999.0   POINT (-105.2768 40.05076)
...      ...     ...     ...                          ...
9201    99.7     4.9    94.4  POINT (-105.26136 40.00802)
9202    99.7     4.9    94.4  POINT (-105.26136 40.00797)
9203    99.5     4.9    94.2  POINT (-105.26139 40.00767)
9204    99.5     4.9    94.2   POINT (-105.2614 40.00762)
9205    99.1     4.9    93.9    POINT (-105.2614 40.0075)

[9206 rows x 4 columns]"
30,"Boulder, CO",am,am_trav.shp,"/groups/LORTIZUR/heat-watch-data/clean/Heat Watch Boulder, CO/traverses_chw_boulder_082222/am_trav.shp",11614,11614,temp_f,POINT (-105.25554857580701 40.02170946266268),69.81635095574306,69.8,4.3749825452037285,61.3,78.4,17.10000000000001,66.1,73.5,7.400000000000006,[73.7 73.7 74.  ... 70.7 71.3 71.3],"       temp_f      rh    hi_f                     geometry
0        73.7 -9999.0 -9999.0  POINT (-105.25319 40.03029)
1        73.7 -9999.0 -9999.0  POINT (-105.25319 40.03022)
2        74.0 -9999.0 -9999.0  POINT (-105.25319 40.02998)
3        74.0 -9999.0 -9999.0  POINT (-105.25319 40.02994)
4        74.0 -9999.0 -9999.0   POINT (-105.25319 40.0299)
...       ...     ...     ...                          ...
11609    70.9    18.8    71.4   POINT (-105.28814 40.0573)
11610    70.7    17.8    71.1  POINT (-105.28815 40.05734)
11611    70.7    17.8    71.1  POINT (-105.28817 40.05737)
11612    71.3    16.8    71.7   POINT (-105.28819 40.0574)
11613    71.3    16.8    71.7   POINT (-105.28819 40.0574)

[11614 rows x 4 columns]"
31,"Boulder, CO",pm,pm_trav.shp,"/groups/LORTIZUR/heat-watch-data/clean/Heat Watch Boulder, CO/traverses_chw_boulder_082222/pm_trav.shp",6307,6307,temp_f,POINT (-105.25695419434827 40.008394309480494),86.64956397653401,86.7,1.28083693485008,82.9,90.8,7.8999999999999915,85.8,87.5,1.7000000000000028,[90.6 86.8 86.8 ... 84.9 85.6 85.6],"      temp_f      rh    hi_f                     geometry
0       90.6 -9999.0 -9999.0  POINT (-105.25359 40.02568)
1       86.8 -9999.0 -9999.0  POINT (-105.25317 40.03016)
2       86.8 -9999.0 -9999.0  POINT (-105.25317 40.03009)
3       86.6 -9999.0 -9999.0  POINT (-105.25319 40.02984)
4       86.6 -9999.0 -9999.0  POINT (-105.25319 40.02978)
...      ...     ...     ...                          ...
6302    85.3    22.3    82.2   POINT (-105.28551 40.0088)
6303    84.9    22.3    81.9  POINT (-105.28551 40.00886)
6304    84.9    22.3    81.9  POINT (-105.28551 40.00892)
6305    85.6    22.3    82.5   POINT (-105.2855 40.00906)
6306    85.6    22.3    82.5    POINT (-105.2855 40.0091)

[6307 rows x 4 columns]"
32,"Brockton, MA",af,af_trav.shp,"/groups/LORTIZUR/heat-watch-data/clean/Heat Watch Brockton, MA/traverses_chw_brockton_092823/af_trav.shp",10090,10090,temp_f,POINT (-71.01850219312871 42.09578902966086),86.60595639246779,86.7,1.515052718365414,79.7,92.7,13.0,85.7,87.6,1.8999999999999915,[90.2 89.9 89.5 ... 85.8 85.9 85.9],"       temp_f    rh  hi_f                    geometry
0        90.2  36.4  89.8  POINT (-71.01811 42.08296)
1        89.9  36.4  89.4  POINT (-71.01823 42.08297)
2        89.5  36.9  89.0  POINT (-71.01836 42.08298)
3        89.1  37.2  88.6   POINT (-71.0185 42.08299)
4        89.1  37.6  88.6  POINT (-71.01864 42.08301)
...       ...   ...   ...                         ...
10085    85.7  42.9  85.7   POINT (-71.0352 42.08223)
10086    85.7  42.9  85.8   POINT (-71.03521 42.0823)
10087    85.8  42.9  85.8  POINT (-71.03522 42.08238)
10088    85.9  42.7  85.9  POINT (-71.03524 42.08245)
10089    85.9  42.5  85.9  POINT (-71.03525 42.08248)

[10090 rows x 4 columns]"
33,"Brockton, MA",am,am_trav.shp,"/groups/LORTIZUR/heat-watch-data/clean/Heat Watch Brockton, MA/traverses_chw_brockton_092823/am_trav.shp",9775,9775,temp_f,POINT (-71.01628809761856 42.096082299664594),64.55549872122764,64.6,0.873374379944318,61.8,67.3,5.5,64.0,65.1,1.0999999999999943,[66.8 66.8 66.7 ... 64.  64.  64.1],"      temp_f    rh  hi_f                    geometry
0       66.8  84.7  67.2  POINT (-71.01825 42.08297)
1       66.8  84.8  67.2   POINT (-71.0184 42.08299)
2       66.7  84.9  67.1  POINT (-71.01856 42.08302)
3       66.8  84.7  67.1  POINT (-71.01957 42.08324)
4       66.7  84.8  67.1  POINT (-71.01968 42.08327)
...      ...   ...   ...                         ...
9770    64.0  90.2  64.4  POINT (-71.03536 42.08278)
9771    64.0  90.2  64.4  POINT (-71.03538 42.08285)
9772    64.0  90.1  64.4  POINT (-71.03539 42.08292)
9773    64.0  90.1  64.4  POINT (-71.03539 42.08295)
9774    64.1  90.1  64.4  POINT (-71.03541 42.08309)

[9775 rows x 4 columns]"
34,"Brockton, MA",pm,pm_trav.shp,"/groups/LORTIZUR/heat-watch-data/clean/Heat Watch Brockton, MA/traverses_chw_brockton_092823/pm_trav.shp",8318,8318,temp_f,POINT (-71.0093681542541 42.09961075510604),81.63827843231546,81.8,1.5008097576731532,75.2,85.8,10.599999999999994,81.0,82.6,1.5999999999999943,[84.4 84.5 84.7 ... 82.8 82.9 82.9],"      temp_f    rh  hi_f                    geometry
0       84.4  45.1  84.6   POINT (-71.0191 42.08305)
1       84.5  45.0  84.7   POINT (-71.01924 42.0831)
2       84.7  44.9  84.9  POINT (-71.01938 42.08315)
3       85.4  43.6  85.5  POINT (-71.01968 42.08322)
4       85.1  44.0  85.2   POINT (-71.0198 42.08333)
...      ...   ...   ...                         ...
8313    83.1  57.8  85.6  POINT (-71.02147 42.10122)
8314    82.7  59.4  85.4  POINT (-71.02276 42.10274)
8315    82.8  59.2  85.5  POINT (-71.02282 42.10283)
8316    82.9  59.1  85.5  POINT (-71.02286 42.10289)
8317    82.9  59.0  85.6  POINT (-71.02287 42.10291)

[8318 rows x 4 columns]"
35,"Bronx and Manhattan, NY",af,af_trav.shp,"/groups/LORTIZUR/heat-watch-data/clean/Heat Watch Bronx and Manhattan, NY/traverses_chw_bronx_manhattan_010522/af_trav.shp",12309,12309,temp_f,POINT (-73.93400201007975 40.80873162537007),83.19025834755057,83.21,1.3510466233657463,79.54,87.02,7.47999999999999,82.25,84.12,1.8700000000000045,[86.07 85.71 85.71 ... 81.62 81.63 81.81],"                  datetime  temp_f    rh   hi_f  \
0      2021-07-24 15:05:32   86.07  30.6  84.11   
1      2021-07-24 15:05:33   85.71  30.6  83.77   
2      2021-07-24 15:05:34   85.71  30.6  83.77   
3      2021-07-24 15:05:35   85.17  31.6  83.40   
4      2021-07-24 15:05:36   85.17  31.6  83.40   
...                    ...     ...   ...    ...   
12304  2021-07-24 15:59:54   80.90  41.6  80.58   
12305  2021-07-24 15:59:55   80.90  41.6  80.58   
12306  2021-07-24 15:59:57   81.62  41.6  81.16   
12307  2021-07-24 15:59:58   81.63  41.6  81.16   
12308  2021-07-24 15:59:59   81.81  41.6  81.30   

                                    file   kmph trav_id  \
0           1023_240721_190303.000_0.csv  10.27      af   
1           1023_240721_190303.000_0.csv  14.73      af   
2           1023_240721_190303.000_0.csv  14.73      af   
3           1023_240721_190303.000_0.csv  22.08      af   
4           1023_240721_190303.000_0.csv  24.28      af   
...                                  ...    ...     ...   
12304  CAPA1037B_240721_192831.085_0.csv  10.14      af   
12305  CAPA1037B_240721_192831.085_0.csv  10.63      af   
12306  CAPA1037B_240721_192831.085_0.csv   8.62      af   
12307  CAPA1037B_240721_192831.085_0.csv   8.62      af   
12308  CAPA1037B_240721_192831.085_0.csv   8.60      af   

                         geometry  
0      POINT (-73.90916 40.81314)  
1      POINT (-73.90917 40.81311)  
2      POINT (-73.90919 40.81304)  
3      POINT (-73.90922 40.81298)  
4      POINT (-73.90924 40.81291)  
...                           ...  
12304  POINT (-73.95705 40.79033)  
12305  POINT (-73.95706 40.79031)  
12306  POINT (-73.95709 40.79027)  
12307  POINT (-73.95711 40.79025)  
12308  POINT (-73.95713 40.79024)  

[12309 rows x 8 columns]"
36,"Bronx and Manhattan, NY",am,am_trav.shp,"/groups/LORTIZUR/heat-watch-data/clean/Heat Watch Bronx and Manhattan, NY/traverses_chw_bronx_manhattan_010522/am_trav.shp",14942,14942,temp_f,POINT (-73.93197438913487 40.812530604034976),70.95773122741265,71.06,1.4101493186292353,67.02,74.34,7.320000000000007,70.21,71.89,1.6800000000000068,[73.01 73.01 73.01 ... 70.57 70.93 71.11],"                  datetime  temp_f    rh   hi_f                          file  \
0      2021-07-24 06:01:34   73.01  68.6  72.40  1023_240721_100126.000_0.csv   
1      2021-07-24 06:01:35   73.01  68.6  72.40  1023_240721_100126.000_0.csv   
2      2021-07-24 06:01:36   73.01  68.6  72.40  1023_240721_100126.000_0.csv   
3      2021-07-24 06:01:37   73.01  68.6  72.40  1023_240721_100126.000_0.csv   
4      2021-07-24 06:01:38   73.01  69.6  72.44  1023_240721_100126.000_0.csv   
...                    ...     ...   ...    ...                           ...   
14937  2021-07-24 06:49:31   70.57  93.0  72.24  1059_240721_094025.091_0.csv   
14938  2021-07-24 06:49:32   70.57  93.0  72.24  1059_240721_094025.091_0.csv   
14939  2021-07-24 06:49:32   70.57  93.0  72.24  1059_240721_094025.091_0.csv   
14940  2021-07-24 06:49:38   70.93  93.0  72.63  1059_240721_094025.091_0.csv   
14941  2021-07-24 06:49:38   71.11  93.0  72.83  1059_240721_094025.091_0.csv   

        kmph trav_id                    geometry  
0      10.68      am  POINT (-73.91279 40.81414)  
1      15.27      am  POINT (-73.91275 40.81414)  
2      21.32      am  POINT (-73.91267 40.81415)  
3      25.25      am  POINT (-73.91262 40.81414)  
4      25.25      am  POINT (-73.91253 40.81413)  
...      ...     ...                         ...  
14937  25.53      am  POINT (-73.89413 40.82954)  
14938  27.63      am  POINT (-73.89419 40.82947)  
14939  27.63      am  POINT (-73.89419 40.82947)  
14940  22.66      am  POINT (-73.89419 40.82947)  
14941  22.66      am  POINT (-73.89419 40.82947)  

[14942 rows x 8 columns]"
37,"Bronx and Manhattan, NY",pm,pm_trav.shp,"/groups/LORTIZUR/heat-watch-data/clean/Heat Watch Bronx and Manhattan, NY/traverses_chw_bronx_manhattan_010522/pm_trav.shp",15135,15135,temp_f,POINT (-73.93405854380502 40.80149234609171),78.79983085563264,78.89,1.1097011078933032,75.68,81.88,6.199999999999989,78.01,79.56,1.5499999999999972,[79.64 79.46 79.47 ... 78.13 78.13 78.13],"                  datetime  temp_f    rh   hi_f  \
0      2021-07-24 19:05:27   79.64  48.6  80.82   
1      2021-07-24 19:05:45   79.46  48.6  79.97   
2      2021-07-24 19:05:46   79.47  48.6  79.97   
3      2021-07-24 19:05:47   79.65  49.6  80.91   
4      2021-07-24 19:05:48   79.65  49.6  80.91   
...                    ...     ...   ...    ...   
15130  2021-07-24 19:59:55   78.13  43.6  76.96   
15131  2021-07-24 19:59:56   78.13  43.6  76.96   
15132  2021-07-24 19:59:57   78.13  43.6  76.96   
15133  2021-07-24 19:59:58   78.13  43.6  76.96   
15134  2021-07-24 19:59:59   78.13  43.6  76.96   

                                    file   kmph trav_id  \
0             1023_2.50_230402.000_0.csv   8.42      pm   
1             1023_2.50_230402.000_0.csv   9.81      pm   
2             1023_2.50_230402.000_0.csv   8.73      pm   
3             1023_2.50_230402.000_0.csv  10.63      pm   
4             1023_2.50_230402.000_0.csv   8.81      pm   
...                                  ...    ...     ...   
15130  CAPA1037B_240721_225203.000_0.csv  13.81      pm   
15131  CAPA1037B_240721_225203.000_0.csv  13.81      pm   
15132  CAPA1037B_240721_225203.000_0.csv  14.85      pm   
15133  CAPA1037B_240721_225203.000_0.csv  16.72      pm   
15134  CAPA1037B_240721_225203.000_0.csv  16.34      pm   

                         geometry  
0      POINT (-73.78198 40.64484)  
1      POINT (-73.78187 40.64491)  
2      POINT (-73.78184 40.64491)  
3       POINT (-73.7818 40.64492)  
4      POINT (-73.78177 40.64493)  
...                           ...  
15130  POINT (-73.95876 40.78436)  
15131  POINT (-73.95873 40.78439)  
15132   POINT (-73.9587 40.78442)  
15133  POINT (-73.95868 40.78446)  
15134   POINT (-73.95866 40.7845)  

[15135 rows x 8 columns]"
38,"Brooklyn, NY",af,af_trav.shp,"/groups/LORTIZUR/heat-watch-data/clean/Heat Watch Brooklyn, NY/traverses_chw_brooklyn_092922/af_trav.shp",15105,15105,temp_f,POINT (-73.96189432303973 40.67507432772191),90.05407480966566,90.1,1.3946920632782727,85.4,95.4,10.0,89.1,91.0,1.9000000000000057,[91.6 91.6 89.1 ... 88.4 88.4 88.4],"       temp_f    rh  hi_f                    geometry
0        91.6   0.0   0.0     POINT (-73.99 40.74177)
1        91.6   0.0   0.0  POINT (-73.99007 40.74178)
2        89.1   0.0   0.0   POINT (-73.99498 40.7439)
3        91.2   0.0   0.0  POINT (-73.99785 40.74511)
4        91.2   0.0   0.0  POINT (-73.99786 40.74512)
...       ...   ...   ...                         ...
15100    88.7  35.4  88.1   POINT (-73.93994 40.7089)
15101    88.4  36.4  87.9  POINT (-73.93994 40.70887)
15102    88.4  36.4  87.9  POINT (-73.93993 40.70883)
15103    88.4  37.4  88.2   POINT (-73.93993 40.7088)
15104    88.4  37.4  88.2  POINT (-73.93992 40.70876)

[15105 rows x 4 columns]"
39,"Brooklyn, NY",am,am_trav.shp,"/groups/LORTIZUR/heat-watch-data/clean/Heat Watch Brooklyn, NY/traverses_chw_brooklyn_092922/am_trav.shp",16767,16767,temp_f,POINT (-73.96279933968077 40.67554823975014),77.63599332021232,77.7,0.7275823239507648,73.9,80.4,6.5,77.3,78.1,0.7999999999999972,[77.8 77.8 77.8 ... 78.3 78.1 78.1],"       temp_f    rh  hi_f                    geometry
0        77.8   0.0   0.0  POINT (-73.88618 40.68401)
1        77.8   0.0   0.0   POINT (-73.8862 40.68401)
2        77.8   0.0   0.0  POINT (-73.88623 40.68401)
3        77.8   0.0   0.0  POINT (-73.88626 40.68401)
4        77.2   0.0   0.0  POINT (-73.88629 40.68402)
...       ...   ...   ...                         ...
16762    77.9  64.5  78.7  POINT (-73.98766 40.74074)
16763    78.3  66.5  79.2  POINT (-73.98769 40.74075)
16764    78.3  66.5  79.2  POINT (-73.98773 40.74077)
16765    78.1  66.5  79.0  POINT (-73.98778 40.74079)
16766    78.1  66.5  79.0  POINT (-73.98783 40.74081)

[16767 rows x 4 columns]"
40,"Brooklyn, NY",pm,pm_trav.shp,"/groups/LORTIZUR/heat-watch-data/clean/Heat Watch Brooklyn, NY/traverses_chw_brooklyn_092922/pm_trav.shp",9219,9219,temp_f,POINT (-73.95358525199015 40.68794963434486),87.78699425100335,87.7,0.9017820283357154,85.0,91.0,6.0,87.2,88.4,1.2000000000000028,[87.6 87.6 87.2 ... 87.3 87.3 87.1],"      temp_f    rh  hi_f                    geometry
0       87.6   0.0   0.0   POINT (-73.9428 40.64473)
1       87.6   0.0   0.0  POINT (-73.94283 40.64473)
2       87.2   0.0   0.0   POINT (-73.9438 40.64365)
3       87.2   0.0   0.0  POINT (-73.94383 40.64365)
4       87.7   0.0   0.0  POINT (-73.95418 40.63843)
...      ...   ...   ...                         ...
9214    86.4  31.2  84.1  POINT (-73.97802 40.71507)
9215    86.4  31.2  84.1  POINT (-73.97795 40.71503)
9216    87.3  31.2  85.0  POINT (-73.97789 40.71496)
9217    87.3  31.2  85.0  POINT (-73.97782 40.71495)
9218    87.1  31.2  84.8  POINT (-73.97775 40.71493)

[9219 rows x 4 columns]"
41,"Buffalo and Erie County, NY",af,af_trav.shp,"/groups/LORTIZUR/heat-watch-data/clean/Heat Watch Buffalo and Erie County, NY/traverses_chw_buffalo_00925/af_trav.shp",19363,19363,temp_f,POINT (-78.8210666109927 42.88418730931732),87.61808087589732,87.7,1.5629023761871765,81.9,92.7,10.799999999999997,86.5,88.8,2.299999999999997,[88.4 88.6 88.4 ... 86.5 86.6 86.6],"       temp_f    rh  hi_f                    geometry
0        88.4  40.6  88.6   POINT (-78.85879 42.9021)
1        88.6  39.7  88.6  POINT (-78.81373 42.91181)
2        88.4  40.8  88.7   POINT (-78.8587 42.90209)
3        88.6  40.2  88.8  POINT (-78.81373 42.91169)
4        88.4  40.9  88.7   POINT (-78.8586 42.90209)
...       ...   ...   ...                         ...
19358    86.6  44.8  87.3   POINT (-78.84588 42.8158)
19359    86.6  44.9  87.3  POINT (-78.84592 42.81587)
19360    86.5  45.1  87.3  POINT (-78.84595 42.81594)
19361    86.6  45.2  87.4    POINT (-78.84599 42.816)
19362    86.6  45.2  87.4  POINT (-78.84604 42.81608)

[19363 rows x 4 columns]"
42,"Buffalo and Erie County, NY",am,am_trav.shp,"/groups/LORTIZUR/heat-watch-data/clean/Heat Watch Buffalo and Erie County, NY/traverses_chw_buffalo_00925/am_trav.shp",19599,19599,temp_f,POINT (-78.82467725781277 42.885495258297794),71.46495229348437,71.8,2.2531833780201276,60.4,74.8,14.399999999999999,70.9,72.9,2.0,[74.5 74.5 74.5 ... 71.1 71.1 71.1],"       temp_f    rh  hi_f                    geometry
0        74.5  55.4  74.3  POINT (-78.85394 42.91241)
1        74.5  55.3  74.2   POINT (-78.85394 42.9125)
2        74.5  55.3  74.2   POINT (-78.85394 42.9126)
3        74.5  55.3  74.2   POINT (-78.85394 42.9127)
4        74.6  55.3  74.4  POINT (-78.85394 42.91281)
...       ...   ...   ...                         ...
19594    71.2  59.1  70.8  POINT (-78.80221 42.86251)
19595    71.2  59.0  70.8  POINT (-78.80222 42.86257)
19596    71.1  59.7  70.7  POINT (-78.80239 42.86268)
19597    71.1  60.6  70.8  POINT (-78.80249 42.86269)
19598    71.1  60.6  70.8  POINT (-78.80258 42.86275)

[19599 rows x 4 columns]"
43,"Buffalo and Erie County, NY",pm,pm_trav.shp,"/groups/LORTIZUR/heat-watch-data/clean/Heat Watch Buffalo and Erie County, NY/traverses_chw_buffalo_00925/pm_trav.shp",19455,19455,temp_f,POINT (-78.82013409068335 42.88798506401871),85.51145720894371,85.6,1.4881448106768398,80.0,89.4,9.400000000000006,84.4,86.8,2.3999999999999915,[83.9 83.8 83.7 ... 86.7 86.7 86.8],"       temp_f    rh  hi_f                    geometry
0        83.9  55.7  86.3  POINT (-78.84506 42.81621)
1        83.8  55.9  86.2  POINT (-78.84505 42.81614)
2        83.7  56.1  86.1  POINT (-78.84504 42.81603)
3        87.1  39.7  86.7    POINT (-78.82909 42.923)
4        87.0  39.8  86.6  POINT (-78.82908 42.92312)
...       ...   ...   ...                         ...
19450    86.7  43.2  87.0  POINT (-78.85347 42.92593)
19451    86.7  43.1  87.0  POINT (-78.85352 42.92588)
19452    86.7  43.0  87.0  POINT (-78.85357 42.92584)
19453    86.7  42.9  87.0  POINT (-78.85363 42.92579)
19454    86.8  44.3  87.5    POINT (-78.854 42.92579)

[19455 rows x 4 columns]"
44,"Burlington, VT",af,af_trav.shp,"/groups/LORTIZUR/heat-watch-data/clean/Heat Watch Burlington, VT/traverses_chw_burlington_101620/af_trav.shp",16136,16136,temp_f,POINT (-73.17565267266245 44.48091841916483),85.22678978681209,85.28,1.0066275454728595,79.88,89.42,9.540000000000006,84.56,85.82,1.259999999999991,[85.82 85.82 85.82 ... 83.48 83.66 83.66],"       hasFix stlltsU    date        time altitud  course  spdKmhr  spdKnts  \
0           1       8  100820  190105.000   129.4    7.01    43.11    23.26   
1           1       8  100820  190106.000   129.8    6.57    45.22    24.40   
2           1       8  100820  190107.000   130.1    5.64    45.90    24.77   
3           1       8  100820  190108.000   130.3    5.92    47.28    25.52   
4           1       7  100820  190109.000   130.5    5.92    47.28    25.52   
...       ...     ...     ...         ...     ...     ...      ...      ...   
16131       1       8  100820      195945   132.2  158.21    25.65    13.84   
16132       1       8  100820      195946   131.1  161.15    24.66    13.31   
16133       1       8  100820      195947   130.2  161.15    24.66    13.31   
16134       1       8  100820      195948   129.4  170.25     9.94     5.36   
16135       1       8  100820      200000   125.6  217.11    20.23    10.92   

      RMCMode RMCStts  ...                              file     dat_cln  \
0           D       A  ...  CAPA1029_100820_185331.303_0.csv  2020-08-10   
1           D       A  ...  CAPA1029_100820_185331.303_0.csv  2020-08-10   
2           D       A  ...  CAPA1029_100820_185331.303_0.csv  2020-08-10   
3           D       A  ...  CAPA1029_100820_185331.303_0.csv  2020-08-10   
4           D       A  ...  CAPA1029_100820_185331.303_0.csv  2020-08-10   
...       ...     ...  ...                               ...         ...   
16131       D       A  ...          CAPA1034_100820_18_0.csv  2020-08-10   
16132       D       A  ...          CAPA1034_100820_18_0.csv  2020-08-10   
16133       D       A  ...          CAPA1034_100820_18_0.csv  2020-08-10   
16134       D       A  ...          CAPA1034_100820_18_0.csv  2020-08-10   
16135       D       A  ...          CAPA1034_100820_18_0.csv  2020-08-10   

                   dttm_tc              dttm_lc                tz     date_lc  \
0      2020-08-10 19:01:00  2020-08-10 15:01:00  America/New_York  2020-08-10   
1      2020-08-10 19:01:00  2020-08-10 15:01:00  America/New_York  2020-08-10   
2      2020-08-10 19:01:00  2020-08-10 15:01:00  America/New_York  2020-08-10   
3      2020-08-10 19:01:00  2020-08-10 15:01:00  America/New_York  2020-08-10   
4      2020-08-10 19:01:00  2020-08-10 15:01:00  America/New_York  2020-08-10   
...                    ...                  ...               ...         ...   
16131  2020-08-10 19:59:45  2020-08-10 15:59:45  America/New_York  2020-08-10   
16132  2020-08-10 19:59:46  2020-08-10 15:59:46  America/New_York  2020-08-10   
16133  2020-08-10 19:59:47  2020-08-10 15:59:47  America/New_York  2020-08-10   
16134  2020-08-10 19:59:48  2020-08-10 15:59:48  America/New_York  2020-08-10   
16135  2020-08-10 20:00:00  2020-08-10 16:00:00  America/New_York  2020-08-10   

                   strt_tm              end_tim  trav_id  \
0      2020-08-10 15:00:00  2020-08-10 16:00:00       af   
1      2020-08-10 15:00:00  2020-08-10 16:00:00       af   
2      2020-08-10 15:00:00  2020-08-10 16:00:00       af   
3      2020-08-10 15:00:00  2020-08-10 16:00:00       af   
4      2020-08-10 15:00:00  2020-08-10 16:00:00       af   
...                    ...                  ...      ...   
16131  2020-08-10 15:00:00  2020-08-10 16:00:00       af   
16132  2020-08-10 15:00:00  2020-08-10 16:00:00       af   
16133  2020-08-10 15:00:00  2020-08-10 16:00:00       af   
16134  2020-08-10 15:00:00  2020-08-10 16:00:00       af   
16135  2020-08-10 15:00:00  2020-08-10 16:00:00       af   

                         geometry  
0      POINT (-73.19584 44.42132)  
1      POINT (-73.19582 44.42144)  
2       POINT (-73.1958 44.42155)  
3      POINT (-73.19578 44.42166)  
4      POINT (-73.19576 44.42178)  
...                           ...  
16131  POINT (-73.07539 44.48606)  
16132    POINT (-73.07536 44.486)  
16133  POINT (-73.07534 44.48594)  
16134  POINT (-73.07533 44.48592)  
16135  POINT (-73.07539 44.48577)  

[16136 rows x 29 columns]"
45,"Burlington, VT",am,am_trav.shp,"/groups/LORTIZUR/heat-watch-data/clean/Heat Watch Burlington, VT/traverses_chw_burlington_101620/am_trav.shp",18877,18877,temp_f,POINT (-73.17419447541612 44.484142594188505),67.38827461990782,67.46000000000001,0.733626690644037,65.30000000000001,70.7,5.3999999999999915,66.92,68.0,1.0799999999999983,[66.38 66.38 66.38 ... 67.64 67.64 67.64],"       hasFix stlltsU    date        time altitud  course  spdKmhr  spdKnts  \
0           1      11  100820  100129.000     119    7.93    42.42    22.89   
1           1      11  100820  100130.000   119.1    7.93    42.42    22.89   
2           1      11  100820  100131.000   119.2    6.49    46.31    24.99   
3           1      11  100820  100132.000   119.2    6.48    47.03    25.38   
4           1      11  100820  100133.000   119.3    7.63    47.11    25.42   
...       ...     ...     ...         ...     ...     ...      ...      ...   
18872       1       9  100820      104519    72.6    4.66    22.17    11.97   
18873       1       9  100820      104520    72.3  359.61    20.16    10.88   
18874       1       9  100820      104521      72  359.61    20.16    10.88   
18875       1       9  100820      104522    71.7  334.36    14.69     7.93   
18876       1       9  100820      104523    71.8  304.38    11.78     6.35   

      RMCMode RMCStts  ...                              file     dat_cln  \
0           D       A  ...  CAPA1029_100820_095401.302_0.csv  2020-08-10   
1           D       A  ...  CAPA1029_100820_095401.302_0.csv  2020-08-10   
2           D       A  ...  CAPA1029_100820_095401.302_0.csv  2020-08-10   
3           D       A  ...  CAPA1029_100820_095401.302_0.csv  2020-08-10   
4           D       A  ...  CAPA1029_100820_095401.302_0.csv  2020-08-10   
...       ...     ...  ...                               ...         ...   
18872       D       A  ...  CAPA1030_050180_095430.093_0.csv  2020-08-10   
18873       D       A  ...  CAPA1030_050180_095430.093_0.csv  2020-08-10   
18874       D       A  ...  CAPA1030_050180_095430.093_0.csv  2020-08-10   
18875       D       A  ...  CAPA1030_050180_095430.093_0.csv  2020-08-10   
18876       D       A  ...  CAPA1030_050180_095430.093_0.csv  2020-08-10   

                   dttm_tc              dttm_lc                tz     date_lc  \
0      2020-08-10 10:01:00  2020-08-10 06:01:00  America/New_York  2020-08-10   
1      2020-08-10 10:01:00  2020-08-10 06:01:00  America/New_York  2020-08-10   
2      2020-08-10 10:01:00  2020-08-10 06:01:00  America/New_York  2020-08-10   
3      2020-08-10 10:01:00  2020-08-10 06:01:00  America/New_York  2020-08-10   
4      2020-08-10 10:01:00  2020-08-10 06:01:00  America/New_York  2020-08-10   
...                    ...                  ...               ...         ...   
18872  2020-08-10 10:45:19  2020-08-10 06:45:19  America/New_York  2020-08-10   
18873  2020-08-10 10:45:20  2020-08-10 06:45:20  America/New_York  2020-08-10   
18874  2020-08-10 10:45:21  2020-08-10 06:45:21  America/New_York  2020-08-10   
18875  2020-08-10 10:45:22  2020-08-10 06:45:22  America/New_York  2020-08-10   
18876  2020-08-10 10:45:23  2020-08-10 06:45:23  America/New_York  2020-08-10   

                   strt_tm              end_tim  trav_id  \
0      2020-08-10 06:00:00  2020-08-10 07:00:00       am   
1      2020-08-10 06:00:00  2020-08-10 07:00:00       am   
2      2020-08-10 06:00:00  2020-08-10 07:00:00       am   
3      2020-08-10 06:00:00  2020-08-10 07:00:00       am   
4      2020-08-10 06:00:00  2020-08-10 07:00:00       am   
...                    ...                  ...      ...   
18872  2020-08-10 06:00:00  2020-08-10 07:00:00       am   
18873  2020-08-10 06:00:00  2020-08-10 07:00:00       am   
18874  2020-08-10 06:00:00  2020-08-10 07:00:00       am   
18875  2020-08-10 06:00:00  2020-08-10 07:00:00       am   
18876  2020-08-10 06:00:00  2020-08-10 07:00:00       am   

                         geometry  
0       POINT (-73.19581 44.4213)  
1       POINT (-73.19579 44.4214)  
2      POINT (-73.19577 44.42152)  
3      POINT (-73.19575 44.42163)  
4      POINT (-73.19573 44.42175)  
...                           ...  
18872  POINT (-73.20813 44.45493)  
18873  POINT (-73.20813 44.45498)  
18874  POINT (-73.20814 44.45503)  
18875  POINT (-73.20815 44.45507)  
18876  POINT (-73.20818 44.45509)  

[18877 rows x 29 columns]"
46,"Burlington, VT",pm,pm_trav.shp,"/groups/LORTIZUR/heat-watch-data/clean/Heat Watch Burlington, VT/traverses_chw_burlington_101620/pm_trav.shp",16897,16897,temp_f,POINT (-73.16649044961652 44.472365696124655),77.50343966384565,77.72,1.8221571853481997,73.4,82.58000000000001,9.180000000000007,75.74000000000001,78.98,3.239999999999995,[78.62 78.62 78.62 ... 77.72 77.72 77.72],"       hasFix stlltsU    date        time altitud  course  spdKmhr  spdKnts  \
0           1       9  100820  230017.000   125.6  353.00    10.27     5.54   
1           1       9  100820  230018.000   125.6  353.00    10.27     5.54   
2           1       9  100820  230019.000   125.6  350.10     8.51     4.59   
3           1       9  100820  230022.000   125.6  352.08     9.35     5.04   
4           1       9  100820  230023.000   125.5  352.08     9.35     5.04   
...       ...     ...     ...         ...     ...     ...      ...      ...   
16892       1       8  100820  234611.000   160.6  292.71    16.86     9.10   
16893       1       8  100820  234612.000   160.5  306.43     9.69     5.23   
16894       1       8  100820  234614.000   160.4   12.35    12.12     6.54   
16895       1       8  100820  234615.000   160.6   15.96     9.25     4.99   
16896       1       8  100820  234616.000   160.9   15.96     9.25     4.99   

      RMCMode RMCStts  ...                              file     dat_cln  \
0           D       A  ...  CAPA1029_100820_224750.000_0.csv  2020-08-10   
1           D       A  ...  CAPA1029_100820_224750.000_0.csv  2020-08-10   
2           D       A  ...  CAPA1029_100820_224750.000_0.csv  2020-08-10   
3           D       A  ...  CAPA1029_100820_224750.000_0.csv  2020-08-10   
4           D       A  ...  CAPA1029_100820_224750.000_0.csv  2020-08-10   
...       ...     ...  ...                               ...         ...   
16892       D       A  ...  CAPA1035_100820_225051.000_0.csv  2020-08-10   
16893       D       A  ...  CAPA1035_100820_225051.000_0.csv  2020-08-10   
16894       D       A  ...  CAPA1035_100820_225051.000_0.csv  2020-08-10   
16895       D       A  ...  CAPA1035_100820_225051.000_0.csv  2020-08-10   
16896       D       A  ...  CAPA1035_100820_225051.000_0.csv  2020-08-10   

                   dttm_tc              dttm_lc                tz     date_lc  \
0      2020-08-10 23:00:00  2020-08-10 19:00:00  America/New_York  2020-08-10   
1      2020-08-10 23:00:00  2020-08-10 19:00:00  America/New_York  2020-08-10   
2      2020-08-10 23:00:00  2020-08-10 19:00:00  America/New_York  2020-08-10   
3      2020-08-10 23:00:00  2020-08-10 19:00:00  America/New_York  2020-08-10   
4      2020-08-10 23:00:00  2020-08-10 19:00:00  America/New_York  2020-08-10   
...                    ...                  ...               ...         ...   
16892  2020-08-10 23:46:00  2020-08-10 19:46:00  America/New_York  2020-08-10   
16893  2020-08-10 23:46:00  2020-08-10 19:46:00  America/New_York  2020-08-10   
16894  2020-08-10 23:46:00  2020-08-10 19:46:00  America/New_York  2020-08-10   
16895  2020-08-10 23:46:00  2020-08-10 19:46:00  America/New_York  2020-08-10   
16896  2020-08-10 23:46:00  2020-08-10 19:46:00  America/New_York  2020-08-10   

                   strt_tm              end_tim  trav_id  \
0      2020-08-10 19:00:00  2020-08-10 20:00:00       pm   
1      2020-08-10 19:00:00  2020-08-10 20:00:00       pm   
2      2020-08-10 19:00:00  2020-08-10 20:00:00       pm   
3      2020-08-10 19:00:00  2020-08-10 20:00:00       pm   
4      2020-08-10 19:00:00  2020-08-10 20:00:00       pm   
...                    ...                  ...      ...   
16892  2020-08-10 19:00:00  2020-08-10 20:00:00       pm   
16893  2020-08-10 19:00:00  2020-08-10 20:00:00       pm   
16894  2020-08-10 19:00:00  2020-08-10 20:00:00       pm   
16895  2020-08-10 19:00:00  2020-08-10 20:00:00       pm   
16896  2020-08-10 19:00:00  2020-08-10 20:00:00       pm   

                         geometry  
0       POINT (-73.1937 44.41982)  
1       POINT (-73.1937 44.41984)  
2      POINT (-73.19369 44.41987)  
3      POINT (-73.19369 44.41992)  
4       POINT (-73.1937 44.41995)  
...                           ...  
16892  POINT (-73.07433 44.43969)  
16893  POINT (-73.07436 44.43971)  
16894  POINT (-73.07436 44.43978)  
16895   POINT (-73.07434 44.4398)  
16896  POINT (-73.07433 44.43981)  

[16897 rows x 29 columns]"
47,"Charleston, SC",af,af_trav.shp,"/groups/LORTIZUR/heat-watch-data/clean/Heat Watch Charleston, SC/traverses_chw_charleston_111821/af_trav.shp",18957,18957,temp_f,POINT (-79.99344007641753 32.79678394166139),91.83155193332279,91.89,1.4507942200283,87.35,95.93,8.580000000000013,90.91,92.8,1.8900000000000006,[94.64 94.64 94.46 ... 87.45 87.81 87.81],"                  datetime  temp_f    hi_f    rh  \
0      2021-07-31 15:01:03   94.64  111.63  57.8   
1      2021-07-31 15:01:04   94.64  111.63  57.8   
2      2021-07-31 15:01:05   94.46  111.11  57.8   
3      2021-07-31 15:01:06   94.47  111.11  57.8   
4      2021-07-31 15:01:07   94.47  111.11  57.8   
...                    ...     ...     ...   ...   
18952  2021-07-31 15:17:32   87.99  116.08  92.6   
18953  2021-07-31 15:17:34   87.45  113.73  92.6   
18954  2021-07-31 15:17:35   87.45  113.73  92.6   
18955  2021-07-31 15:17:38   87.81  115.29  92.6   
18956  2021-07-31 15:17:39   87.81  115.29  92.6   

                                       file   kmph trav_id  \
0              1029_310721_185329.000_0.csv  16.94      af   
1              1029_310721_185329.000_0.csv  24.46      af   
2              1029_310721_185329.000_0.csv  24.46      af   
3              1029_310721_185329.000_0.csv  30.86      af   
4              1029_310721_185329.000_0.csv  35.69      af   
...                                     ...    ...     ...   
18952  cleaned_1114_310721_094952.000_0.csv  39.94      af   
18953  cleaned_1114_310721_094952.000_0.csv  48.39      af   
18954  cleaned_1114_310721_094952.000_0.csv  48.39      af   
18955  cleaned_1114_310721_094952.000_0.csv  48.01      af   
18956  cleaned_1114_310721_094952.000_0.csv  48.79      af   

                         geometry  
0      POINT (-79.97559 32.76262)  
1      POINT (-79.97564 32.76266)  
2      POINT (-79.97571 32.76269)  
3      POINT (-79.97579 32.76272)  
4      POINT (-79.97589 32.76274)  
...                           ...  
18952   POINT (-80.0702 32.76726)  
18953  POINT (-80.06995 32.76717)  
18954  POINT (-80.06982 32.76712)  
18955  POINT (-80.06943 32.76698)  
18956  POINT (-80.06929 32.76693)  

[18957 rows x 8 columns]"
48,"Charleston, SC",am,am_trav.shp,"/groups/LORTIZUR/heat-watch-data/clean/Heat Watch Charleston, SC/traverses_chw_charleston_111821/am_trav.shp",23401,23401,temp_f,POINT (-79.9910422730529 32.803882847150476),81.94088030426052,81.98,0.8085118379255923,79.7,84.17,4.469999999999999,81.48,82.51,1.0300000000000011,[83.03 82.67 82.67 ... 79.78 79.79 79.79],"                  datetime  temp_f   hi_f    rh  \
0      2021-07-31 06:00:01   83.03  95.86  90.8   
1      2021-07-31 06:00:02   82.67  94.65  90.8   
2      2021-07-31 06:00:03   82.67  94.65  90.8   
3      2021-07-31 06:00:04   82.67  94.65  90.8   
4      2021-07-31 06:00:05   82.67  94.65  90.8   
...                    ...     ...    ...   ...   
23396  2021-07-31 06:59:28   79.78  81.56  92.6   
23397  2021-07-31 06:59:29   79.78  81.56  92.6   
23398  2021-07-31 06:59:30   79.78  81.56  92.6   
23399  2021-07-31 06:59:36   79.79  81.56  92.6   
23400  2021-07-31 06:59:38   79.79  81.56  92.6   

                                       file   kmph trav_id  value  \
0              1029_310721_095033.000_0.csv  17.65      am      1   
1              1029_310721_095033.000_0.csv  17.65      am      2   
2              1029_310721_095033.000_0.csv  16.72      am      3   
3              1029_310721_095033.000_0.csv  16.83      am      4   
4              1029_310721_095033.000_0.csv  17.70      am      5   
...                                     ...    ...     ...    ...   
23396  cleaned_1114_310721_094952.000_0.csv  35.95      am  23397   
23397  cleaned_1114_310721_094952.000_0.csv  34.93      am  23398   
23398  cleaned_1114_310721_094952.000_0.csv  34.93      am  23399   
23399  cleaned_1114_310721_094952.000_0.csv  19.93      am  23400   
23400  cleaned_1114_310721_094952.000_0.csv  12.09      am  23401   

                         geometry  
0        POINT (-79.976 32.76235)  
1      POINT (-79.97596 32.76234)  
2      POINT (-79.97591 32.76232)  
3       POINT (-79.97587 32.7623)  
4      POINT (-79.97584 32.76226)  
...                           ...  
23396  POINT (-80.07073 32.71767)  
23397  POINT (-80.07083 32.71771)  
23398  POINT (-80.07093 32.71775)  
23399  POINT (-80.07132 32.71794)  
23400  POINT (-80.07136 32.71796)  

[23401 rows x 9 columns]"
49,"Charleston, SC",pm,pm_trav.shp,"/groups/LORTIZUR/heat-watch-data/clean/Heat Watch Charleston, SC/traverses_chw_charleston_111821/pm_trav.shp",15590,15590,temp_f,POINT (-80.00568910640277 32.8198187167023),79.71487876844131,79.61,2.1019731608072068,74.08,85.85,11.769999999999996,78.07,81.25,3.180000000000007,[83.85 83.49 83.49 ... 79.51 79.51 79.51],"                  datetime  temp_f   hi_f    rh  \
0      2021-07-31 19:38:22   83.85  97.90  89.8   
1      2021-07-31 19:38:26   83.49  97.08  90.8   
2      2021-07-31 19:38:27   83.49  97.08  90.8   
3      2021-07-31 19:38:28   84.03  98.97  90.8   
4      2021-07-31 19:38:29   84.03  98.97  90.8   
...                    ...     ...    ...   ...   
15585  2021-07-31 19:42:56   79.33  81.92  98.6   
15586  2021-07-31 19:42:57   79.33  81.92  98.6   
15587  2021-07-31 19:42:58   79.51  82.12  98.6   
15588  2021-07-31 19:43:00   79.51  82.12  98.6   
15589  2021-07-31 19:43:01   79.51  82.12  98.6   

                                       file   kmph trav_id  value  \
0              1029_310721_233801.092_0.csv   9.20      pm      1   
1              1029_310721_233801.092_0.csv  15.70      pm      2   
2              1029_310721_233801.092_0.csv  16.45      pm      3   
3              1029_310721_233801.092_0.csv  18.20      pm      4   
4              1029_310721_233801.092_0.csv  18.20      pm      5   
...                                     ...    ...     ...    ...   
15585  cleaned_1115_310721_225531.093_0.csv  14.90      pm  15586   
15586  cleaned_1115_310721_225531.093_0.csv  14.90      pm  15587   
15587  cleaned_1115_310721_225531.093_0.csv  16.85      pm  15588   
15588  cleaned_1115_310721_225531.093_0.csv  15.76      pm  15589   
15589  cleaned_1115_310721_225531.093_0.csv  12.88      pm  15590   

                         geometry  
0       POINT (-79.9763 32.76224)  
1      POINT (-79.97608 32.76227)  
2      POINT (-79.97601 32.76229)  
3       POINT (-79.97597 32.7623)  
4      POINT (-79.97589 32.76231)  
...                           ...  
15585  POINT (-79.82746 32.92207)  
15586  POINT (-79.82743 32.92204)  
15587     POINT (-79.8274 32.922)  
15588  POINT (-79.82735 32.92194)  
15589  POINT (-79.82733 32.92192)  

[15590 rows x 9 columns]"
50,"Charlotte, NC",af,af_trav.shp,"/groups/LORTIZUR/heat-watch-data/clean/Heat Watch Charlotte, NC/traverses_chw_charlotte_082324/af_trav.shp",23558,23558,temp_f,POINT (-80.83297684521268 35.22984435298902),94.95851090924528,95.3,2.4953461102579477,86.3,105.0,18.700000000000003,93.6,96.7,3.1000000000000085,[94.6 93.8 94.6 ... 96.4 96.8 97.1],"       temp_f    rh  hi_f                    geometry
0        94.6  40.0  98.3  POINT (-80.80071 35.19492)
1        93.8  41.1  97.4  POINT (-80.79847 35.19024)
2        94.6  39.7  98.1  POINT (-80.80764 35.17184)
3        96.7  29.0  96.5  POINT (-80.82773 35.20721)
4        97.0  30.4  97.5  POINT (-80.82879 35.20487)
...       ...   ...   ...                         ...
23553    96.0  35.0  98.2  POINT (-80.85306 35.23023)
23554    96.2  34.8  98.4   POINT (-80.8532 35.23012)
23555    96.4  34.5  98.7     POINT (-80.85332 35.23)
23556    96.8  34.8  99.4   POINT (-80.85341 35.2299)
23557    97.1  33.4  99.2  POINT (-80.85362 35.22983)

[23558 rows x 4 columns]"
51,"Charlotte, NC",am,am_trav.shp,"/groups/LORTIZUR/heat-watch-data/clean/Heat Watch Charlotte, NC/traverses_chw_charlotte_082324/am_trav.shp",24387,24387,temp_f,POINT (-80.83326685237655 35.228668847551866),77.11825152745314,77.0,1.6161883803194121,72.7,81.9,9.200000000000003,76.0,78.1,2.0999999999999943,[77.5 75.8 77.1 ... 79.8 79.7 79.8],"       temp_f    rh  hi_f                    geometry
0        77.5  78.5  78.7  POINT (-80.84125 35.17107)
1        75.8  85.2  77.1  POINT (-80.82659 35.16741)
2        77.1  82.1  78.3  POINT (-80.81117 35.19849)
3        77.8  79.5  79.0  POINT (-80.82613 35.19927)
4        77.8  80.9  79.1  POINT (-80.82905 35.20591)
...       ...   ...   ...                         ...
24382    79.7  72.0  80.7  POINT (-80.85308 35.23013)
24383    79.8  72.0  80.8  POINT (-80.85322 35.23002)
24384    79.8  72.0  80.8   POINT (-80.85337 35.2299)
24385    79.7  72.2  80.8  POINT (-80.85354 35.22974)
24386    79.8  71.9  80.8   POINT (-80.85372 35.2298)

[24387 rows x 4 columns]"
52,"Charlotte, NC",pm,pm_trav.shp,"/groups/LORTIZUR/heat-watch-data/clean/Heat Watch Charlotte, NC/traverses_chw_charlotte_082324/pm_trav.shp",22958,22958,temp_f,POINT (-80.83456181191812 35.22814143197952),92.72016726195662,92.9,2.0186986619429805,85.3,98.5,13.200000000000003,91.3,94.1,2.799999999999997,[91.6 93.1 91.9 ... 94.5 94.7 94.9],"       temp_f    rh  hi_f                    geometry
0        91.6  47.1  96.2  POINT (-80.81877 35.20445)
1        93.1  42.8  96.9  POINT (-80.83116 35.21404)
2        91.9  46.3  96.4   POINT (-80.8259 35.19916)
3        91.7  46.0  95.9  POINT (-80.81122 35.19844)
4        93.2  45.5  98.4  POINT (-80.80745 35.18438)
...       ...   ...   ...                         ...
22953    94.1  37.6  96.2  POINT (-80.85311 35.23013)
22954    94.3  37.4  96.4  POINT (-80.85324 35.23001)
22955    94.5  37.2  96.7  POINT (-80.85338 35.22988)
22956    94.7  37.0  96.8  POINT (-80.85349 35.22977)
22957    94.9  36.6  97.1   POINT (-80.85368 35.2297)

[22958 rows x 4 columns]"
53,"Charlottesville, VA",af,af_trav.shp,"/groups/LORTIZUR/heat-watch-data/clean/Heat Watch Charlottesville, VA/traverses_chw_charlottesville_120621/af_trav.shp",10250,10250,temp_f,POINT (-78.48695852631423 38.03332536388297),93.34940390243902,93.49,1.1279672395278977,90.14,96.4,6.260000000000005,92.68,94.13,1.4499999999999886,[93.94 93.58 93.58 ... 90.92 90.92 90.92],"                  datetime  temp_f     hi_f      rh  \
0      2021-08-24 15:00:00   93.94 -9999.00 -9999.0   
1      2021-08-24 15:00:01   93.58 -9999.00 -9999.0   
2      2021-08-24 15:00:02   93.58 -9999.00 -9999.0   
3      2021-08-24 15:00:03   93.58 -9999.00 -9999.0   
4      2021-08-24 15:00:04   93.58 -9999.00 -9999.0   
...                    ...     ...      ...     ...   
10245  2021-08-24 15:59:54   91.46    93.83    42.4   
10246  2021-08-24 15:59:55   91.46    93.83    42.4   
10247  2021-08-24 15:59:57   90.92    92.94    42.4   
10248  2021-08-24 15:59:58   90.92    92.94    42.4   
10249  2021-08-24 15:59:59   90.92    92.94    42.4   

                                file   kmph trav_id  \
0      1017B_240821_184459.000_0.csv  19.63      af   
1      1017B_240821_184459.000_0.csv  18.79      af   
2      1017B_240821_184459.000_0.csv  18.79      af   
3      1017B_240821_184459.000_0.csv  18.79      af   
4      1017B_240821_184459.000_0.csv  14.73      af   
...                              ...    ...     ...   
10245   1094_240821_184332.089_0.csv  16.83      af   
10246   1094_240821_184332.089_0.csv  15.35      af   
10247   1094_240821_184332.089_0.csv  15.35      af   
10248   1094_240821_184332.089_0.csv  19.91      af   
10249   1094_240821_184332.089_0.csv  21.63      af   

                         geometry  
0      POINT (-78.47419 38.05335)  
1      POINT (-78.47425 38.05335)  
2       POINT (-78.4743 38.05334)  
3      POINT (-78.47435 38.05334)  
4       POINT (-78.4744 38.05334)  
...                           ...  
10245  POINT (-78.50898 38.03102)  
10246    POINT (-78.509 38.03099)  
10247   POINT (-78.50906 38.0309)  
10248  POINT (-78.50908 38.03086)  
10249  POINT (-78.50912 38.03081)  

[10250 rows x 8 columns]"
54,"Charlottesville, VA",am,am_trav.shp,"/groups/LORTIZUR/heat-watch-data/clean/Heat Watch Charlottesville, VA/traverses_chw_charlottesville_120621/am_trav.shp",12298,12298,temp_f,POINT (-78.48560042509344 38.035245488550395),71.66068872987478,71.59,1.2073688097308313,68.44,74.98,6.540000000000006,70.86,72.48,1.6200000000000045,[71.05 71.05 71.23 ... 71.73 71.73 71.73],"                  datetime  temp_f   hi_f    rh  \
0      2021-08-24 06:00:01   71.05  72.69  97.6   
1      2021-08-24 06:00:02   71.05  72.69  97.6   
2      2021-08-24 06:00:03   71.23  72.89  97.6   
3      2021-08-24 06:00:04   71.23  72.89  97.6   
4      2021-08-24 06:00:05   71.05  72.69  97.6   
...                    ...     ...    ...   ...   
12293  2021-08-24 06:59:03   71.55  72.54  94.4   
12294  2021-08-24 06:59:04   71.55  72.54  94.4   
12295  2021-08-24 06:59:05   71.73  72.74  94.4   
12296  2021-08-24 06:59:06   71.73  72.74  94.4   
12297  2021-08-24 06:59:16   71.73  72.74  94.4   

                                file   kmph trav_id  \
0      1017B_240821_093935.000_0.csv  24.13      am   
1      1017B_240821_093935.000_0.csv  23.03      am   
2      1017B_240821_093935.000_0.csv  23.16      am   
3      1017B_240821_093935.000_0.csv  23.16      am   
4      1017B_240821_093935.000_0.csv  22.41      am   
...                              ...    ...     ...   
12293   1094_240821_095023.000_0.csv  31.63      am   
12294   1094_240821_095023.000_0.csv  28.97      am   
12295   1094_240821_095023.000_0.csv  26.68      am   
12296   1094_240821_095023.000_0.csv  23.88      am   
12297   1094_240821_095023.000_0.csv  26.85      am   

                         geometry  
0      POINT (-78.47517 38.05219)  
1       POINT (-78.4752 38.05213)  
2      POINT (-78.47522 38.05207)  
3      POINT (-78.47525 38.05201)  
4      POINT (-78.47526 38.05195)  
...                           ...  
12293  POINT (-78.47968 38.04453)  
12294  POINT (-78.47966 38.04459)  
12295  POINT (-78.47964 38.04466)  
12296  POINT (-78.47963 38.04471)  
12297   POINT (-78.4798 38.04493)  

[12298 rows x 8 columns]"
55,"Charlottesville, VA",pm,pm_trav.shp,"/groups/LORTIZUR/heat-watch-data/clean/Heat Watch Charlottesville, VA/traverses_chw_charlottesville_120621/pm_trav.shp",11853,11853,temp_f,POINT (-78.48599434197168 38.03368438530382),87.13838774993673,87.52,2.049242521476738,81.31,91.31,10.0,85.83,88.69,2.8599999999999994,[86.88 87.24 87.24 ... 89.05 89.41 89.41],"                  datetime  temp_f   hi_f    rh  \
0      2021-08-24 19:00:00   86.88  94.58  54.6   
1      2021-08-24 19:00:01   87.24  95.77  55.6   
2      2021-08-24 19:00:02   87.24  95.77  55.6   
3      2021-08-24 19:00:03   86.70  94.67  55.6   
4      2021-08-24 19:00:04   86.71  94.67  55.6   
...                    ...     ...    ...   ...   
11848  2021-08-24 19:59:51   89.58  92.30  58.4   
11849  2021-08-24 19:59:52   89.05  91.27  58.4   
11850  2021-08-24 19:59:53   89.05  91.27  58.4   
11851  2021-08-24 19:59:56   89.41  91.95  58.4   
11852  2021-08-24 19:59:57   89.41  91.95  58.4   

                                file   kmph trav_id  \
0      1017B_240821_224655.085_0.csv  21.38      pm   
1      1017B_240821_224655.085_0.csv  22.67      pm   
2      1017B_240821_224655.085_0.csv  22.31      pm   
3      1017B_240821_224655.085_0.csv  22.45      pm   
4      1017B_240821_224655.085_0.csv  23.40      pm   
...                              ...    ...     ...   
11848   1094_240821_224502.000_0.csv  29.71      pm   
11849   1094_240821_224502.000_0.csv  27.37      pm   
11850   1094_240821_224502.000_0.csv  22.23      pm   
11851   1094_240821_224502.000_0.csv  10.11      pm   
11852   1094_240821_224502.000_0.csv  10.11      pm   

                         geometry  
0       POINT (-78.4739 38.05332)  
1      POINT (-78.47397 38.05332)  
2      POINT (-78.47404 38.05332)  
3      POINT (-78.47412 38.05331)  
4      POINT (-78.47419 38.05331)  
...                           ...  
11848    POINT (-78.4879 38.0305)  
11849  POINT (-78.48786 38.03056)  
11850  POINT (-78.48783 38.03061)  
11851  POINT (-78.48776 38.03072)  
11852  POINT (-78.48774 38.03073)  

[11853 rows x 8 columns]"
56,"Chicago, IL",af,af_trav.shp,"/groups/LORTIZUR/heat-watch-data/clean/Heat Watch Chicago, IL/traverses_chw_chicago_101623/af_trav.shp",48855,48855,temp_f,POINT (-87.67497530672165 41.833105862171315),91.83454712926007,92.2,2.4876789880580086,77.1,99.1,22.0,91.0,93.3,2.299999999999997,[91.7 91.9 91.9 ... 93.9 94.  94.2],"       temp_f    rh   hi_f                    geometry
0        91.7  52.2   99.2  POINT (-87.62942 41.73722)
1        91.9  51.8   99.3  POINT (-87.62934 41.73728)
2        91.9  51.9   99.4  POINT (-87.62929 41.73736)
3        91.8  51.9   99.2   POINT (-87.62919 41.7374)
4        91.9  51.6   99.3    POINT (-87.629 41.73752)
...       ...   ...    ...                         ...
48850    93.4  46.9   99.8  POINT (-87.71963 41.95405)
48851    93.6  46.7  100.0  POINT (-87.71979 41.95416)
48852    93.9  46.4  100.4  POINT (-87.71996 41.95427)
48853    94.0  46.1  100.6  POINT (-87.72012 41.95436)
48854    94.2  46.0  100.9  POINT (-87.72019 41.95441)

[48855 rows x 4 columns]"
57,"Chicago, IL",am,am_trav.shp,"/groups/LORTIZUR/heat-watch-data/clean/Heat Watch Chicago, IL/traverses_chw_chicago_101623/am_trav.shp",39744,39744,temp_f,POINT (-87.68403220893121 41.84960041054083),76.11173762077294,76.1,1.0704832272260403,72.7,81.1,8.399999999999991,75.4,76.8,1.3999999999999915,[76.1 76.1 76.  ... 77.8 77.8 77.4],"       temp_f    rh  hi_f                    geometry
0        76.1  78.7  77.1  POINT (-87.53769 41.68894)
1        76.1  78.9  77.1   POINT (-87.5377 41.68903)
2        76.0  79.0  77.0   POINT (-87.5377 41.68912)
3        76.0  79.4  77.1   POINT (-87.5377 41.68924)
4        76.0  79.8  77.1   POINT (-87.5377 41.68935)
...       ...   ...   ...                         ...
39739    77.9  73.4  78.9    POINT (-87.71956 41.954)
39740    77.9  73.5  78.8  POINT (-87.71964 41.95406)
39741    77.8  73.4  78.7  POINT (-87.71971 41.95411)
39742    77.8  73.4  78.7  POINT (-87.71975 41.95414)
39743    77.4  77.0  78.5  POINT (-87.72028 41.95448)

[39744 rows x 4 columns]"
58,"Chicago, IL",pm,pm_trav.shp,"/groups/LORTIZUR/heat-watch-data/clean/Heat Watch Chicago, IL/traverses_chw_chicago_101623/pm_trav.shp",50834,50834,temp_f,POINT (-87.67566249782921 41.83969119253729),84.20427469803674,83.9,2.8688415469968227,76.4,92.1,15.699999999999989,82.1,86.3,4.200000000000003,[87.2 87.1 86.9 ... 84.1 83.9 84. ],"       temp_f    rh  hi_f                    geometry
0        87.2  58.0  92.6  POINT (-87.62933 41.73778)
1        87.1  57.9  92.3   POINT (-87.6292 41.73784)
2        86.9  58.4  92.2  POINT (-87.62926 41.73811)
3        86.8  59.0  92.2   POINT (-87.6293 41.73822)
4        86.5  60.3  92.3  POINT (-87.62926 41.73839)
...       ...   ...   ...                         ...
50829    84.4  62.8  89.0  POINT (-87.71916 41.95387)
50830    84.2  63.3  88.8  POINT (-87.71924 41.95387)
50831    84.1  63.3  88.6  POINT (-87.71928 41.95387)
50832    83.9  64.8  88.8    POINT (-87.71959 41.954)
50833    84.0  65.0  89.0  POINT (-87.71966 41.95405)

[50834 rows x 4 columns]"
59,"Cincinnati, OH",af,af_trav.shp,"/groups/LORTIZUR/heat-watch-data/clean/Heat Watch Cincinnati, OH/traverses_chw_cincinnati_101420/af_trav.shp",23480,23480,temp_f,POINT (-84.49147415922238 39.15554031742256),83.53300340715502,83.48,1.3390307747252501,78.80000000000001,88.34,9.539999999999992,82.58000000000001,84.38,1.799999999999983,[86.72 86.72 86.72 ... 84.2  84.2  84.2 ],"       hasFix stlltsU    date    time altitud  course  spdKmhr  spdKnts  \
0           1       5  100820  190008     152   74.21    33.91    18.30   
1           1       5  100820  190009   151.2    75.9    40.78    22.01   
2           1       5  100820  190010   150.1   76.45    46.78    25.25   
3           1       5  100820  190011   149.1   76.45    46.78    25.25   
4           1       5  100820  190012     148   78.17    54.84    29.60   
...       ...     ...     ...     ...     ...     ...      ...      ...   
23475       1       7  100820  193918     186  138.13    36.65    19.78   
23476       1       7  100820  193919   185.5     140    38.23    20.63   
23477       1       7  100820  193920   184.9     140    38.23    20.63   
23478       1       7  100820  193921   184.4  143.53    43.25    23.34   
23479       1       7  100820  193922   184.1  145.32    46.71    25.21   

      RMCMode RMCStts  ...              dttm_tc              dttm_lc  \
0           A       A  ...  2020-08-10 19:00:08  2020-08-10 15:00:08   
1           A       A  ...  2020-08-10 19:00:09  2020-08-10 15:00:09   
2           A       A  ...  2020-08-10 19:00:10  2020-08-10 15:00:10   
3           A       A  ...  2020-08-10 19:00:11  2020-08-10 15:00:11   
4           A       A  ...  2020-08-10 19:00:12  2020-08-10 15:00:12   
...       ...     ...  ...                  ...                  ...   
23475       D       A  ...  2020-08-10 19:39:18  2020-08-10 15:39:18   
23476       D       A  ...  2020-08-10 19:39:19  2020-08-10 15:39:19   
23477       D       A  ...  2020-08-10 19:39:20  2020-08-10 15:39:20   
23478       D       A  ...  2020-08-10 19:39:21  2020-08-10 15:39:21   
23479       D       A  ...  2020-08-10 19:39:22  2020-08-10 15:39:22   

                     tz     date_lc              strt_tm              end_tim  \
0      America/New_York  2020-08-10  2020-08-10 15:00:00  2020-08-10 16:00:00   
1      America/New_York  2020-08-10  2020-08-10 15:00:00  2020-08-10 16:00:00   
2      America/New_York  2020-08-10  2020-08-10 15:00:00  2020-08-10 16:00:00   
3      America/New_York  2020-08-10  2020-08-10 15:00:00  2020-08-10 16:00:00   
4      America/New_York  2020-08-10  2020-08-10 15:00:00  2020-08-10 16:00:00   
...                 ...         ...                  ...                  ...   
23475  America/New_York  2020-08-10  2020-08-10 15:00:00  2020-08-10 16:00:00   
23476  America/New_York  2020-08-10  2020-08-10 15:00:00  2020-08-10 16:00:00   
23477  America/New_York  2020-08-10  2020-08-10 15:00:00  2020-08-10 16:00:00   
23478  America/New_York  2020-08-10  2020-08-10 15:00:00  2020-08-10 16:00:00   
23479  America/New_York  2020-08-10  2020-08-10 15:00:00  2020-08-10 16:00:00   

      trav_id        lon        lat                    geometry  
0          af -84.505863  39.087868  POINT (-84.50586 39.08787)  
1          af -84.505740  39.087895   POINT (-84.50574 39.0879)  
2          af -84.505602  39.087925   POINT (-84.5056 39.08792)  
3          af -84.505447  39.087953  POINT (-84.50545 39.08795)  
4          af -84.505278  39.087980  POINT (-84.50528 39.08798)  
...       ...        ...        ...                         ...  
23475      af -84.448288  39.235030  POINT (-84.44829 39.23503)  
23476      af -84.448203  39.234960   POINT (-84.4482 39.23496)  
23477      af -84.448117  39.234880  POINT (-84.44812 39.23488)  
23478      af -84.448028  39.234793  POINT (-84.44803 39.23479)  
23479      af -84.447937  39.234700   POINT (-84.44794 39.2347)  

[23480 rows x 27 columns]"
60,"Cincinnati, OH",am,am_trav.shp,"/groups/LORTIZUR/heat-watch-data/clean/Heat Watch Cincinnati, OH/traverses_chw_cincinnati_101420/am_trav.shp",25274,25274,temp_f,POINT (-84.49516385374083 39.15593985059925),70.4224222521168,70.34,1.4623460706334057,66.02,74.66,8.64,69.44,71.24000000000001,1.8000000000000114,[73.76 73.76 73.76 ... 69.8  69.98 69.98],"       hasFix stlltsU    date    time altitud course  spdKmhr  spdKnts  \
0           1       5  100820  100012   102.4  21.33     9.03     4.87   
1           1       5  100820  100013   102.4  27.64    10.06     5.43   
2           1       5  100820  100014   102.4  27.64    10.06     5.43   
3           1       5  100820  100015   102.5  54.73    20.07    10.83   
4           1       5  100820  100016   102.4  57.84    25.50    13.76   
...       ...     ...     ...     ...     ...    ...      ...      ...   
25269       1      10  100820  103657   181.5  90.25    41.99    22.66   
25270       1      10  100820  103658   181.5  89.72    47.05    25.39   
25271       1      10  100820  103659   181.7  89.89    48.33    26.08   
25272       1      10  100820  103700   181.9  89.35    48.66    26.26   
25273       1      10  100820  103701   181.9  89.35    48.66    26.26   

      RMCMode RMCStts  ...              dttm_tc              dttm_lc  \
0           A       A  ...  2020-08-10 10:00:12  2020-08-10 06:00:12   
1           A       A  ...  2020-08-10 10:00:13  2020-08-10 06:00:13   
2           A       A  ...  2020-08-10 10:00:14  2020-08-10 06:00:14   
3           A       A  ...  2020-08-10 10:00:15  2020-08-10 06:00:15   
4           A       A  ...  2020-08-10 10:00:16  2020-08-10 06:00:16   
...       ...     ...  ...                  ...                  ...   
25269       D       A  ...  2020-08-10 10:36:57  2020-08-10 06:36:57   
25270       D       A  ...  2020-08-10 10:36:58  2020-08-10 06:36:58   
25271       D       A  ...  2020-08-10 10:36:59  2020-08-10 06:36:59   
25272       D       A  ...  2020-08-10 10:37:00  2020-08-10 06:37:00   
25273       D       A  ...  2020-08-10 10:37:01  2020-08-10 06:37:01   

                     tz     date_lc              strt_tm              end_tim  \
0      America/New_York  2020-08-10  2020-08-10 06:00:00  2020-08-10 07:00:00   
1      America/New_York  2020-08-10  2020-08-10 06:00:00  2020-08-10 07:00:00   
2      America/New_York  2020-08-10  2020-08-10 06:00:00  2020-08-10 07:00:00   
3      America/New_York  2020-08-10  2020-08-10 06:00:00  2020-08-10 07:00:00   
4      America/New_York  2020-08-10  2020-08-10 06:00:00  2020-08-10 07:00:00   
...                 ...         ...                  ...                  ...   
25269  America/New_York  2020-08-10  2020-08-10 06:00:00  2020-08-10 07:00:00   
25270  America/New_York  2020-08-10  2020-08-10 06:00:00  2020-08-10 07:00:00   
25271  America/New_York  2020-08-10  2020-08-10 06:00:00  2020-08-10 07:00:00   
25272  America/New_York  2020-08-10  2020-08-10 06:00:00  2020-08-10 07:00:00   
25273  America/New_York  2020-08-10  2020-08-10 06:00:00  2020-08-10 07:00:00   

      trav_id        lon        lat                    geometry  
0          am -84.508487  39.106807  POINT (-84.50849 39.10681)  
1          am -84.508473  39.106833  POINT (-84.50847 39.10683)  
2          am -84.508440  39.106853  POINT (-84.50844 39.10685)  
3          am -84.508378  39.106892  POINT (-84.50838 39.10689)  
4          am -84.508308  39.106928  POINT (-84.50831 39.10693)  
...       ...        ...        ...                         ...  
25269      am -84.451657  39.236103   POINT (-84.45166 39.2361)  
25270      am -84.451502  39.236103    POINT (-84.4515 39.2361)  
25271      am -84.451345  39.236103   POINT (-84.45134 39.2361)  
25272      am -84.451185  39.236102   POINT (-84.45118 39.2361)  
25273      am -84.451025  39.236102   POINT (-84.45102 39.2361)  

[25274 rows x 27 columns]"
61,"Cincinnati, OH",pm,pm_trav.shp,"/groups/LORTIZUR/heat-watch-data/clean/Heat Watch Cincinnati, OH/traverses_chw_cincinnati_101420/pm_trav.shp",26413,26413,temp_f,POINT (-84.50065489526378 39.15076542374948),83.51780184000303,83.48,1.6259796027404585,77.18,89.06,11.879999999999995,82.58000000000001,84.56,1.9799999999999898,[83.84 83.84 83.84 ... 84.2  84.2  84.2 ],"       hasFix stlltsU    date    time altitud  course  spdKmhr  spdKnts  \
0           1       6  100820  230011   176.3   58.65    12.72     6.86   
1           1       6  100820  230012   176.4   51.08    13.65     7.37   
2           1       6  100820  230013   176.5    60.6    11.71     6.32   
3           1       6  100820  230014   176.8   57.79    10.75     5.80   
4           1       6  100820  230015   176.9   57.79    10.75     5.80   
...       ...     ...     ...     ...     ...     ...      ...      ...   
26408       1       9  100820  234821   175.5  227.09    21.71    11.72   
26409       1       9  100820  234822   175.7   234.2    21.17    11.42   
26410       1       9  100820  234823   175.6  231.25    24.81    13.39   
26411       1       9  100820  234824   175.7  227.89    28.36    15.31   
26412       1       9  100820  234825   175.9  228.56    28.95    15.62   

      RMCMode RMCStts  ...              dttm_tc              dttm_lc  \
0           A       A  ...  2020-08-10 23:00:11  2020-08-10 19:00:11   
1           A       A  ...  2020-08-10 23:00:12  2020-08-10 19:00:12   
2           A       A  ...  2020-08-10 23:00:13  2020-08-10 19:00:13   
3           A       A  ...  2020-08-10 23:00:14  2020-08-10 19:00:14   
4           A       A  ...  2020-08-10 23:00:15  2020-08-10 19:00:15   
...       ...     ...  ...                  ...                  ...   
26408       D       A  ...  2020-08-10 23:48:21  2020-08-10 19:48:21   
26409       D       A  ...  2020-08-10 23:48:22  2020-08-10 19:48:22   
26410       D       A  ...  2020-08-10 23:48:23  2020-08-10 19:48:23   
26411       D       A  ...  2020-08-10 23:48:24  2020-08-10 19:48:24   
26412       D       A  ...  2020-08-10 23:48:25  2020-08-10 19:48:25   

                     tz     date_lc              strt_tm              end_tim  \
0      America/New_York  2020-08-10  2020-08-10 19:00:00  2020-08-10 20:00:00   
1      America/New_York  2020-08-10  2020-08-10 19:00:00  2020-08-10 20:00:00   
2      America/New_York  2020-08-10  2020-08-10 19:00:00  2020-08-10 20:00:00   
3      America/New_York  2020-08-10  2020-08-10 19:00:00  2020-08-10 20:00:00   
4      America/New_York  2020-08-10  2020-08-10 19:00:00  2020-08-10 20:00:00   
...                 ...         ...                  ...                  ...   
26408  America/New_York  2020-08-10  2020-08-10 19:00:00  2020-08-10 20:00:00   
26409  America/New_York  2020-08-10  2020-08-10 19:00:00  2020-08-10 20:00:00   
26410  America/New_York  2020-08-10  2020-08-10 19:00:00  2020-08-10 20:00:00   
26411  America/New_York  2020-08-10  2020-08-10 19:00:00  2020-08-10 20:00:00   
26412  America/New_York  2020-08-10  2020-08-10 19:00:00  2020-08-10 20:00:00   

      trav_id        lon        lat                    geometry  
0          pm -84.557532  39.134352  POINT (-84.55753 39.13435)  
1          pm -84.557495  39.134372   POINT (-84.5575 39.13437)  
2          pm -84.557458  39.134387  POINT (-84.55746 39.13439)  
3          pm -84.557422  39.134400   POINT (-84.55742 39.1344)  
4          pm -84.557395  39.134410   POINT (-84.5574 39.13441)  
...       ...        ...        ...                         ...  
26408      pm -84.447962  39.234458  POINT (-84.44796 39.23446)  
26409      pm -84.448018  39.234428  POINT (-84.44802 39.23443)  
26410      pm -84.448080  39.234392  POINT (-84.44808 39.23439)  
26411      pm -84.448145  39.234347  POINT (-84.44814 39.23435)  
26412      pm -84.448212  39.234300   POINT (-84.44821 39.2343)  

[26413 rows x 27 columns]"
62,"Clark County, NV",af,af_trav.shp,"/groups/LORTIZUR/heat-watch-data/clean/Heat Watch Clark County, NV/traverses_chw_clark_county_102422/af_trav.shp",37355,37355,temp_f,POINT (-115.16249447566133 36.149709662428066),90.20414670057555,90.0,1.9492474080523947,85.3,96.4,11.100000000000009,88.8,91.5,2.700000000000003,[92.7 90.9 90.9 ... 89.2 89.2 89.2],"       temp_f      rh    hi_f                     geometry
0        92.7 -9999.0 -9999.0  POINT (-115.13519 36.27551)
1        90.9 -9999.0 -9999.0  POINT (-115.13501 36.27005)
2        90.9 -9999.0 -9999.0    POINT (-115.135 36.26992)
3        90.9 -9999.0 -9999.0  POINT (-115.13498 36.26912)
4        90.9 -9999.0 -9999.0  POINT (-115.13498 36.26907)
...       ...     ...     ...                          ...
37350    89.4    44.1    90.9   POINT (-115.2607 36.29978)
37351    89.2    44.1    90.7  POINT (-115.26065 36.29978)
37352    89.2    44.1    90.7  POINT (-115.26061 36.29978)
37353    89.2    44.1    90.7  POINT (-115.26057 36.29978)
37354    89.2    44.1    90.7  POINT (-115.26055 36.29978)

[37355 rows x 4 columns]"
63,"Clark County, NV",am,am_trav.shp,"/groups/LORTIZUR/heat-watch-data/clean/Heat Watch Clark County, NV/traverses_chw_clark_county_102422/am_trav.shp",54432,54432,temp_f,POINT (-115.1556960152424 36.14020005860557),80.33947310405642,80.3,1.964428430374992,75.0,84.8,9.799999999999997,78.8,82.1,3.299999999999997,[82.8 82.8 82.8 ... 80.3 80.3 80.1],"       temp_f    rh  hi_f                     geometry
0        82.8  71.9  88.8   POINT (-115.1351 36.27602)
1        82.8  71.9  88.8  POINT (-115.13509 36.27591)
2        82.8  71.9  88.8  POINT (-115.13508 36.27579)
3        82.8  71.9  88.8  POINT (-115.13508 36.27566)
4        82.8  71.9  88.8  POINT (-115.13508 36.27553)
...       ...   ...   ...                          ...
54427    80.3  73.1  84.1  POINT (-115.25938 36.30147)
54428    80.3  73.1  84.1   POINT (-115.2593 36.30147)
54429    80.3  72.1  83.9  POINT (-115.25923 36.30147)
54430    80.3  72.1  83.9  POINT (-115.25916 36.30147)
54431    80.1  72.1  83.6   POINT (-115.2591 36.30147)

[54432 rows x 4 columns]"
64,"Clark County, NV",pm,pm_trav.shp,"/groups/LORTIZUR/heat-watch-data/clean/Heat Watch Clark County, NV/traverses_chw_clark_county_102422/pm_trav.shp",43764,43764,temp_f,POINT (-115.15234976548433 36.13563206250216),88.53359382140573,88.3,1.8325363887816712,83.6,93.4,9.800000000000011,87.1,90.0,2.9000000000000057,[90.6 90.8 90.8 ... 87.6 87.6 87.6],"       temp_f      rh    hi_f                     geometry
0        90.6 -9999.0 -9999.0  POINT (-115.09875 36.25441)
1        90.8 -9999.0 -9999.0  POINT (-115.09869 36.25457)
2        90.8 -9999.0 -9999.0  POINT (-115.09868 36.25466)
3        90.6 -9999.0 -9999.0  POINT (-115.09867 36.25476)
4        90.6 -9999.0 -9999.0  POINT (-115.09866 36.25487)
...       ...     ...     ...                          ...
43759    87.6    55.1    90.4  POINT (-115.25954 36.30152)
43760    87.6    54.1    90.0  POINT (-115.25944 36.30152)
43761    87.6    54.1    90.0  POINT (-115.25935 36.30152)
43762    87.6    54.1    90.0  POINT (-115.25927 36.30152)
43763    87.6    54.1    90.0  POINT (-115.25918 36.30151)

[43764 rows x 4 columns]"
65,"Clarksville, IN",af,af_trav.shp,"/groups/LORTIZUR/heat-watch-data/clean/Heat Watch Clarksville, IN/traverses_chw_clarksville_111521/af_trav.shp",6921,6921,temp_f,POINT (-85.76946114746576 38.32416446532214),91.4294451668834,91.44,1.1889778969564853,88.2,94.76,6.560000000000002,90.63,92.25,1.6200000000000045,[92.24 92.24 92.06 ... 91.54 91.9  91.9 ],"                 datetime  temp_f     hi_f      rh  \
0     2021-08-23 15:03:17   92.24    94.18    39.4   
1     2021-08-23 15:03:19   92.24    94.18    39.4   
2     2021-08-23 15:03:21   92.06    93.49    38.4   
3     2021-08-23 15:03:22   92.06    93.89    39.4   
4     2021-08-23 15:03:24   92.24    93.77    38.4   
...                   ...     ...      ...     ...   
6916  2021-08-23 15:05:53   91.54 -9999.00 -9999.0   
6917  2021-08-23 15:05:54   91.54 -9999.00 -9999.0   
6918  2021-08-23 15:05:55   91.54 -9999.00 -9999.0   
6919  2021-08-23 15:05:57   91.90    92.75    37.2   
6920  2021-08-23 15:05:58   91.90    92.75    37.2   

                                   file   kmph trav_id  \
0          1027_230821_190035.000_0.csv  10.90      af   
1          1027_230821_190035.000_0.csv  14.28      af   
2          1027_230821_190035.000_0.csv  22.89      af   
3          1027_230821_190035.000_0.csv  22.89      af   
4          1027_230821_190035.000_0.csv  25.91      af   
...                                 ...    ...     ...   
6916  CAPA1039B_230821_185756.000_0.csv  18.63      af   
6917  CAPA1039B_230821_185756.000_0.csv  18.82      af   
6918  CAPA1039B_230821_185756.000_0.csv  18.71      af   
6919  CAPA1039B_230821_185756.000_0.csv  18.67      af   
6920  CAPA1039B_230821_185756.000_0.csv  18.81      af   

                        geometry  
0      POINT (-85.75757 38.3204)  
1     POINT (-85.75753 38.32044)  
2      POINT (-85.75744 38.3205)  
3     POINT (-85.75738 38.32053)  
4     POINT (-85.75724 38.32059)  
...                          ...  
6916  POINT (-85.77266 38.30142)  
6917  POINT (-85.77271 38.30138)  
6918  POINT (-85.77275 38.30135)  
6919  POINT (-85.77284 38.30129)  
6920  POINT (-85.77288 38.30126)  

[6921 rows x 8 columns]"
66,"Clarksville, IN",am,am_trav.shp,"/groups/LORTIZUR/heat-watch-data/clean/Heat Watch Clarksville, IN/traverses_chw_clarksville_111521/am_trav.shp",9917,9917,temp_f,POINT (-85.76705824111717 38.315039154122445),71.32163658364423,71.36,1.7063928029406195,67.18,76.06,8.879999999999995,70.08,72.61,2.530000000000001,[73.63 73.63 74.35 ... 70.74 70.56 70.56],"                 datetime  temp_f     hi_f      rh  \
0     2021-08-23 06:01:15   73.63    75.51    88.4   
1     2021-08-23 06:01:16   73.63    75.51    88.4   
2     2021-08-23 06:01:17   74.35    76.30    88.4   
3     2021-08-23 06:01:18   74.35    76.30    88.4   
4     2021-08-23 06:01:19   73.45    75.31    88.4   
...                   ...     ...      ...     ...   
9912  2021-08-23 06:59:56   70.73 -9999.00 -9999.0   
9913  2021-08-23 06:59:56   70.73 -9999.00 -9999.0   
9914  2021-08-23 06:59:58   70.74 -9999.00 -9999.0   
9915  2021-08-23 06:59:59   70.56    70.69    89.6   
9916  2021-08-23 07:00:00   70.56    70.69    89.6   

                                   file   kmph trav_id  \
0          1027_230821_094733.000_0.csv   8.36      am   
1          1027_230821_094733.000_0.csv   8.93      am   
2          1027_230821_094733.000_0.csv   8.93      am   
3          1027_230821_094733.000_0.csv  10.67      am   
4          1027_230821_094733.000_0.csv  11.70      am   
...                                 ...    ...     ...   
9912  CAPA1025B_230821_101154.203_0.csv  21.08      am   
9913  CAPA1025B_230821_101154.203_0.csv  21.44      am   
9914  CAPA1025B_230821_101154.203_0.csv  21.11      am   
9915  CAPA1025B_230821_101154.203_0.csv  21.55      am   
9916  CAPA1025B_230821_101154.203_0.csv  21.48      am   

                        geometry  
0      POINT (-85.7554 38.31897)  
1     POINT (-85.75542 38.31898)  
2     POINT (-85.75544 38.31899)  
3     POINT (-85.75546 38.31901)  
4     POINT (-85.75547 38.31904)  
...                          ...  
9912  POINT (-85.77994 38.28964)  
9913  POINT (-85.77994 38.28964)  
9914   POINT (-85.7798 38.28964)  
9915  POINT (-85.77974 38.28963)  
9916  POINT (-85.77966 38.28963)  

[9917 rows x 8 columns]"
67,"Clarksville, IN",pm,pm_trav.shp,"/groups/LORTIZUR/heat-watch-data/clean/Heat Watch Clarksville, IN/traverses_chw_clarksville_111521/pm_trav.shp",7473,7473,temp_f,POINT (-85.76646299426694 38.31059041117975),89.87808109193094,90.02,1.2656050092570281,86.15,93.42,7.269999999999996,89.13,90.74,1.6099999999999994,[92.19 92.2  92.2  ... 87.02 87.74 87.92],"                 datetime  temp_f   hi_f    rh  \
0     2021-08-23 19:00:36   92.19  93.38  37.4   
1     2021-08-23 19:00:37   92.20  93.38  37.4   
2     2021-08-23 19:00:38   92.20  93.38  37.4   
3     2021-08-23 19:00:39   92.38  94.06  38.4   
4     2021-08-23 19:00:40   92.38  94.06  38.4   
...                   ...     ...    ...   ...   
7468  2021-08-23 19:13:08   87.56  93.32  57.6   
7469  2021-08-23 19:13:09   87.02  91.88  56.6   
7470  2021-08-23 19:13:10   87.02  91.88  56.6   
7471  2021-08-23 19:13:12   87.74  93.25  56.6   
7472  2021-08-23 19:13:34   87.92  93.19  55.6   

                                   file   kmph trav_id  \
0          1027_230821_225231.095_0.csv  31.13      pm   
1          1027_230821_225231.095_0.csv  31.69      pm   
2          1027_230821_225231.095_0.csv  31.80      pm   
3          1027_230821_225231.095_0.csv  31.80      pm   
4          1027_230821_225231.095_0.csv  28.54      pm   
...                                 ...    ...     ...   
7468  CAPA1025B_230821_225733.000_0.csv  13.97      pm   
7469  CAPA1025B_230821_225733.000_0.csv  15.67      pm   
7470  CAPA1025B_230821_225733.000_0.csv  14.88      pm   
7471  CAPA1025B_230821_225733.000_0.csv   8.65      pm   
7472  CAPA1025B_230821_225733.000_0.csv   8.61      pm   

                        geometry  
0     POINT (-85.75617 38.31983)  
1     POINT (-85.75623 38.31989)  
2      POINT (-85.7563 38.31996)  
3     POINT (-85.75636 38.32002)  
4     POINT (-85.75642 38.32008)  
...                          ...  
7468  POINT (-85.77628 38.29779)  
7469   POINT (-85.7763 38.29783)  
7470  POINT (-85.77631 38.29785)  
7471  POINT (-85.77633 38.29788)  
7472  POINT (-85.77634 38.29791)  

[7473 rows x 8 columns]"
68,"Columbia, MO",af,af_trav.shp,"/groups/LORTIZUR/heat-watch-data/clean/Heat Watch Columbia, MO/traverses_chw_columbia_mo_100422/af_trav.shp",12404,12404,temp_f,POINT (-92.32949653485427 38.94803677577132),97.1344243792325,97.1,1.065627126632091,94.0,100.5,6.5,96.3,97.9,1.6000000000000085,[97.5 98.3 99.  ... 97.7 97.5 97.5],"       temp_f      rh    hi_f                    geometry
0        97.5 -9999.0 -9999.0  POINT (-92.28953 38.89108)
1        98.3 -9999.0 -9999.0  POINT (-92.28858 38.89108)
2        99.0 -9999.0 -9999.0  POINT (-92.28838 38.89107)
3        97.2 -9999.0 -9999.0  POINT (-92.28655 38.90149)
4        97.2 -9999.0 -9999.0  POINT (-92.28632 38.90135)
...       ...     ...     ...                         ...
12399    97.1 -9999.0 -9999.0  POINT (-92.33024 38.94073)
12400    97.7 -9999.0 -9999.0  POINT (-92.33022 38.94079)
12401    97.7 -9999.0 -9999.0  POINT (-92.33021 38.94084)
12402    97.5 -9999.0 -9999.0    POINT (-92.3302 38.9409)
12403    97.5 -9999.0 -9999.0  POINT (-92.33019 38.94095)

[12404 rows x 4 columns]"
69,"Columbia, MO",am,am_trav.shp,"/groups/LORTIZUR/heat-watch-data/clean/Heat Watch Columbia, MO/traverses_chw_columbia_mo_100422/am_trav.shp",10858,10858,temp_f,POINT (-92.33166610149185 38.951197085098386),79.58951924848039,79.6,0.6718977674593375,77.2,81.5,4.299999999999997,79.2,80.1,0.8999999999999915,[78.4 78.4 78.4 ... 80.2 80.1 80.1],"       temp_f    rh  hi_f                    geometry
0        78.4  79.8  79.9   POINT (-92.3621 38.87473)
1        78.4  79.8  79.9  POINT (-92.36223 38.87479)
2        78.4  79.8  79.9  POINT (-92.36236 38.87484)
3        78.4  79.8  79.9  POINT (-92.36262 38.87496)
4        78.4  79.8  79.9  POINT (-92.36275 38.87501)
...       ...   ...   ...                         ...
10853    80.1  86.2  81.7  POINT (-92.35344 38.91014)
10854    80.2  86.2  85.4  POINT (-92.35338 38.91024)
10855    80.2  86.2  85.4  POINT (-92.35332 38.91033)
10856    80.1  86.2  81.7  POINT (-92.35326 38.91042)
10857    80.1  86.2  81.7  POINT (-92.35317 38.91056)

[10858 rows x 4 columns]"
70,"Columbia, MO",pm,pm_trav.shp,"/groups/LORTIZUR/heat-watch-data/clean/Heat Watch Columbia, MO/traverses_chw_columbia_mo_100422/pm_trav.shp",10149,10149,temp_f,POINT (-92.34454135349968 38.93745580615504),93.38376194698985,93.5,1.1504253849117196,88.1,97.1,9.0,92.7,94.1,1.3999999999999915,[92.7 92.7 92.9 ... 93.8 93.8 94. ],"       temp_f      rh    hi_f                    geometry
0        92.7 -9999.0 -9999.0  POINT (-92.31355 38.90342)
1        92.7 -9999.0 -9999.0  POINT (-92.31356 38.90331)
2        92.9 -9999.0 -9999.0   POINT (-92.31356 38.9032)
3        92.9 -9999.0 -9999.0  POINT (-92.31356 38.90308)
4        93.1 -9999.0 -9999.0  POINT (-92.31356 38.90296)
...       ...     ...     ...                         ...
10144    94.1 -9999.0 -9999.0  POINT (-92.33032 38.94052)
10145    94.1 -9999.0 -9999.0   POINT (-92.3303 38.94058)
10146    93.8 -9999.0 -9999.0  POINT (-92.33029 38.94064)
10147    93.8 -9999.0 -9999.0   POINT (-92.33028 38.9407)
10148    94.0 -9999.0 -9999.0  POINT (-92.33027 38.94075)

[10149 rows x 4 columns]"
71,"Columbia, SC",af,af_trav.shp,"/groups/LORTIZUR/heat-watch-data/clean/Heat Watch Columbia, SC/traverses_chw_columbia_sc_092222/af_trav.shp",18529,18529,temp_f,POINT (-80.97979193489456 34.05487797938381),93.25740191051865,93.4,2.6470643177475326,81.7,100.2,18.5,92.0,95.0,3.0,[94.5 94.5 94.3 ... 96.2 96.2 96.2],"       temp_f      rh    hi_f                    geometry
0        94.5 -9999.0 -9999.0   POINT (-81.0393 33.98505)
1        94.5 -9999.0 -9999.0  POINT (-81.03926 33.98497)
2        94.3 -9999.0 -9999.0  POINT (-81.03922 33.98488)
3        93.9 -9999.0 -9999.0  POINT (-81.03896 33.98442)
4        93.9 -9999.0 -9999.0  POINT (-81.03889 33.98438)
...       ...     ...     ...                         ...
18524    96.4    45.8   100.4  POINT (-81.02906 34.02961)
18525    96.4    45.8   100.4  POINT (-81.02906 34.02959)
18526    96.2    46.8   100.6  POINT (-81.02904 34.02957)
18527    96.2    46.8   100.6  POINT (-81.02902 34.02956)
18528    96.2    46.8   100.6  POINT (-81.02899 34.02955)

[18529 rows x 4 columns]"
72,"Columbia, SC",am,am_trav.shp,"/groups/LORTIZUR/heat-watch-data/clean/Heat Watch Columbia, SC/traverses_chw_columbia_sc_092222/am_trav.shp",27927,27927,temp_f,POINT (-80.98099555901629 34.06623346767166),76.24817560067318,76.1,1.4267543761289858,72.5,82.0,9.5,75.3,77.1,1.7999999999999972,[78.2 78.1 78.1 ... 78.1 78.5 78.3],"       temp_f      rh    hi_f                    geometry
0        78.2 -9999.0 -9999.0  POINT (-81.02547 33.98842)
1        78.1 -9999.0 -9999.0  POINT (-81.02536 33.98845)
2        78.1 -9999.0 -9999.0  POINT (-81.02526 33.98848)
3        78.1 -9999.0 -9999.0  POINT (-81.02505 33.98855)
4        78.1 -9999.0 -9999.0  POINT (-81.02494 33.98858)
...       ...     ...     ...                         ...
27922    78.5    91.8    80.3  POINT (-81.02817 34.02954)
27923    78.3    91.8    80.1  POINT (-81.02847 34.02954)
27924    78.1    91.8    79.9  POINT (-81.02847 34.02947)
27925    78.5    91.8    80.3   POINT (-81.02848 34.0295)
27926    78.3    91.8    80.1  POINT (-81.02869 34.02966)

[27927 rows x 4 columns]"
73,"Columbia, SC",pm,pm_trav.shp,"/groups/LORTIZUR/heat-watch-data/clean/Heat Watch Columbia, SC/traverses_chw_columbia_sc_092222/pm_trav.shp",25416,25416,temp_f,POINT (-80.97006558244126 34.07520258124791),83.36446726471513,83.6,1.6182444184687996,77.8,87.5,9.700000000000003,82.2,84.6,2.3999999999999915,[85.1 85.3 85.3 ... 85.8 85.8 86.2],"       temp_f      rh    hi_f                    geometry
0        85.1 -9999.0 -9999.0  POINT (-80.98606 33.98779)
1        85.3 -9999.0 -9999.0   POINT (-80.98632 33.9878)
2        85.3 -9999.0 -9999.0  POINT (-80.98645 33.98781)
3        84.9 -9999.0 -9999.0  POINT (-80.98657 33.98782)
4        84.9 -9999.0 -9999.0   POINT (-80.9867 33.98782)
...       ...     ...     ...                         ...
25411    86.2    87.5   102.1  POINT (-81.04855 34.00178)
25412    86.2    87.5   102.1  POINT (-81.04851 34.00171)
25413    85.8    87.5   100.8  POINT (-81.04848 34.00164)
25414    85.8    87.5   100.8  POINT (-81.04846 34.00158)
25415    86.2    87.5   102.1  POINT (-81.04843 34.00152)

[25416 rows x 4 columns]"
74,"Columbus, OH",af,af_trav.shp,"/groups/LORTIZUR/heat-watch-data/clean/Heat Watch Columbus, OH/traverses_chw_columbus_902022/af_trav.shp",37656,37656,temp_f,POINT (-82.99227672190307 40.00014186827242),79.37160080730827,79.4,1.3522168013548548,74.4,85.0,10.599999999999994,78.4,80.3,1.8999999999999915,[79.7 77.7 77.7 ... 78.6 78.6 78.8],"       temp_f      rh    hi_f                    geometry
0        79.7 -9999.0 -9999.0  POINT (-82.98249 39.95324)
1        77.7 -9999.0 -9999.0  POINT (-82.98303 39.95236)
2        77.7 -9999.0 -9999.0  POINT (-82.98314 39.95236)
3        79.3 -9999.0 -9999.0  POINT (-83.01648 39.91754)
4        79.3 -9999.0 -9999.0   POINT (-83.0165 39.91744)
...       ...     ...     ...                         ...
37651    78.4    34.8    77.9   POINT (-82.9892 39.89311)
37652    78.4    34.8    77.9   POINT (-82.9892 39.89306)
37653    78.6    33.8    78.1    POINT (-82.98921 39.893)
37654    78.6    33.8    78.1  POINT (-82.98922 39.89296)
37655    78.8    33.8    78.3  POINT (-82.98922 39.89293)

[37656 rows x 4 columns]"
75,"Columbus, OH",am,am_trav.shp,"/groups/LORTIZUR/heat-watch-data/clean/Heat Watch Columbus, OH/traverses_chw_columbus_902022/am_trav.shp",41348,41348,temp_f,POINT (-82.96271286160612 40.00721915977429),59.0348868143562,59.0,1.7070410680324553,52.2,64.3,12.099999999999994,57.9,60.1,2.200000000000003,[61.2 61.2 62.  ... 58.1 58.1 58.1],"       temp_f      rh    hi_f                    geometry
0        61.2 -9999.0 -9999.0  POINT (-82.98232 39.95333)
1        61.2 -9999.0 -9999.0  POINT (-82.98237 39.95333)
2        62.0 -9999.0 -9999.0  POINT (-82.98242 39.95332)
3        62.0 -9999.0 -9999.0   POINT (-82.98247 39.9533)
4        61.4 -9999.0 -9999.0  POINT (-82.98251 39.95326)
...       ...     ...     ...                         ...
41343    58.1    88.9    57.5  POINT (-83.02003 40.06598)
41344    58.1    88.9    57.5  POINT (-83.02011 40.06597)
41345    58.1    88.9    57.5  POINT (-83.02018 40.06596)
41346    58.1    88.9    57.5  POINT (-83.02024 40.06594)
41347    58.1    88.9    57.5  POINT (-83.02029 40.06591)

[41348 rows x 4 columns]"
76,"Columbus, OH",pm,pm_trav.shp,"/groups/LORTIZUR/heat-watch-data/clean/Heat Watch Columbus, OH/traverses_chw_columbus_902022/pm_trav.shp",33170,33170,temp_f,POINT (-82.97651695754264 39.99992248633304),76.4778353934278,76.8,1.9179093778663818,68.1,81.3,13.200000000000003,75.9,77.6,1.6999999999999886,[77.  76.8 76.8 ... 76.3 76.1 76.1],"       temp_f      rh    hi_f                    geometry
0        77.0 -9999.0 -9999.0  POINT (-83.01878 39.91495)
1        76.8 -9999.0 -9999.0  POINT (-83.01886 39.91488)
2        76.8 -9999.0 -9999.0  POINT (-83.01894 39.91482)
3        77.4 -9999.0 -9999.0  POINT (-83.02928 39.91546)
4        76.1 -9999.0 -9999.0  POINT (-83.03105 39.91578)
...       ...     ...     ...                         ...
33165    76.1    46.8    74.7  POINT (-82.99075 39.89404)
33166    76.3    45.8    74.9  POINT (-82.99082 39.89405)
33167    76.3    45.8    74.9   POINT (-82.9909 39.89405)
33168    76.1    45.8    74.7  POINT (-82.99095 39.89406)
33169    76.1    45.8    74.7  POINT (-82.99099 39.89406)

[33170 rows x 4 columns]"
77,"Detroit, MI",af,af_trav.shp,"/groups/LORTIZUR/heat-watch-data/clean/Heat Watch Detroit, MI/traverses_chw_detroit_102020/af_trav.shp",43719,43719,temp_f,POINT (-83.10016271098802 42.38236689561468),82.63498936389212,82.58000000000001,1.0108764488823836,79.16,87.44,8.280000000000001,82.03999999999999,83.30000000000001,1.2600000000000193,[86.36 86.36 86.18 ... 84.2  84.2  84.02],"       hasFix stlltsU    date        time altitud  course  spdKmhr  spdKnts  \
0           1       9  080820  190116.000   198.2    88.3    52.28    28.21   
1           1       9  080820  190117.000   198.6    88.6    53.33    28.78   
2           1       9  080820  190118.000   198.4    88.6    53.33    28.78   
3           1       9  080820  190119.000   198.2   87.33    55.89    30.16   
4           1       9  080820  190120.000   198.2   87.31    56.83    30.67   
...       ...     ...     ...         ...     ...     ...      ...      ...   
43714       1       8   80820      195823   182.5  340.68    17.79     9.60   
43715       1       9   80820      195824   182.6  355.41    13.79     7.44   
43716       1       9   80820      195825     182    9.78    12.55     6.77   
43717       1       9   80820      195826   181.6   37.25    10.15     5.48   
43718       1       9   80820      195827   181.3   37.25    10.15     5.48   

      RMCMode RMCStts  ...                              file     dat_cln  \
0           D       A  ...  CAPA1024_080820_184800.801_0.csv  2020-08-08   
1           D       A  ...  CAPA1024_080820_184800.801_0.csv  2020-08-08   
2           D       A  ...  CAPA1024_080820_184800.801_0.csv  2020-08-08   
3           D       A  ...  CAPA1024_080820_184800.801_0.csv  2020-08-08   
4           D       A  ...  CAPA1024_080820_184800.801_0.csv  2020-08-08   
...       ...     ...  ...                               ...         ...   
43714       D       A  ...  CAPA1065_050180_185701.294_0.csv  2020-08-08   
43715       D       A  ...  CAPA1065_050180_185701.294_0.csv  2020-08-08   
43716       D       A  ...  CAPA1065_050180_185701.294_0.csv  2020-08-08   
43717       D       A  ...  CAPA1065_050180_185701.294_0.csv  2020-08-08   
43718       D       A  ...  CAPA1065_050180_185701.294_0.csv  2020-08-08   

                   dttm_tc              dttm_lc               tz     date_lc  \
0      2020-08-08 19:01:00  2020-08-08 15:01:00  America/Detroit  2020-08-08   
1      2020-08-08 19:01:00  2020-08-08 15:01:00  America/Detroit  2020-08-08   
2      2020-08-08 19:01:00  2020-08-08 15:01:00  America/Detroit  2020-08-08   
3      2020-08-08 19:01:00  2020-08-08 15:01:00  America/Detroit  2020-08-08   
4      2020-08-08 19:01:00  2020-08-08 15:01:00  America/Detroit  2020-08-08   
...                    ...                  ...              ...         ...   
43714  2020-08-08 19:58:23  2020-08-08 15:58:23  America/Detroit  2020-08-08   
43715  2020-08-08 19:58:24  2020-08-08 15:58:24  America/Detroit  2020-08-08   
43716  2020-08-08 19:58:25  2020-08-08 15:58:25  America/Detroit  2020-08-08   
43717  2020-08-08 19:58:26  2020-08-08 15:58:26  America/Detroit  2020-08-08   
43718  2020-08-08 19:58:27  2020-08-08 15:58:27  America/Detroit  2020-08-08   

                   strt_tm              end_tim  trav_id  \
0      2020-08-08 15:00:00  2020-08-08 16:00:00       af   
1      2020-08-08 15:00:00  2020-08-08 16:00:00       af   
2      2020-08-08 15:00:00  2020-08-08 16:00:00       af   
3      2020-08-08 15:00:00  2020-08-08 16:00:00       af   
4      2020-08-08 15:00:00  2020-08-08 16:00:00       af   
...                    ...                  ...      ...   
43714  2020-08-08 15:00:00  2020-08-08 16:00:00       af   
43715  2020-08-08 15:00:00  2020-08-08 16:00:00       af   
43716  2020-08-08 15:00:00  2020-08-08 16:00:00       af   
43717  2020-08-08 15:00:00  2020-08-08 16:00:00       af   
43718  2020-08-08 15:00:00  2020-08-08 16:00:00       af   

                         geometry  
0       POINT (-83.1169 42.44654)  
1      POINT (-83.11672 42.44655)  
2      POINT (-83.11653 42.44655)  
3      POINT (-83.11634 42.44656)  
4      POINT (-83.11615 42.44656)  
...                           ...  
43714  POINT (-82.99447 42.35258)  
43715  POINT (-82.99448 42.35262)  
43716  POINT (-82.99448 42.35265)  
43717  POINT (-82.99446 42.35267)  
43718  POINT (-82.99444 42.35268)  

[43719 rows x 29 columns]"
78,"Detroit, MI",am,am_trav.shp,"/groups/LORTIZUR/heat-watch-data/clean/Heat Watch Detroit, MI/traverses_chw_detroit_102020/am_trav.shp",46178,46178,temp_f,POINT (-83.09878995035525 42.382257583401966),61.31805448481961,60.980000000000004,2.0984208500655193,56.66,68.18,11.52000000000001,60.08,62.24,2.1600000000000037,[62.96 62.96 62.78 ... 61.34 61.34 61.34],"       hasFix stlltsU    date        time altitud  course  spdKmhr  spdKnts  \
0           1       9  080820  100249.000   193.1   90.35    24.49    11.78   
1           1      10  080820  100250.000     193   89.69    19.89    10.73   
2           1      10  080820  100251.000   192.5   88.38    14.47     7.81   
3           1      10  080820  100252.000   192.5   88.06    11.33     6.11   
4           1      10  080820  100253.000   192.3   88.06    11.33     6.11   
...       ...     ...     ...         ...     ...     ...      ...      ...   
46173       1       8   80820      105954   188.6  267.06    30.34    16.37   
46174       1       8   80820      105956   188.8  266.36    28.07    15.15   
46175       1       8   80820      105958     189   269.1    15.78     8.51   
46176       1       8   80820      105959   189.2  268.33     9.27     5.00   
46177       1       8   80820      110000   189.4  268.03     9.27     1.90   

      RMCMode RMCStts  ...                              file     dat_cln  \
0           A       A  ...  CAPA1025_080820_095730.310_0.csv  2020-08-08   
1           A       A  ...  CAPA1025_080820_095730.310_0.csv  2020-08-08   
2           A       A  ...  CAPA1025_080820_095730.310_0.csv  2020-08-08   
3           A       A  ...  CAPA1025_080820_095730.310_0.csv  2020-08-08   
4           A       A  ...  CAPA1025_080820_095730.310_0.csv  2020-08-08   
...       ...     ...  ...                               ...         ...   
46173       D       A  ...  CAPA1024_050180_094700.093_0.csv  2020-08-08   
46174       D       A  ...  CAPA1024_050180_094700.093_0.csv  2020-08-08   
46175       D       A  ...  CAPA1024_050180_094700.093_0.csv  2020-08-08   
46176       D       A  ...  CAPA1024_050180_094700.093_0.csv  2020-08-08   
46177       D       A  ...  CAPA1024_050180_094700.093_0.csv  2020-08-08   

                   dttm_tc              dttm_lc               tz     date_lc  \
0      2020-08-08 10:02:00  2020-08-08 06:02:00  America/Detroit  2020-08-08   
1      2020-08-08 10:02:00  2020-08-08 06:02:00  America/Detroit  2020-08-08   
2      2020-08-08 10:02:00  2020-08-08 06:02:00  America/Detroit  2020-08-08   
3      2020-08-08 10:02:00  2020-08-08 06:02:00  America/Detroit  2020-08-08   
4      2020-08-08 10:02:00  2020-08-08 06:02:00  America/Detroit  2020-08-08   
...                    ...                  ...              ...         ...   
46173  2020-08-08 10:59:54  2020-08-08 06:59:54  America/Detroit  2020-08-08   
46174  2020-08-08 10:59:56  2020-08-08 06:59:56  America/Detroit  2020-08-08   
46175  2020-08-08 10:59:58  2020-08-08 06:59:58  America/Detroit  2020-08-08   
46176  2020-08-08 10:59:59  2020-08-08 06:59:59  America/Detroit  2020-08-08   
46177  2020-08-08 11:00:00  2020-08-08 07:00:00  America/Detroit  2020-08-08   

                   strt_tm              end_tim  trav_id  \
0      2020-08-08 06:00:00  2020-08-08 07:00:00       am   
1      2020-08-08 06:00:00  2020-08-08 07:00:00       am   
2      2020-08-08 06:00:00  2020-08-08 07:00:00       am   
3      2020-08-08 06:00:00  2020-08-08 07:00:00       am   
4      2020-08-08 06:00:00  2020-08-08 07:00:00       am   
...                    ...                  ...      ...   
46173  2020-08-08 06:00:00  2020-08-08 07:00:00       am   
46174  2020-08-08 06:00:00  2020-08-08 07:00:00       am   
46175  2020-08-08 06:00:00  2020-08-08 07:00:00       am   
46176  2020-08-08 06:00:00  2020-08-08 07:00:00       am   
46177  2020-08-08 06:00:00  2020-08-08 07:00:00       am   

                         geometry  
0      POINT (-83.17772 42.35362)  
1      POINT (-83.17765 42.35362)  
2      POINT (-83.17759 42.35362)  
3      POINT (-83.17755 42.35363)  
4      POINT (-83.17751 42.35363)  
...                           ...  
46173  POINT (-83.06309 42.44053)  
46174  POINT (-83.06327 42.44053)  
46175  POINT (-83.06337 42.44052)  
46176  POINT (-83.06339 42.44052)  
46177   POINT (-83.0634 42.44052)  

[46178 rows x 29 columns]"
79,"Detroit, MI",pm,pm_trav.shp,"/groups/LORTIZUR/heat-watch-data/clean/Heat Watch Detroit, MI/traverses_chw_detroit_102020/pm_trav.shp",41528,41528,temp_f,POINT (-83.08995850515691 42.37937608613558),79.62924918127528,79.7,0.94972615401175,76.82,84.56,7.740000000000009,78.98,80.24000000000001,1.2600000000000051,[82.04 81.5  81.5  ... 78.98 78.98 78.98],"       hasFix stlltsU    date        time altitud  course  spdKmhr  spdKnts  \
0           1      10  080820  230131.000   197.2   88.11    59.89    32.32   
1           1      10  080820  230132.000   197.3   88.15    56.27    30.36   
2           1      10  080820  230134.000   197.4   88.33    55.84    30.13   
3           1      10  080820  230135.000   197.4   88.06    55.81    30.12   
4           1      10  080820  230137.000   197.1   87.81    54.88    29.62   
...       ...     ...     ...         ...     ...     ...      ...      ...   
41523       1       9  080820  235921.000   181.9  269.49    51.27    27.67   
41524       1       9  080820  235922.000   182.5  269.06    54.14    29.22   
41525       1       9  080820  235923.000   183.1  269.35    57.39    30.97   
41526       1       9  080820  235924.000   184.2  269.51    59.16    31.93   
41527       1       9  080820  235925.000   184.8  269.51    59.16    31.93   

      RMCMode RMCStts  ...                              file     dat_cln  \
0           D       A  ...  CAPA1024_080820_224704.000_0.csv  2020-08-08   
1           D       A  ...  CAPA1024_080820_224704.000_0.csv  2020-08-08   
2           D       A  ...  CAPA1024_080820_224704.000_0.csv  2020-08-08   
3           D       A  ...  CAPA1024_080820_224704.000_0.csv  2020-08-08   
4           D       A  ...  CAPA1024_080820_224704.000_0.csv  2020-08-08   
...       ...     ...  ...                               ...         ...   
41523       D       A  ...  CAPA1104_080820_225517.000_0.csv  2020-08-08   
41524       D       A  ...  CAPA1104_080820_225517.000_0.csv  2020-08-08   
41525       D       A  ...  CAPA1104_080820_225517.000_0.csv  2020-08-08   
41526       D       A  ...  CAPA1104_080820_225517.000_0.csv  2020-08-08   
41527       D       A  ...  CAPA1104_080820_225517.000_0.csv  2020-08-08   

                   dttm_tc              dttm_lc               tz     date_lc  \
0      2020-08-08 23:01:00  2020-08-08 19:01:00  America/Detroit  2020-08-08   
1      2020-08-08 23:01:00  2020-08-08 19:01:00  America/Detroit  2020-08-08   
2      2020-08-08 23:01:00  2020-08-08 19:01:00  America/Detroit  2020-08-08   
3      2020-08-08 23:01:00  2020-08-08 19:01:00  America/Detroit  2020-08-08   
4      2020-08-08 23:01:00  2020-08-08 19:01:00  America/Detroit  2020-08-08   
...                    ...                  ...              ...         ...   
41523  2020-08-08 23:59:00  2020-08-08 19:59:00  America/Detroit  2020-08-08   
41524  2020-08-08 23:59:00  2020-08-08 19:59:00  America/Detroit  2020-08-08   
41525  2020-08-08 23:59:00  2020-08-08 19:59:00  America/Detroit  2020-08-08   
41526  2020-08-08 23:59:00  2020-08-08 19:59:00  America/Detroit  2020-08-08   
41527  2020-08-08 23:59:00  2020-08-08 19:59:00  America/Detroit  2020-08-08   

                   strt_tm              end_tim  trav_id  \
0      2020-08-08 19:00:00  2020-08-08 20:00:00       pm   
1      2020-08-08 19:00:00  2020-08-08 20:00:00       pm   
2      2020-08-08 19:00:00  2020-08-08 20:00:00       pm   
3      2020-08-08 19:00:00  2020-08-08 20:00:00       pm   
4      2020-08-08 19:00:00  2020-08-08 20:00:00       pm   
...                    ...                  ...      ...   
41523  2020-08-08 19:00:00  2020-08-08 20:00:00       pm   
41524  2020-08-08 19:00:00  2020-08-08 20:00:00       pm   
41525  2020-08-08 19:00:00  2020-08-08 20:00:00       pm   
41526  2020-08-08 19:00:00  2020-08-08 20:00:00       pm   
41527  2020-08-08 19:00:00  2020-08-08 20:00:00       pm   

                         geometry  
0      POINT (-83.11484 42.44659)  
1       POINT (-83.11465 42.4466)  
2      POINT (-83.11427 42.44661)  
3      POINT (-83.11408 42.44662)  
4      POINT (-83.11371 42.44663)  
...                           ...  
41523   POINT (-83.10344 42.3313)  
41524   POINT (-83.10362 42.3313)  
41525    POINT (-83.1038 42.3313)  
41526     POINT (-83.104 42.3313)  
41527  POINT (-83.10421 42.33129)  

[41528 rows x 29 columns]"
80,"East Multnomah County, OR",af,af_trav.shp,"/groups/LORTIZUR/heat-watch-data/clean/Heat Watch East Multnomah County, OR/traverses_chw_east_multnomah_county_111821/af_trav.shp",10771,10771,temp_f,POINT (-122.43270045972727 45.51253347839574),92.31405162009099,92.36,1.2841329584404582,88.7,95.8,7.099999999999994,91.52,93.16,1.6400000000000006,[94.65 94.11 93.75 ... 92.78 93.14 92.6 ],"                  datetime  temp_f   hi_f     rh  \
0      2021-08-13 15:00:24   94.65  94.12  30.56   
1      2021-08-13 15:00:30   94.11  93.72  31.57   
2      2021-08-13 15:00:31   93.75  93.20  31.57   
3      2021-08-13 15:00:32   93.76  93.20  31.57   
4      2021-08-13 15:00:33   93.40  93.04  32.57   
...                    ...     ...    ...    ...   
10766  2021-08-13 15:55:09   92.60  91.33  30.71   
10767  2021-08-13 15:55:10   92.78  91.57  30.71   
10768  2021-08-13 15:55:11   92.78  91.57  30.71   
10769  2021-08-13 15:55:12   93.14  92.06  30.71   
10770  2021-08-13 15:55:14   92.60  91.33  30.71   

                               file   kmph trav_id  \
0      1031_130821_215227.000_0.csv   8.66      af   
1      1031_130821_215227.000_0.csv  12.07      af   
2      1031_130821_215227.000_0.csv  15.82      af   
3      1031_130821_215227.000_0.csv  15.82      af   
4      1031_130821_215227.000_0.csv  17.41      af   
...                             ...    ...     ...   
10766  1082_130821_214525.000_0.csv  10.14      af   
10767  1082_130821_214525.000_0.csv   9.84      af   
10768  1082_130821_214525.000_0.csv  10.92      af   
10769  1082_130821_214525.000_0.csv  10.92      af   
10770  1082_130821_214525.000_0.csv   8.19      af   

                          geometry  
0      POINT (-122.43253 45.49821)  
1      POINT (-122.43252 45.49829)  
2      POINT (-122.43254 45.49832)  
3      POINT (-122.43258 45.49836)  
4      POINT (-122.43264 45.49837)  
...                            ...  
10766  POINT (-122.47747 45.53943)  
10767   POINT (-122.4775 45.53943)  
10768  POINT (-122.47754 45.53943)  
10769  POINT (-122.47758 45.53944)  
10770   POINT (-122.4776 45.53948)  

[10771 rows x 8 columns]"
81,"East Multnomah County, OR",am,am_trav.shp,"/groups/LORTIZUR/heat-watch-data/clean/Heat Watch East Multnomah County, OR/traverses_chw_east_multnomah_county_111821/am_trav.shp",12007,12007,temp_f,POINT (-122.42750967967521 45.510328694465386),69.0765478470892,69.32,1.6517389805051879,64.63,72.99,8.36,68.07,70.19,2.1200000000000045,[67.82 67.82 67.82 ... 69.24 69.24 69.24],"                  datetime  temp_f   hi_f     rh  \
0      2021-08-13 06:00:47   67.82  68.59  91.16   
1      2021-08-13 06:00:51   67.82  68.59  91.16   
2      2021-08-13 06:00:52   67.82  68.59  91.16   
3      2021-08-13 06:00:53   67.64  68.39  91.16   
4      2021-08-13 06:00:54   67.64  68.39  91.15   
...                    ...     ...    ...    ...   
12002  2021-08-13 06:49:39   69.24  69.98  87.58   
12003  2021-08-13 06:49:40   69.24  69.98  87.58   
12004  2021-08-13 06:49:41   69.24  69.98  87.58   
12005  2021-08-13 06:49:42   69.24  69.98  87.58   
12006  2021-08-13 06:49:43   69.24  69.98  87.58   

                               file   kmph trav_id  \
0      1031_130821_125836.000_0.csv   9.36      am   
1      1031_130821_125836.000_0.csv   8.67      am   
2      1031_130821_125836.000_0.csv  11.83      am   
3      1031_130821_125836.000_0.csv  15.55      am   
4      1031_130821_125836.000_0.csv  16.54      am   
...                             ...    ...     ...   
12002  1085_130821_124956.000_0.csv   9.18      am   
12003  1085_130821_124956.000_0.csv   9.28      am   
12004  1085_130821_124956.000_0.csv   9.28      am   
12005  1085_130821_124956.000_0.csv   9.94      am   
12006  1085_130821_124956.000_0.csv   8.25      am   

                          geometry  
0      POINT (-122.43251 45.49822)  
1      POINT (-122.43252 45.49828)  
2      POINT (-122.43253 45.49831)  
3      POINT (-122.43256 45.49834)  
4      POINT (-122.43261 45.49836)  
...                            ...  
12002  POINT (-122.39727 45.48659)  
12003  POINT (-122.39725 45.48656)  
12004  POINT (-122.39723 45.48654)  
12005  POINT (-122.39722 45.48652)  
12006   POINT (-122.3972 45.48651)  

[12007 rows x 8 columns]"
82,"East Multnomah County, OR",pm,pm_trav.shp,"/groups/LORTIZUR/heat-watch-data/clean/Heat Watch East Multnomah County, OR/traverses_chw_east_multnomah_county_111821/pm_trav.shp",9479,9479,temp_f,POINT (-122.43625547267398 45.51600331031074),90.42868657031333,90.64,1.5070498798698395,86.12,94.54,8.420000000000002,89.7,91.41,1.7099999999999937,[90.92 90.75 90.75 ... 92.74 92.74 92.74],"                 datetime  temp_f   hi_f     rh  \
0     2021-08-13 19:00:30   90.92  93.26  43.08   
1     2021-08-13 19:00:32   90.75  93.37  44.07   
2     2021-08-13 19:00:33   90.75  93.37  44.07   
3     2021-08-13 19:00:34   90.57  93.07  44.06   
4     2021-08-13 19:00:35   90.57  93.07  44.06   
...                   ...     ...    ...    ...   
9474  2021-08-13 19:52:09   92.74  92.44  33.54   
9475  2021-08-13 19:52:10   92.74  92.44  33.54   
9476  2021-08-13 19:52:11   92.74  92.44  33.53   
9477  2021-08-13 19:52:12   92.74  92.45  33.53   
9478  2021-08-13 19:52:13   92.74  92.45  33.52   

                               file   kmph trav_id  \
0     1031_1408212_014731.093_0.csv  28.05      pm   
1     1031_1408212_014731.093_0.csv  31.77      pm   
2     1031_1408212_014731.093_0.csv  32.74      pm   
3     1031_1408212_014731.093_0.csv  33.41      pm   
4     1031_1408212_014731.093_0.csv  32.63      pm   
...                             ...    ...     ...   
9474   1104_140821_020821.000_0.csv  38.79      pm   
9475   1104_140821_020821.000_0.csv  38.79      pm   
9476   1104_140821_020821.000_0.csv  31.45      pm   
9477   1104_140821_020821.000_0.csv  16.17      pm   
9478   1104_140821_020821.000_0.csv   8.32      pm   

                         geometry  
0     POINT (-122.43308 45.49834)  
1      POINT (-122.4333 45.49834)  
2     POINT (-122.43342 45.49834)  
3     POINT (-122.43354 45.49834)  
4     POINT (-122.43366 45.49834)  
...                           ...  
9474  POINT (-122.39835 45.52599)  
9475  POINT (-122.39835 45.52607)  
9476  POINT (-122.39836 45.52613)  
9477  POINT (-122.39836 45.52618)  
9478   POINT (-122.39836 45.5262)  

[9479 rows x 8 columns]"
83,"El Paso, TX",af,af_trav.shp,"/groups/LORTIZUR/heat-watch-data/clean/Heat Watch El Paso, TX/traverses_chw_el_paso_100220/af_trav.shp",20793,20793,temp_f,POINT (-106.4033858637596 31.800559759046106),104.34638291732794,104.36000000000001,1.3277298896596947,99.5,109.03999999999999,9.539999999999992,103.46000000000001,105.26,1.7999999999999972,[104.72 104.72 104.72 ... 105.62 105.62 105.62],"       hasFix stlltsU    date        time altitud  course  spdKmhr  spdKnts  \
0           1       9  100720      210028  1231.2  110.58    24.57    13.26   
1           1       9  100720      210029  1231.4  110.58    24.57    13.26   
2           1       9  100720      210030  1231.7  109.77    25.57    13.80   
3           1       9  100720      210031  1231.9   110.6    26.41    14.25   
4           1       9  100720      210032  1232.2  114.56    28.08    15.16   
...       ...     ...     ...         ...     ...     ...      ...      ...   
20788       1      10  100720  214324.000  1121.2   71.24    28.96    15.63   
20789       1      10  100720  214325.000  1120.9   71.79    27.48    14.83   
20790       1      10  100720  214326.000  1120.9   69.40    25.29    13.65   
20791       1      10  100720  214327.000  1120.8   69.40    25.29    13.65   
20792       1      10  100720  214328.000  1121.3   38.94    20.67    11.16   

      RMCMode RMCStts  ...                              file     dat_cln  \
0           D       A  ...  CAPA1010_100720_204530.097_0.csv  2020-07-10   
1           D       A  ...  CAPA1010_100720_204530.097_0.csv  2020-07-10   
2           D       A  ...  CAPA1010_100720_204530.097_0.csv  2020-07-10   
3           D       A  ...  CAPA1010_100720_204530.097_0.csv  2020-07-10   
4           D       A  ...  CAPA1010_100720_204530.097_0.csv  2020-07-10   
...       ...     ...  ...                               ...         ...   
20788       D       A  ...  CAPA1018_100720_203300.290_0.csv  2020-07-10   
20789       D       A  ...  CAPA1018_100720_203300.290_0.csv  2020-07-10   
20790       D       A  ...  CAPA1018_100720_203300.290_0.csv  2020-07-10   
20791       D       A  ...  CAPA1018_100720_203300.290_0.csv  2020-07-10   
20792       D       A  ...  CAPA1018_100720_203300.290_0.csv  2020-07-10   

                   dttm_tc              dttm_lc              tz     date_lc  \
0      2020-07-10 21:00:28  2020-07-10 15:00:28  America/Denver  2020-07-10   
1      2020-07-10 21:00:29  2020-07-10 15:00:29  America/Denver  2020-07-10   
2      2020-07-10 21:00:30  2020-07-10 15:00:30  America/Denver  2020-07-10   
3      2020-07-10 21:00:31  2020-07-10 15:00:31  America/Denver  2020-07-10   
4      2020-07-10 21:00:32  2020-07-10 15:00:32  America/Denver  2020-07-10   
...                    ...                  ...             ...         ...   
20788  2020-07-10 21:43:00  2020-07-10 15:43:00  America/Denver  2020-07-10   
20789  2020-07-10 21:43:00  2020-07-10 15:43:00  America/Denver  2020-07-10   
20790  2020-07-10 21:43:00  2020-07-10 15:43:00  America/Denver  2020-07-10   
20791  2020-07-10 21:43:00  2020-07-10 15:43:00  America/Denver  2020-07-10   
20792  2020-07-10 21:43:00  2020-07-10 15:43:00  America/Denver  2020-07-10   

                   strt_tm              end_tim  trav_id  \
0      2020-07-10 15:00:00  2020-07-10 16:00:00       af   
1      2020-07-10 15:00:00  2020-07-10 16:00:00       af   
2      2020-07-10 15:00:00  2020-07-10 16:00:00       af   
3      2020-07-10 15:00:00  2020-07-10 16:00:00       af   
4      2020-07-10 15:00:00  2020-07-10 16:00:00       af   
...                    ...                  ...      ...   
20788  2020-07-10 15:00:00  2020-07-10 16:00:00       af   
20789  2020-07-10 15:00:00  2020-07-10 16:00:00       af   
20790  2020-07-10 15:00:00  2020-07-10 16:00:00       af   
20791  2020-07-10 15:00:00  2020-07-10 16:00:00       af   
20792  2020-07-10 15:00:00  2020-07-10 16:00:00       af   

                          geometry  
0      POINT (-106.53341 31.83387)  
1      POINT (-106.53334 31.83384)  
2      POINT (-106.53327 31.83382)  
3        POINT (-106.5332 31.8338)  
4      POINT (-106.53312 31.83377)  
...                            ...  
20788   POINT (-106.30664 31.7099)  
20789  POINT (-106.30656 31.70992)  
20790  POINT (-106.30648 31.70994)  
20791  POINT (-106.30642 31.70997)  
20792     POINT (-106.30637 31.71)  

[20793 rows x 29 columns]"
84,"El Paso, TX",am,am_trav.shp,"/groups/LORTIZUR/heat-watch-data/clean/Heat Watch El Paso, TX/traverses_chw_el_paso_100220/am_trav.shp",25946,25946,temp_f,POINT (-106.41724834177622 31.800398398785028),82.76007631234103,83.30000000000001,2.106470467683466,73.03999999999999,88.7,15.66000000000001,82.22,84.02,1.7999999999999972,[79.52 79.88 79.88 ... 82.94 82.94 82.94],"       hasFix stlltsU    date        time altitud  course  spdKmhr  spdKnts  \
0           1      10  100720      120041  1239.7   98.24    15.12     8.16   
1           1      10  100720      120042  1238.1  104.94    22.35    12.06   
2           1      10  100720      120043  1237.9  109.85    29.66    16.01   
3           1      10  100720      120044  1237.3  109.85    29.66    16.01   
4           1      10  100720      120045  1236.8  110.41    37.66    20.32   
...       ...     ...     ...         ...     ...     ...      ...      ...   
25941       1      11  100720  130049.000  1122.1  152.20    14.00     7.55   
25942       1      11  100720  130054.000  1122.7  181.05    10.25     5.53   
25943       1      10  100720  130057.000  1122.4  314.71     8.84     4.77   
25944       1      11  100720  130058.000  1121.9  336.87    13.61     7.34   
25945       1      11  100720  130059.000  1122.0  339.35    20.13    10.86   

      RMCMode RMCStts  ...                              file     dat_cln  \
0           D       A  ...  CAPA1010_100720_114538.310_0.csv  2020-07-10   
1           D       A  ...  CAPA1010_100720_114538.310_0.csv  2020-07-10   
2           D       A  ...  CAPA1010_100720_114538.310_0.csv  2020-07-10   
3           D       A  ...  CAPA1010_100720_114538.310_0.csv  2020-07-10   
4           D       A  ...  CAPA1010_100720_114538.310_0.csv  2020-07-10   
...       ...     ...  ...                               ...         ...   
25941       D       A  ...  CAPA1018_100720_115932.093_0.csv  2020-07-10   
25942       D       A  ...  CAPA1018_100720_115932.093_0.csv  2020-07-10   
25943       D       A  ...  CAPA1018_100720_115932.093_0.csv  2020-07-10   
25944       D       A  ...  CAPA1018_100720_115932.093_0.csv  2020-07-10   
25945       D       A  ...  CAPA1018_100720_115932.093_0.csv  2020-07-10   

                   dttm_tc              dttm_lc              tz     date_lc  \
0      2020-07-10 12:00:41  2020-07-10 06:00:41  America/Denver  2020-07-10   
1      2020-07-10 12:00:42  2020-07-10 06:00:42  America/Denver  2020-07-10   
2      2020-07-10 12:00:43  2020-07-10 06:00:43  America/Denver  2020-07-10   
3      2020-07-10 12:00:44  2020-07-10 06:00:44  America/Denver  2020-07-10   
4      2020-07-10 12:00:45  2020-07-10 06:00:45  America/Denver  2020-07-10   
...                    ...                  ...             ...         ...   
25941  2020-07-10 13:00:00  2020-07-10 07:00:00  America/Denver  2020-07-10   
25942  2020-07-10 13:00:00  2020-07-10 07:00:00  America/Denver  2020-07-10   
25943  2020-07-10 13:00:00  2020-07-10 07:00:00  America/Denver  2020-07-10   
25944  2020-07-10 13:00:00  2020-07-10 07:00:00  America/Denver  2020-07-10   
25945  2020-07-10 13:00:00  2020-07-10 07:00:00  America/Denver  2020-07-10   

                   strt_tm              end_tim  trav_id  \
0      2020-07-10 06:00:00  2020-07-10 07:00:00       am   
1      2020-07-10 06:00:00  2020-07-10 07:00:00       am   
2      2020-07-10 06:00:00  2020-07-10 07:00:00       am   
3      2020-07-10 06:00:00  2020-07-10 07:00:00       am   
4      2020-07-10 06:00:00  2020-07-10 07:00:00       am   
...                    ...                  ...      ...   
25941  2020-07-10 06:00:00  2020-07-10 07:00:00       am   
25942  2020-07-10 06:00:00  2020-07-10 07:00:00       am   
25943  2020-07-10 06:00:00  2020-07-10 07:00:00       am   
25944  2020-07-10 06:00:00  2020-07-10 07:00:00       am   
25945  2020-07-10 06:00:00  2020-07-10 07:00:00       am   

                          geometry  
0      POINT (-106.53437 31.83414)  
1      POINT (-106.53432 31.83412)  
2       POINT (-106.53425 31.8341)  
3      POINT (-106.53416 31.83407)  
4      POINT (-106.53406 31.83404)  
...                            ...  
25941  POINT (-106.31486 31.70018)  
25942  POINT (-106.31484 31.70011)  
25943    POINT (-106.3149 31.7001)  
25944  POINT (-106.31492 31.70013)  
25945  POINT (-106.31494 31.70017)  

[25946 rows x 29 columns]"
85,"El Paso, TX",pm,pm_trav.shp,"/groups/LORTIZUR/heat-watch-data/clean/Heat Watch El Paso, TX/traverses_chw_el_paso_100220/pm_trav.shp",19680,19680,temp_f,POINT (-106.40819919007214 31.80030089473875),103.42276524390245,103.64,1.6685957583086657,91.22,108.68,17.460000000000008,102.74,104.36000000000001,1.6200000000000188,[101.84 101.84 102.02 ... 103.82 103.82 103.82],"       hasFix stlltsU    date        time altitud  course  spdKmhr  spdKnts  \
0           1       7  110720       10011  1212.4   99.32    12.55     6.77   
1           1       7  110720       10012  1212.5  100.82    17.94     9.68   
2           1       7  110720       10013  1217.7  101.61    20.47    11.05   
3           1       7  110720       10014  1218.5  101.61    20.47    11.05   
4           1       7  110720       10015  1219.2  103.47    25.83    13.94   
...       ...     ...     ...         ...     ...     ...      ...      ...   
19675       1       8  110720  014435.000  1123.3   61.17    14.93     8.06   
19676       1       8  110720  014436.000  1123.2   30.64    13.81     7.45   
19677       1       7  110720  014437.000  1123.1   30.64    13.81     7.45   
19678       1       8  110720  014438.000  1123.3  341.48    12.82     6.92   
19679       1       8  110720  014439.000  1123.5  321.47     9.55     5.15   

      RMCMode RMCStts  ...                              file     dat_cln  \
0           D       A  ...  CAPA1010_110720_005058.000_0.csv  2020-07-11   
1           D       A  ...  CAPA1010_110720_005058.000_0.csv  2020-07-11   
2           D       A  ...  CAPA1010_110720_005058.000_0.csv  2020-07-11   
3           D       A  ...  CAPA1010_110720_005058.000_0.csv  2020-07-11   
4           D       A  ...  CAPA1010_110720_005058.000_0.csv  2020-07-11   
...       ...     ...  ...                               ...         ...   
19675       D       A  ...  CAPA1018_110720_002832.000_0.csv  2020-07-11   
19676       D       A  ...  CAPA1018_110720_002832.000_0.csv  2020-07-11   
19677       D       A  ...  CAPA1018_110720_002832.000_0.csv  2020-07-11   
19678       D       A  ...  CAPA1018_110720_002832.000_0.csv  2020-07-11   
19679       D       A  ...  CAPA1018_110720_002832.000_0.csv  2020-07-11   

                   dttm_tc              dttm_lc              tz     date_lc  \
0      2020-07-11 01:00:11  2020-07-10 19:00:11  America/Denver  2020-07-10   
1      2020-07-11 01:00:12  2020-07-10 19:00:12  America/Denver  2020-07-10   
2      2020-07-11 01:00:13  2020-07-10 19:00:13  America/Denver  2020-07-10   
3      2020-07-11 01:00:14  2020-07-10 19:00:14  America/Denver  2020-07-10   
4      2020-07-11 01:00:15  2020-07-10 19:00:15  America/Denver  2020-07-10   
...                    ...                  ...             ...         ...   
19675  2020-07-11 01:44:00  2020-07-10 19:44:00  America/Denver  2020-07-10   
19676  2020-07-11 01:44:00  2020-07-10 19:44:00  America/Denver  2020-07-10   
19677  2020-07-11 01:44:00  2020-07-10 19:44:00  America/Denver  2020-07-10   
19678  2020-07-11 01:44:00  2020-07-10 19:44:00  America/Denver  2020-07-10   
19679  2020-07-11 01:44:00  2020-07-10 19:44:00  America/Denver  2020-07-10   

                   strt_tm              end_tim  trav_id  \
0      2020-07-10 19:00:00  2020-07-10 20:00:00       pm   
1      2020-07-10 19:00:00  2020-07-10 20:00:00       pm   
2      2020-07-10 19:00:00  2020-07-10 20:00:00       pm   
3      2020-07-10 19:00:00  2020-07-10 20:00:00       pm   
4      2020-07-10 19:00:00  2020-07-10 20:00:00       pm   
...                    ...                  ...      ...   
19675  2020-07-10 19:00:00  2020-07-10 20:00:00       pm   
19676  2020-07-10 19:00:00  2020-07-10 20:00:00       pm   
19677  2020-07-10 19:00:00  2020-07-10 20:00:00       pm   
19678  2020-07-10 19:00:00  2020-07-10 20:00:00       pm   
19679  2020-07-10 19:00:00  2020-07-10 20:00:00       pm   

                          geometry  
0      POINT (-106.53497 31.83422)  
1      POINT (-106.53492 31.83422)  
2      POINT (-106.53486 31.83421)  
3      POINT (-106.53479 31.83419)  
4      POINT (-106.53471 31.83418)  
...                            ...  
19675  POINT (-106.30636 31.70996)  
19676     POINT (-106.30633 31.71)  
19677  POINT (-106.30632 31.71003)  
19678  POINT (-106.30632 31.71006)  
19679  POINT (-106.30634 31.71008)  

[19680 rows x 29 columns]"
86,"Farmville, VA",af,af_trav.shp,"/groups/LORTIZUR/heat-watch-data/clean/Heat Watch Farmville, VA/traverses_chw_farmville_110121/af_trav.shp",18390,18040,temp_f,POINT (-78.3962353818662 37.29235991679021),87.74949944567628,87.39,2.3095804801860567,82.64,94.77,12.129999999999995,85.97,89.29,3.3200000000000074,[89.17 89.16 89.16 ... 87.49 87.49 86.95],"                  datetime  temp_f   hi_f     rh  \
0      2021-07-15 15:00:00   89.17  92.64  48.96   
1      2021-07-15 15:00:01   89.16  92.64  48.96   
2      2021-07-15 15:00:02   89.16  92.64  48.96   
3      2021-07-15 15:00:04   89.16  92.63  48.96   
4      2021-07-15 15:00:05   88.80  92.00  48.96   
...                    ...     ...    ...    ...   
18385  2021-07-15 15:59:55   87.50  92.40  55.94   
18386  2021-07-15 15:59:56   87.50  92.40  55.94   
18387  2021-07-15 15:59:57   87.49  92.40  55.94   
18388  2021-07-15 15:59:58   87.49  92.39  55.94   
18389  2021-07-15 15:59:59   86.95  91.02  54.94   

                                file  kmph trav_id                    geometry  
0      1008B_150721_184923.000_0.csv  5.12      af  POINT (-78.38107 37.29679)  
1      1008B_150721_184923.000_0.csv  5.49      af  POINT (-78.38106 37.29678)  
2      1008B_150721_184923.000_0.csv  5.62      af  POINT (-78.38106 37.29676)  
3      1008B_150721_184923.000_0.csv  4.85      af  POINT (-78.38103 37.29673)  
4      1008B_150721_184923.000_0.csv  5.31      af  POINT (-78.38102 37.29672)  
...                              ...   ...     ...                         ...  
18385  Front_150721_185601.000_0.csv  3.20      af  POINT (-78.39063 37.30873)  
18386  Front_150721_185601.000_0.csv  3.56      af  POINT (-78.39062 37.30872)  
18387  Front_150721_185601.000_0.csv  3.56      af  POINT (-78.39061 37.30872)  
18388  Front_150721_185601.000_0.csv  3.45      af   POINT (-78.3906 37.30872)  
18389  Front_150721_185601.000_0.csv  3.47      af  POINT (-78.39058 37.30872)  

[18390 rows x 8 columns]"
87,"Farmville, VA",am,am_trav.shp,"/groups/LORTIZUR/heat-watch-data/clean/Heat Watch Farmville, VA/traverses_chw_farmville_110121/am_trav.shp",16433,16337,temp_f,POINT (-78.39389562302327 37.295244860745534),72.14179225071922,72.03,0.9688387055991489,69.11,74.99,5.8799999999999955,71.49,72.89,1.4000000000000057,[72.14 72.14 71.6  ... 74.43 73.17 73.17],"                  datetime  temp_f   hi_f     rh  \
0      2021-07-15 06:00:01   72.14  73.46  93.88   
1      2021-07-15 06:00:02   72.14  73.46  93.88   
2      2021-07-15 06:00:03   71.60  72.87  93.88   
3      2021-07-15 06:00:04   71.60  72.87  93.88   
4      2021-07-15 06:00:05   71.60  72.87  93.88   
...                    ...     ...    ...    ...   
16428  2021-07-15 06:49:32   73.71  75.04  90.69   
16429  2021-07-15 06:49:33   73.71  75.04  90.69   
16430  2021-07-15 06:49:37   74.43  75.83  90.69   
16431  2021-07-15 06:49:38   73.17  74.44  90.69   
16432  2021-07-15 06:49:39   73.17  74.44  90.69   

                                file  kmph trav_id                    geometry  
0      1008B_150721_095128.000_0.csv  3.39      am  POINT (-78.37937 37.29557)  
1      1008B_150721_095128.000_0.csv  3.45      am  POINT (-78.37936 37.29557)  
2      1008B_150721_095128.000_0.csv  3.48      am  POINT (-78.37935 37.29556)  
3      1008B_150721_095128.000_0.csv  3.48      am  POINT (-78.37934 37.29556)  
4      1008B_150721_095128.000_0.csv  3.66      am  POINT (-78.37933 37.29555)  
...                              ...   ...     ...                         ...  
16428  Front_150721_095359.000_0.csv  4.98      am  POINT (-78.39085 37.30506)  
16429  Front_150721_095359.000_0.csv  5.02      am  POINT (-78.39084 37.30505)  
16430  Front_150721_095359.000_0.csv  4.41      am  POINT (-78.39079 37.30503)  
16431  Front_150721_095359.000_0.csv  4.52      am  POINT (-78.39078 37.30503)  
16432  Front_150721_095359.000_0.csv  3.87      am  POINT (-78.39076 37.30503)  

[16433 rows x 8 columns]"
88,"Farmville, VA",pm,pm_trav.shp,"/groups/LORTIZUR/heat-watch-data/clean/Heat Watch Farmville, VA/traverses_chw_farmville_110121/pm_trav.shp",18593,18593,temp_f,POINT (-78.39599103526494 37.289889509909756),87.95111870058624,88.01,1.9908597211918764,81.76,93.87,12.11,86.4,89.49,3.089999999999989,[87.48 87.66 87.66 ... 86.98 86.98 86.98],"                  datetime  temp_f   hi_f     rh  \
0      2021-07-15 19:00:00   87.48  92.80  57.04   
1      2021-07-15 19:00:01   87.66  93.15  57.03   
2      2021-07-15 19:00:02   87.66  93.16  57.03   
3      2021-07-15 19:00:03   87.66  93.16  57.02   
4      2021-07-15 19:00:04   87.66  93.16  57.02   
...                    ...     ...    ...    ...   
18588  2021-07-15 19:58:05   86.98  94.53  63.57   
18589  2021-07-15 19:58:06   86.98  94.53  63.56   
18590  2021-07-15 19:58:07   86.98  94.53  63.56   
18591  2021-07-15 19:58:08   86.98  94.10  62.55   
18592  2021-07-15 19:58:09   86.98  94.10  62.55   

                                file   kmph trav_id  \
0      1008B_150721_225032.000_0.csv   6.91      pm   
1      1008B_150721_225032.000_0.csv   7.63      pm   
2      1008B_150721_225032.000_0.csv   7.63      pm   
3      1008B_150721_225032.000_0.csv   5.33      pm   
4      1008B_150721_225032.000_0.csv   5.33      pm   
...                              ...    ...     ...   
18588  Front_150721_225452.000_0.csv   3.37      pm   
18589  Front_150721_225452.000_0.csv   4.93      pm   
18590  Front_150721_225452.000_0.csv   7.94      pm   
18591  Front_150721_225452.000_0.csv  10.74      pm   
18592  Front_150721_225452.000_0.csv   6.49      pm   

                         geometry  
0       POINT (-78.3808 37.29659)  
1      POINT (-78.38079 37.29658)  
2      POINT (-78.38078 37.29657)  
3      POINT (-78.38077 37.29656)  
4      POINT (-78.38075 37.29655)  
...                           ...  
18588  POINT (-78.38841 37.30781)  
18589  POINT (-78.38842 37.30782)  
18590  POINT (-78.38845 37.30782)  
18591  POINT (-78.38848 37.30783)  
18592   POINT (-78.3885 37.30785)  

[18593 rows x 8 columns]"
89,"Fort Lauderdale, FL",af,af_trav.shp,"/groups/LORTIZUR/heat-watch-data/clean/Heat Watch Fort Lauderdale, FL/traverses_chw_fort_lauderdale/af_trav.shp",17546,17546,temp_f,POINT (-80.14424376266881 26.140023368430167),87.49842357232417,87.62,1.6253340562037388,83.12,94.46000000000001,11.340000000000003,86.9,88.52,1.6199999999999903,[89.78 89.78 89.6  ... 84.56 84.56 84.56],"       hasFix stlltsU    date        time altitud course  spdKmhr  spdKnts  \
0           1       8  180919  190036.000     3.0   4.73     9.74     5.25   
1           1       8  180919  190037.000     2.8   4.73     9.74     5.25   
2           1       8  180919  190038.000     2.5   6.72    12.13     6.54   
3           1       8  180919  190039.000     2.1   0.77    16.02     8.65   
4           1       8  180919  190040.000     1.9   0.08    15.54     8.39   
...       ...     ...     ...         ...     ...    ...      ...      ...   
17541       1       9  210919  194500.000    10.8  79.77    17.69     9.55   
17542       1       9  210919  194501.000    11.1  75.30    16.10     8.69   
17543       1       9  210919  194502.000    10.1  75.30    16.10     8.69   
17544       1       9  210919  194503.000     9.8  68.12    13.96     7.54   
17545       1       9  210919  194504.000     9.3  79.86     9.76     5.27   

      RMCMode RMCStts  ...                            file     dat_cln  \
0           A       A  ...  CAPA67_180919_185531.096_0.csv  2019-09-18   
1           A       A  ...  CAPA67_180919_185531.096_0.csv  2019-09-18   
2           A       A  ...  CAPA67_180919_185531.096_0.csv  2019-09-18   
3           A       A  ...  CAPA67_180919_185531.096_0.csv  2019-09-18   
4           A       A  ...  CAPA67_180919_185531.096_0.csv  2019-09-18   
...       ...     ...  ...                             ...         ...   
17541       D       A  ...  CAPA73_210919_184928.000_0.csv  2019-09-21   
17542       D       A  ...  CAPA73_210919_184928.000_0.csv  2019-09-21   
17543       D       A  ...  CAPA73_210919_184928.000_0.csv  2019-09-21   
17544       D       A  ...  CAPA73_210919_184928.000_0.csv  2019-09-21   
17545       D       A  ...  CAPA73_210919_184928.000_0.csv  2019-09-21   

                   dttm_tc              dttm_lc                tz     date_lc  \
0      2019-09-18 19:00:00  2019-09-18 15:00:00  America/New_York  2019-09-18   
1      2019-09-18 19:00:00  2019-09-18 15:00:00  America/New_York  2019-09-18   
2      2019-09-18 19:00:00  2019-09-18 15:00:00  America/New_York  2019-09-18   
3      2019-09-18 19:00:00  2019-09-18 15:00:00  America/New_York  2019-09-18   
4      2019-09-18 19:00:00  2019-09-18 15:00:00  America/New_York  2019-09-18   
...                    ...                  ...               ...         ...   
17541  2019-09-21 19:45:00  2019-09-21 15:45:00  America/New_York  2019-09-21   
17542  2019-09-21 19:45:00  2019-09-21 15:45:00  America/New_York  2019-09-21   
17543  2019-09-21 19:45:00  2019-09-21 15:45:00  America/New_York  2019-09-21   
17544  2019-09-21 19:45:00  2019-09-21 15:45:00  America/New_York  2019-09-21   
17545  2019-09-21 19:45:00  2019-09-21 15:45:00  America/New_York  2019-09-21   

                   strt_tm              end_tim  trav_id  \
0      2019-09-18 15:00:00  2019-09-18 16:00:00       af   
1      2019-09-18 15:00:00  2019-09-18 16:00:00       af   
2      2019-09-18 15:00:00  2019-09-18 16:00:00       af   
3      2019-09-18 15:00:00  2019-09-18 16:00:00       af   
4      2019-09-18 15:00:00  2019-09-18 16:00:00       af   
...                    ...                  ...      ...   
17541  2019-09-21 15:00:00  2019-09-21 16:00:00       af   
17542  2019-09-21 15:00:00  2019-09-21 16:00:00       af   
17543  2019-09-21 15:00:00  2019-09-21 16:00:00       af   
17544  2019-09-21 15:00:00  2019-09-21 16:00:00       af   
17545  2019-09-21 15:00:00  2019-09-21 16:00:00       af   

                         geometry  
0      POINT (-80.16566 26.12048)  
1       POINT (-80.16566 26.1205)  
2      POINT (-80.16566 26.12054)  
3      POINT (-80.16566 26.12058)  
4      POINT (-80.16566 26.12062)  
...                           ...  
17541  POINT (-80.15638 26.19265)  
17542  POINT (-80.15633 26.19266)  
17543  POINT (-80.15628 26.19268)  
17544  POINT (-80.15624 26.19269)  
17545    POINT (-80.1562 26.1927)  

[17546 rows x 29 columns]"
90,"Fort Lauderdale, FL",am,am_trav.shp,"/groups/LORTIZUR/heat-watch-data/clean/Heat Watch Fort Lauderdale, FL/traverses_chw_fort_lauderdale/am_trav.shp",20781,20781,temp_f,POINT (-80.14532206146889 26.13790618689124),78.28697271546123,78.25999999999999,1.251839173486718,75.38,81.68,6.300000000000011,77.72,78.98,1.2600000000000051,[79.88 79.88 79.88 ... 78.08 78.08 78.08],"       hasFix stlltsU    date        time altitud  course  spdKmhr  spdKnts  \
0           1      11  180919  100015.000    12.2  180.49    19.41    10.47   
1           1      11  180919  100016.000    12.3  179.21    24.48    13.21   
2           1      11  180919  100017.000    12.5  170.85    24.56    13.26   
3           1      11  180919  100018.000    12.7  158.10    25.08    13.53   
4           1      11  180919  100019.000    12.8  158.10    25.08    13.53   
...       ...     ...     ...         ...     ...     ...      ...      ...   
20776       1      10  230919  110017.000    -0.8   59.38    12.04     6.50   
20777       1      10  230919  110018.000    -0.4   83.20    11.14     6.01   
20778       1      10  230919  110019.000    -0.4  110.31     9.94     5.36   
20779       1      10  230919  110020.000     0.1  123.49     8.24     4.45   
20780       1      10  230919  110021.000     0.6  123.49     8.24     4.45   

      RMCMode RMCStts  ...                            file     dat_cln  \
0           D       A  ...  CAPA67_180919_095028.000_0.csv  2019-09-18   
1           D       A  ...  CAPA67_180919_095028.000_0.csv  2019-09-18   
2           D       A  ...  CAPA67_180919_095028.000_0.csv  2019-09-18   
3           D       A  ...  CAPA67_180919_095028.000_0.csv  2019-09-18   
4           D       A  ...  CAPA67_180919_095028.000_0.csv  2019-09-18   
...       ...     ...  ...                             ...         ...   
20776       D       A  ...  CAPA80_230919_095000.300_0.csv  2019-09-23   
20777       D       A  ...  CAPA80_230919_095000.300_0.csv  2019-09-23   
20778       D       A  ...  CAPA80_230919_095000.300_0.csv  2019-09-23   
20779       D       A  ...  CAPA80_230919_095000.300_0.csv  2019-09-23   
20780       D       A  ...  CAPA80_230919_095000.300_0.csv  2019-09-23   

                   dttm_tc              dttm_lc                tz     date_lc  \
0      2019-09-18 10:00:00  2019-09-18 06:00:00  America/New_York  2019-09-18   
1      2019-09-18 10:00:00  2019-09-18 06:00:00  America/New_York  2019-09-18   
2      2019-09-18 10:00:00  2019-09-18 06:00:00  America/New_York  2019-09-18   
3      2019-09-18 10:00:00  2019-09-18 06:00:00  America/New_York  2019-09-18   
4      2019-09-18 10:00:00  2019-09-18 06:00:00  America/New_York  2019-09-18   
...                    ...                  ...               ...         ...   
20776  2019-09-23 11:00:00  2019-09-23 07:00:00  America/New_York  2019-09-23   
20777  2019-09-23 11:00:00  2019-09-23 07:00:00  America/New_York  2019-09-23   
20778  2019-09-23 11:00:00  2019-09-23 07:00:00  America/New_York  2019-09-23   
20779  2019-09-23 11:00:00  2019-09-23 07:00:00  America/New_York  2019-09-23   
20780  2019-09-23 11:00:00  2019-09-23 07:00:00  America/New_York  2019-09-23   

                   strt_tm              end_tim  trav_id  \
0      2019-09-18 06:00:00  2019-09-18 07:00:00       am   
1      2019-09-18 06:00:00  2019-09-18 07:00:00       am   
2      2019-09-18 06:00:00  2019-09-18 07:00:00       am   
3      2019-09-18 06:00:00  2019-09-18 07:00:00       am   
4      2019-09-18 06:00:00  2019-09-18 07:00:00       am   
...                    ...                  ...      ...   
20776  2019-09-23 06:00:00  2019-09-23 07:00:00       am   
20777  2019-09-23 06:00:00  2019-09-23 07:00:00       am   
20778  2019-09-23 06:00:00  2019-09-23 07:00:00       am   
20779  2019-09-23 06:00:00  2019-09-23 07:00:00       am   
20780  2019-09-23 06:00:00  2019-09-23 07:00:00       am   

                         geometry  
0        POINT (-80.16943 26.122)  
1      POINT (-80.16943 26.12195)  
2      POINT (-80.16942 26.12188)  
3      POINT (-80.16941 26.12182)  
4      POINT (-80.16938 26.12177)  
...                           ...  
20776  POINT (-80.18575 26.10515)  
20777  POINT (-80.18572 26.10516)  
20778  POINT (-80.18569 26.10515)  
20779  POINT (-80.18567 26.10514)  
20780  POINT (-80.18565 26.10513)  

[20781 rows x 29 columns]"
91,"Fort Lauderdale, FL",pm,pm_trav.shp,"/groups/LORTIZUR/heat-watch-data/clean/Heat Watch Fort Lauderdale, FL/traverses_chw_fort_lauderdale/pm_trav.shp",16116,16116,temp_f,POINT (-80.14463230744103 26.141999804807604),83.26160089352196,83.30000000000001,0.8537873915454435,80.42,85.28,4.859999999999999,82.94,83.84,0.9000000000000057,[84.92 84.92 85.1  ... 81.5  81.5  81.5 ],"       hasFix stlltsU    date        time altitud course  spdKmhr  spdKnts  \
0           1       9  180919  230121.000     1.6  33.26     9.05     4.88   
1           1       9  180919  230123.000     1.3  76.92     9.05    15.27   
2           1       9  180919  230124.000       1  83.73    36.30    19.59   
3           1       9  180919  230125.000     0.7  86.63    43.11    23.27   
4           1       9  180919  230126.000     0.3  86.63    43.11    23.27   
...       ...     ...     ...         ...     ...    ...      ...      ...   
16111       1      10  210919  234513.000     2.2  90.54    20.40    11.01   
16112       1      10  210919  234514.000     1.9  93.62    17.28     9.33   
16113       1      10  210919  234515.000     1.8   96.2    14.85     8.01   
16114       1      10  210919  234516.000     1.6  98.83     9.71     5.24   
16115       1      10  210919  234517.000     1.5  98.83     9.71     5.24   

      RMCMode RMCStts  ...                            file     dat_cln  \
0           D       A  ...  CAPA67_180919_224535.000_0.csv  2019-09-18   
1           D       A  ...  CAPA67_180919_224535.000_0.csv  2019-09-18   
2           D       A  ...  CAPA67_180919_224535.000_0.csv  2019-09-18   
3           D       A  ...  CAPA67_180919_224535.000_0.csv  2019-09-18   
4           D       A  ...  CAPA67_180919_224535.000_0.csv  2019-09-18   
...       ...     ...  ...                             ...         ...   
16111       D       A  ...  CAPA73_210919_225134.000_0.csv  2019-09-21   
16112       D       A  ...  CAPA73_210919_225134.000_0.csv  2019-09-21   
16113       D       A  ...  CAPA73_210919_225134.000_0.csv  2019-09-21   
16114       D       A  ...  CAPA73_210919_225134.000_0.csv  2019-09-21   
16115       D       A  ...  CAPA73_210919_225134.000_0.csv  2019-09-21   

                   dttm_tc              dttm_lc                tz     date_lc  \
0      2019-09-18 23:01:00  2019-09-18 19:01:00  America/New_York  2019-09-18   
1      2019-09-18 23:01:00  2019-09-18 19:01:00  America/New_York  2019-09-18   
2      2019-09-18 23:01:00  2019-09-18 19:01:00  America/New_York  2019-09-18   
3      2019-09-18 23:01:00  2019-09-18 19:01:00  America/New_York  2019-09-18   
4      2019-09-18 23:01:00  2019-09-18 19:01:00  America/New_York  2019-09-18   
...                    ...                  ...               ...         ...   
16111  2019-09-21 23:45:00  2019-09-21 19:45:00  America/New_York  2019-09-21   
16112  2019-09-21 23:45:00  2019-09-21 19:45:00  America/New_York  2019-09-21   
16113  2019-09-21 23:45:00  2019-09-21 19:45:00  America/New_York  2019-09-21   
16114  2019-09-21 23:45:00  2019-09-21 19:45:00  America/New_York  2019-09-21   
16115  2019-09-21 23:45:00  2019-09-21 19:45:00  America/New_York  2019-09-21   

                   strt_tm              end_tim  trav_id  \
0      2019-09-18 19:00:00  2019-09-18 20:00:00       pm   
1      2019-09-18 19:00:00  2019-09-18 20:00:00       pm   
2      2019-09-18 19:00:00  2019-09-18 20:00:00       pm   
3      2019-09-18 19:00:00  2019-09-18 20:00:00       pm   
4      2019-09-18 19:00:00  2019-09-18 20:00:00       pm   
...                    ...                  ...      ...   
16111  2019-09-21 19:00:00  2019-09-21 20:00:00       pm   
16112  2019-09-21 19:00:00  2019-09-21 20:00:00       pm   
16113  2019-09-21 19:00:00  2019-09-21 20:00:00       pm   
16114  2019-09-21 19:00:00  2019-09-21 20:00:00       pm   
16115  2019-09-21 19:00:00  2019-09-21 20:00:00       pm   

                         geometry  
0      POINT (-80.16508 26.12164)  
1      POINT (-80.16498 26.12168)  
2       POINT (-80.16489 26.1217)  
3      POINT (-80.16478 26.12171)  
4      POINT (-80.16466 26.12171)  
...                           ...  
16111  POINT (-80.15567 26.19266)  
16112  POINT (-80.15562 26.19265)  
16113  POINT (-80.15557 26.19265)  
16114  POINT (-80.15554 26.19264)  
16115  POINT (-80.15552 26.19264)  

[16116 rows x 29 columns]"
92,"Harrisonburg, VA",af,af_trav.shp,"/groups/LORTIZUR/heat-watch-data/clean/Heat Watch Harrisonburg, VA/traverses_chw_harrisonburg_102921/af_trav.shp",7479,7447,temp_f,POINT (-78.86446278685908 38.43271762676749),89.29865180609642,89.57,1.8291065614016853,84.49,94.26,9.77000000000001,88.11,90.63,2.519999999999996,[93.71 93.71 92.45 ... 91.87 91.87 91.69],"                  datetim  temp_f  ht_ndx_      rh  \
0     2021-07-15 15:00:08   93.71    90.77    28.0   
1     2021-07-15 15:00:09   93.71    90.77    28.0   
2     2021-07-15 15:00:12   92.45    89.34    28.0   
3     2021-07-15 15:00:13   92.45    89.35    28.0   
4     2021-07-15 15:00:14   92.27    89.15    28.0   
...                   ...     ...      ...     ...   
7474  2021-07-15 15:52:46   90.43 -9999.00 -9999.0   
7475  2021-07-15 15:53:22   91.15 -9999.00 -9999.0   
7476  2021-07-15 15:53:22   91.87 -9999.00 -9999.0   
7477  2021-07-15 15:53:22   91.87 -9999.00 -9999.0   
7478  2021-07-15 15:53:22   91.69 -9999.00 -9999.0   

                              file  spdKmhr trav_id  \
0     1111_150721_184733.000_0.csv     8.06      af   
1     1111_150721_184733.000_0.csv    10.38      af   
2     1111_150721_184733.000_0.csv    15.84      af   
3     1111_150721_184733.000_0.csv    18.40      af   
4     1111_150721_184733.000_0.csv    17.80      af   
...                            ...      ...     ...   
7474  1118_150721_185052.000_0.csv    16.20      af   
7475  1118_150721_185052.000_0.csv    30.78      af   
7476  1118_150721_185052.000_0.csv    30.78      af   
7477  1118_150721_185052.000_0.csv    30.78      af   
7478  1118_150721_185052.000_0.csv    30.78      af   

                        geometry  
0     POINT (-78.84963 38.43061)  
1     POINT (-78.84964 38.43059)  
2     POINT (-78.84963 38.43048)  
3     POINT (-78.84962 38.43044)  
4      POINT (-78.8496 38.43039)  
...                          ...  
7474  POINT (-78.87672 38.44473)  
7475  POINT (-78.87672 38.44473)  
7476  POINT (-78.87672 38.44473)  
7477  POINT (-78.87672 38.44473)  
7478  POINT (-78.87672 38.44473)  

[7479 rows x 8 columns]"
93,"Harrisonburg, VA",am,am_trav.shp,"/groups/LORTIZUR/heat-watch-data/clean/Heat Watch Harrisonburg, VA/traverses_chw_harrisonburg_102921/am_trav.shp",11179,11103,temp_f,POINT (-78.88696323303334 38.424133312612675),67.30793299108349,67.07,1.3065368826749246,63.98,70.66,6.68,66.49,68.17,1.6800000000000068,[68.87 68.87 68.15 ... 68.1  67.74 67.92],"                   datetim  temp_f  ht_ndx_    rh  \
0      2021-07-15 06:00:07   68.87    69.58  88.0   
1      2021-07-15 06:00:08   68.87    69.58  88.0   
2      2021-07-15 06:00:09   68.15    68.74  87.0   
3      2021-07-15 06:00:10   68.15    68.74  87.0   
4      2021-07-15 06:00:11   68.87    69.58  88.0   
...                    ...     ...      ...   ...   
11174  2021-07-15 06:59:32   67.38    67.93  87.4   
11175  2021-07-15 06:59:33   68.10    68.73  87.4   
11176  2021-07-15 06:59:34   68.10    68.73  87.4   
11177  2021-07-15 06:59:35   67.74    68.33  87.4   
11178  2021-07-15 07:00:00   67.92    68.53  87.4   

                               file  spdKmhr trav_id  \
0      1111_150721_094626.000_0.csv     9.94      am   
1      1111_150721_094626.000_0.csv     9.94      am   
2      1111_150721_094626.000_0.csv    15.33      am   
3      1111_150721_094626.000_0.csv    19.71      am   
4      1111_150721_094626.000_0.csv    26.39      am   
...                             ...      ...     ...   
11174  1118_150721_094454.297_0.csv    34.16      am   
11175  1118_150721_094454.297_0.csv    31.51      am   
11176  1118_150721_094454.297_0.csv    24.46      am   
11177  1118_150721_094454.297_0.csv    24.46      am   
11178  1118_150721_094454.297_0.csv    11.94      am   

                         geometry  
0       POINT (-78.8495 38.42977)  
1      POINT (-78.84952 38.42975)  
2      POINT (-78.84956 38.42973)  
3      POINT (-78.84961 38.42972)  
4       POINT (-78.84968 38.4297)  
...                           ...  
11174   POINT (-78.8848 38.44104)  
11175  POINT (-78.88474 38.44097)  
11176   POINT (-78.8847 38.44091)  
11177  POINT (-78.88467 38.44088)  
11178  POINT (-78.88459 38.44081)  

[11179 rows x 8 columns]"
94,"Harrisonburg, VA",pm,pm_trav.shp,"/groups/LORTIZUR/heat-watch-data/clean/Heat Watch Harrisonburg, VA/traverses_chw_harrisonburg_102921/pm_trav.shp",10728,10671,temp_f,POINT (-78.8850496246022 38.424348733227184),83.32936744447568,83.6,1.403371178093632,79.31,87.21,7.8999999999999915,82.32,84.32,2.0,[82.88 82.88 83.06 ... 85.99 85.99 86.  ],"                   datetim  temp_f  ht_ndx_    rh  \
0      2021-07-15 19:00:08   82.88    84.13  48.0   
1      2021-07-15 19:00:09   82.88    84.13  48.0   
2      2021-07-15 19:00:10   83.06    84.35  48.0   
3      2021-07-15 19:00:11   83.06    84.35  48.0   
4      2021-07-15 19:00:12   83.24    84.58  48.0   
...                    ...     ...      ...   ...   
10723  2021-07-15 19:59:55   85.81    87.92  55.4   
10724  2021-07-15 19:59:56   85.81    87.92  55.4   
10725  2021-07-15 19:59:57   85.99    88.20  55.4   
10726  2021-07-15 19:59:58   85.99    88.20  55.4   
10727  2021-07-15 19:59:59   86.00    88.20  55.4   

                               file  spdKmhr trav_id  \
0      1111_150721_224833.000_0.csv    13.50      pm   
1      1111_150721_224833.000_0.csv    18.60      pm   
2      1111_150721_224833.000_0.csv    24.08      pm   
3      1111_150721_224833.000_0.csv    24.08      pm   
4      1111_150721_224833.000_0.csv    30.17      pm   
...                             ...      ...     ...   
10723  1118_150721_230312.000_0.csv    40.10      pm   
10724  1118_150721_230312.000_0.csv    35.56      pm   
10725  1118_150721_230312.000_0.csv    34.55      pm   
10726  1118_150721_230312.000_0.csv    36.23      pm   
10727  1118_150721_230312.000_0.csv    36.23      pm   

                         geometry  
0      POINT (-78.84952 38.42979)  
1      POINT (-78.84956 38.42978)  
2      POINT (-78.84963 38.42977)  
3      POINT (-78.84972 38.42976)  
4      POINT (-78.84981 38.42975)  
...                           ...  
10723  POINT (-78.87389 38.44787)  
10724  POINT (-78.87382 38.44794)  
10725    POINT (-78.87374 38.448)  
10726  POINT (-78.87367 38.44808)  
10727   POINT (-78.8736 38.44815)  

[10728 rows x 8 columns]"
95,"Honolulu, HI",af,af_trav.shp,"/groups/LORTIZUR/heat-watch-data/clean/Heat Watch Honolulu, HI/traverses_chw_honolulu/af_trav.shp",24563,24563,temp_f,POINT (-157.93702612056168 21.403981177819375),87.42482351504295,87.44,2.5579724230308725,80.96000000000001,94.82,13.859999999999985,85.64,89.24000000000001,3.6000000000000085,[89.24 89.24 89.42 ... 86.18 86.36 86.36],"       hasFix stlltsU   date   time altitud  course  spdKmhr  spdKnts RMCMode  \
0           1      11  10919  10000     4.3    90.7    52.32    28.24       A   
1           1      11  10919  10001     3.8   90.83    52.41    28.28       A   
2           1      11  10919  10002     3.4   91.21    52.34    28.24       A   
3           1      11  10919  10003     2.9   91.17    51.99    28.05       A   
4           1      11  10919  10004     2.9   90.99    52.53    28.35       A   
...       ...     ...    ...    ...     ...     ...      ...      ...     ...   
24558       1      11  10919  14958      20  138.77    35.08    18.93       D   
24559       1      11  10919  14959    20.2  138.77    35.08    18.93       D   
24560       1      11  10919  15000    19.9  135.52    21.19    11.44       D   
24561       1      11  10919  15001    19.6  136.54    15.30     8.26       D   
24562       1      11  10919  15002    19.6  136.17    10.20     5.50       D   

      RMCStts  ...   ht_ndx_f   ht_ndx_c                        file  \
0           A  ...  97.075271  36.152929  CAPA51_010919_005422_000_0   
1           A  ...  97.075271  36.152929  CAPA51_010919_005422_000_0   
2           A  ...  97.422919  36.346066  CAPA51_010919_005422_000_0   
3           A  ...  97.422919  36.346066  CAPA51_010919_005422_000_0   
4           A  ...  96.923652  36.068696  CAPA51_010919_005422_000_0   
...       ...  ...        ...        ...                         ...   
24558       A  ...  93.872007  34.373337  CAPA62_050180_005630_300_0   
24559       A  ...  94.039031  34.466128  CAPA62_050180_005630_300_0   
24560       A  ...  94.039031  34.466128  CAPA62_050180_005630_300_0   
24561       A  ...  94.838784  34.910436  CAPA62_050180_005630_300_0   
24562       A  ...  94.838784  34.910436  CAPA62_050180_005630_300_0   

          dat_cln              dttm_tc              dttm_lc                tz  \
0      2019-09-01  2019-09-01 01:00:00  2019-08-31 15:00:00  Pacific/Honolulu   
1      2019-09-01  2019-09-01 01:00:01  2019-08-31 15:00:01  Pacific/Honolulu   
2      2019-09-01  2019-09-01 01:00:02  2019-08-31 15:00:02  Pacific/Honolulu   
3      2019-09-01  2019-09-01 01:00:03  2019-08-31 15:00:03  Pacific/Honolulu   
4      2019-09-01  2019-09-01 01:00:04  2019-08-31 15:00:04  Pacific/Honolulu   
...           ...                  ...                  ...               ...   
24558  2019-09-01  2019-09-01 01:49:58  2019-08-31 15:49:58  Pacific/Honolulu   
24559  2019-09-01  2019-09-01 01:49:59  2019-08-31 15:49:59  Pacific/Honolulu   
24560  2019-09-01  2019-09-01 01:50:00  2019-08-31 15:50:00  Pacific/Honolulu   
24561  2019-09-01  2019-09-01 01:50:01  2019-08-31 15:50:01  Pacific/Honolulu   
24562  2019-09-01  2019-09-01 01:50:02  2019-08-31 15:50:02  Pacific/Honolulu   

          date_lc  trav_id                     geometry  
0      2019-09-01       af  POINT (-158.13215 21.58127)  
1      2019-09-01       af  POINT (-158.13201 21.58127)  
2      2019-09-01       af  POINT (-158.13187 21.58127)  
3      2019-09-01       af  POINT (-158.13173 21.58126)  
4      2019-09-01       af  POINT (-158.13159 21.58126)  
...           ...      ...                          ...  
24558  2019-09-01       af  POINT (-157.78672 21.26666)  
24559  2019-09-01       af   POINT (-157.78666 21.2666)  
24560  2019-09-01       af  POINT (-157.78663 21.26656)  
24561  2019-09-01       af  POINT (-157.78661 21.26654)  
24562  2019-09-01       af  POINT (-157.78659 21.26652)  

[24563 rows x 27 columns]"
96,"Honolulu, HI",am,am_trav.shp,"/groups/LORTIZUR/heat-watch-data/clean/Heat Watch Honolulu, HI/traverses_chw_honolulu/am_trav.shp",26258,26258,temp_f,POINT (-157.93400907190153 21.40057619380314),78.49582755731586,79.16,2.3530677673752716,70.16,82.75999999999999,12.599999999999994,77.53999999999999,80.24000000000001,2.700000000000017,[79.88 79.7  79.7  ... 79.7  79.7  79.7 ],"       hasFix stlltsU    date    time altitud  course  spdKmhr  spdKnts  \
0           1       8  310819  160137      16  137.56     9.19     4.96   
1           1       8  310819  160138    15.8  140.12     9.54     5.15   
2           1       8  310819  160139    15.5   148.4     9.52     5.14   
3           1       8  310819  160140    15.3  149.59    10.07     5.43   
4           1       8  310819  160141    15.1  149.59    10.07     5.43   
...       ...     ...     ...     ...     ...     ...      ...      ...   
26253       1      10  310819  165213    14.9  307.48    25.08    13.54   
26254       1      10  310819  165214    14.9  308.58    21.60    11.66   
26255       1       9  310819  165215    14.9  308.26    16.39     8.85   
26256       1      10  310819  165216    14.9  304.24    10.40     5.61   
26257       1       9  310819  165217    14.9  304.24    10.40     5.61   

      RMCMode RMCStts  ...  ht_ndx_f   ht_ndx_c                        file  \
0           A       A  ...   81.1870  27.326111  CAPA51_310819_155730_213_0   
1           A       A  ...   80.9937  27.218722  CAPA51_310819_155730_213_0   
2           A       A  ...   80.9937  27.218722  CAPA51_310819_155730_213_0   
3           A       A  ...   80.7957  27.108722  CAPA51_310819_155730_213_0   
4           A       A  ...   80.7957  27.108722  CAPA51_310819_155730_213_0   
...       ...     ...  ...       ...        ...                         ...   
26253       D       A  ...   81.5201  27.511167  CAPA62_310819_160001_094_0   
26254       D       A  ...   81.5201  27.511167  CAPA62_310819_160001_094_0   
26255       D       A  ...   81.5201  27.511167  CAPA62_310819_160001_094_0   
26256       D       A  ...   81.5248  27.513778  CAPA62_310819_160001_094_0   
26257       D       A  ...   81.5248  27.513778  CAPA62_310819_160001_094_0   

          dat_cln              dttm_tc              dttm_lc                tz  \
0      2019-08-31  2019-08-31 16:01:37  2019-08-31 06:01:37  Pacific/Honolulu   
1      2019-08-31  2019-08-31 16:01:38  2019-08-31 06:01:38  Pacific/Honolulu   
2      2019-08-31  2019-08-31 16:01:39  2019-08-31 06:01:39  Pacific/Honolulu   
3      2019-08-31  2019-08-31 16:01:40  2019-08-31 06:01:40  Pacific/Honolulu   
4      2019-08-31  2019-08-31 16:01:41  2019-08-31 06:01:41  Pacific/Honolulu   
...           ...                  ...                  ...               ...   
26253  2019-08-31  2019-08-31 16:52:13  2019-08-31 06:52:13  Pacific/Honolulu   
26254  2019-08-31  2019-08-31 16:52:14  2019-08-31 06:52:14  Pacific/Honolulu   
26255  2019-08-31  2019-08-31 16:52:15  2019-08-31 06:52:15  Pacific/Honolulu   
26256  2019-08-31  2019-08-31 16:52:16  2019-08-31 06:52:16  Pacific/Honolulu   
26257  2019-08-31  2019-08-31 16:52:17  2019-08-31 06:52:17  Pacific/Honolulu   

          date_lc  trav_id                     geometry  
0      2019-08-31       am  POINT (-158.14036 21.58287)  
1      2019-08-31       am  POINT (-158.14035 21.58285)  
2      2019-08-31       am  POINT (-158.14033 21.58282)  
3      2019-08-31       am   POINT (-158.14032 21.5828)  
4      2019-08-31       am  POINT (-158.14031 21.58277)  
...           ...      ...                          ...  
26253  2019-08-31       am   POINT (-157.78599 21.2675)  
26254  2019-08-31       am  POINT (-157.78604 21.26754)  
26255  2019-08-31       am  POINT (-157.78608 21.26757)  
26256  2019-08-31       am  POINT (-157.78611 21.26759)  
26257  2019-08-31       am   POINT (-157.78613 21.2676)  

[26258 rows x 27 columns]"
97,"Honolulu, HI",pm,pm_trav.shp,"/groups/LORTIZUR/heat-watch-data/clean/Heat Watch Honolulu, HI/traverses_chw_honolulu/pm_trav.shp",26635,26635,temp_f,POINT (-157.935156942513 21.401378517209693),81.55536850009386,81.68,1.7293022631058714,75.38,85.1,9.719999999999999,80.78,82.75999999999999,1.9799999999999898,[84.56 84.56 84.56 ... 82.22 82.22 82.22],"       hasFix stlltsU   date   time altitud course  spdKmhr  spdKnts RMCMode  \
0           1       9  10919  50016    20.6  56.49     8.45     4.56       A   
1           1       9  10919  50018    20.6  59.59    10.38     5.60       A   
2           1       9  10919  50019    20.6  65.18    10.98     5.92       A   
3           1       9  10919  50020    20.5  71.01    12.04     6.50       A   
4           1       9  10919  50021    20.5  71.01    12.04     6.50       A   
...       ...     ...    ...    ...     ...    ...      ...      ...     ...   
26630       1       9  10919  55955    20.9  49.72    48.07    25.94       D   
26631       1       9  10919  55956    20.8  49.72    48.07    25.94       D   
26632       1       9  10919  55958    20.3  43.17    50.47    27.24       D   
26633       1       8  10919  55959    20.4   42.5    51.96    28.04       D   
26634       1       9  10919  60000    20.5  42.77    53.36    28.79       D   

      RMCStts  ...   ht_ndx_f   ht_ndx_c                        file  \
0           A  ...  89.318750  31.843750  CAPA51_010919_045701_082_0   
1           A  ...  89.318750  31.843750  CAPA51_010919_045701_082_0   
2           A  ...  89.318750  31.843750  CAPA51_010919_045701_082_0   
3           A  ...  89.349714  31.860952  CAPA51_010919_045701_082_0   
4           A  ...  89.349714  31.860952  CAPA51_010919_045701_082_0   
...       ...  ...        ...        ...                         ...   
26630       A  ...  88.883535  31.601964  CAPA62_010919_045254_219_0   
26631       A  ...  88.857559  31.587533  CAPA62_010919_045254_219_0   
26632       A  ...  88.857559  31.587533  CAPA62_010919_045254_219_0   
26633       A  ...  88.831620  31.573122  CAPA62_010919_045254_219_0   
26634       A  ...  88.831620  31.573122  CAPA62_010919_045254_219_0   

          dat_cln              dttm_tc              dttm_lc                tz  \
0      2019-09-01  2019-09-01 05:00:16  2019-08-31 19:00:16  Pacific/Honolulu   
1      2019-09-01  2019-09-01 05:00:18  2019-08-31 19:00:18  Pacific/Honolulu   
2      2019-09-01  2019-09-01 05:00:19  2019-08-31 19:00:19  Pacific/Honolulu   
3      2019-09-01  2019-09-01 05:00:20  2019-08-31 19:00:20  Pacific/Honolulu   
4      2019-09-01  2019-09-01 05:00:21  2019-08-31 19:00:21  Pacific/Honolulu   
...           ...                  ...                  ...               ...   
26630  2019-09-01  2019-09-01 05:59:55  2019-08-31 19:59:55  Pacific/Honolulu   
26631  2019-09-01  2019-09-01 05:59:56  2019-08-31 19:59:56  Pacific/Honolulu   
26632  2019-09-01  2019-09-01 05:59:58  2019-08-31 19:59:58  Pacific/Honolulu   
26633  2019-09-01  2019-09-01 05:59:59  2019-08-31 19:59:59  Pacific/Honolulu   
26634  2019-09-01  2019-09-01 06:00:00  2019-08-31 20:00:00  Pacific/Honolulu   

          date_lc  trav_id                     geometry  
0      2019-09-01       pm  POINT (-158.14052 21.58271)  
1      2019-09-01       pm  POINT (-158.14047 21.58274)  
2      2019-09-01       pm  POINT (-158.14044 21.58275)  
3      2019-09-01       pm  POINT (-158.14042 21.58276)  
4      2019-09-01       pm  POINT (-158.14038 21.58277)  
...           ...      ...                          ...  
26630  2019-09-01       pm  POINT (-157.78944 21.26895)  
26631  2019-09-01       pm  POINT (-157.78934 21.26903)  
26632  2019-09-01       pm  POINT (-157.78916 21.26922)  
26633  2019-09-01       pm  POINT (-157.78906 21.26932)  
26634  2019-09-01       pm  POINT (-157.78896 21.26942)  

[26635 rows x 27 columns]"
98,"Houston and Harris County, TX",af,af_trav.shp,"/groups/LORTIZUR/heat-watch-data/clean/Heat Watch Houston and Harris County, TX/traverses_chw_houston_harris_county_112320/af_trav.shp",75713,75713,temp_f,POINT (-95.33347644234186 29.771882316599605),94.33410722068865,94.28,1.480316729865646,86.18,103.28,17.099999999999994,93.38,95.18,1.8000000000000114,[95.54 95.54 95.54 ... 95.54 95.36 95.36],"       hasFix stlltsU    date        time altitud  course  spdKmhr  spdKnts  \
0           1       8  070820  200546.000    20.5  329.25    11.48     6.20   
1           1       8  070820  200547.000    20.5  335.00    13.35     7.21   
2           1       8  070820  200548.000    20.5  334.58    14.66     7.91   
3           1       8  070820  200549.000    20.5  339.26    15.37     8.30   
4           1       8  070820  200550.000    20.5  339.26    15.37     8.30   
...       ...     ...     ...         ...     ...     ...      ...      ...   
75708       1       8  070820  210055.000    13.5  151.76    25.20    13.60   
75709       1       8  070820  210056.000    13.5  151.76    25.20    13.60   
75710       1       8  070820  210057.000    13.4  153.07    39.92    21.54   
75711       1       8  070820  210058.000    13.2  151.44    39.89    21.53   
75712       1       8  070820  210059.000    13.1  149.64    40.92    22.08   

      RMCMode RMCStts  ...              dttm_tc              dttm_lc  \
0           A       A  ...  2020-08-07 20:05:00  2020-08-07 15:05:00   
1           A       A  ...  2020-08-07 20:05:00  2020-08-07 15:05:00   
2           A       A  ...  2020-08-07 20:05:00  2020-08-07 15:05:00   
3           A       A  ...  2020-08-07 20:05:00  2020-08-07 15:05:00   
4           A       A  ...  2020-08-07 20:05:00  2020-08-07 15:05:00   
...       ...     ...  ...                  ...                  ...   
75708       D       A  ...  2020-08-07 21:00:00  2020-08-07 16:00:00   
75709       D       A  ...  2020-08-07 21:00:00  2020-08-07 16:00:00   
75710       D       A  ...  2020-08-07 21:00:00  2020-08-07 16:00:00   
75711       D       A  ...  2020-08-07 21:00:00  2020-08-07 16:00:00   
75712       D       A  ...  2020-08-07 21:00:00  2020-08-07 16:00:00   

                    tz     date_lc              strt_tm              end_tim  \
0      America/Chicago  2020-08-07  2020-08-07 15:00:00  2020-08-07 16:00:00   
1      America/Chicago  2020-08-07  2020-08-07 15:00:00  2020-08-07 16:00:00   
2      America/Chicago  2020-08-07  2020-08-07 15:00:00  2020-08-07 16:00:00   
3      America/Chicago  2020-08-07  2020-08-07 15:00:00  2020-08-07 16:00:00   
4      America/Chicago  2020-08-07  2020-08-07 15:00:00  2020-08-07 16:00:00   
...                ...         ...                  ...                  ...   
75708  America/Chicago  2020-08-07  2020-08-07 15:00:00  2020-08-07 16:00:00   
75709  America/Chicago  2020-08-07  2020-08-07 15:00:00  2020-08-07 16:00:00   
75710  America/Chicago  2020-08-07  2020-08-07 15:00:00  2020-08-07 16:00:00   
75711  America/Chicago  2020-08-07  2020-08-07 15:00:00  2020-08-07 16:00:00   
75712  America/Chicago  2020-08-07  2020-08-07 15:00:00  2020-08-07 16:00:00   

      trav_id        lon        lat                    geometry  
0          af -95.358335  29.773180  POINT (-95.35834 29.77318)  
1          af -95.358352  29.773208  POINT (-95.35835 29.77321)  
2          af -95.358368  29.773240  POINT (-95.35837 29.77324)  
3          af -95.358387  29.773275  POINT (-95.35839 29.77328)  
4          af -95.358403  29.773312   POINT (-95.3584 29.77331)  
...       ...        ...        ...                         ...  
75708      af -95.397783  29.749587  POINT (-95.39778 29.74959)  
75709      af -95.397732  29.749500   POINT (-95.39773 29.7495)  
75710      af -95.397680  29.749410  POINT (-95.39768 29.74941)  
75711      af -95.397625  29.749318  POINT (-95.39762 29.74932)  
75712      af -95.397567  29.749230  POINT (-95.39757 29.74923)  

[75713 rows x 27 columns]"
99,"Houston and Harris County, TX",am,am_trav.shp,"/groups/LORTIZUR/heat-watch-data/clean/Heat Watch Houston and Harris County, TX/traverses_chw_houston_harris_county_112320/am_trav.shp",80060,80060,temp_f,POINT (-95.33211519104202 29.768073209526975),78.81230052460654,78.62,1.4497210939279286,72.32,83.48,11.16000000000001,77.9,79.88,1.9799999999999898,[81.14 81.14 81.14 ... 82.4  82.4  82.4 ],"       hasFix stlltsU    date        time altitud  course  spdKmhr  spdKnts  \
0           1      10  070820  110012.000    13.9  335.25     9.19     4.96   
1           1      10  070820  110013.000    13.9  335.25     9.19     4.96   
2           1      10  070820  110014.000    13.9  338.32     8.55     4.61   
3           1      10  070820  110016.000    13.9  336.71    10.25     5.53   
4           1      10  070820  110017.000      14  336.93    11.72     6.32   
...       ...     ...     ...         ...     ...     ...      ...      ...   
80055       1       8   70820      115746    15.5    2.22    15.48     8.35   
80056       1       8   70820      115747    15.3    1.77    14.42     7.78   
80057       1       8   70820      115748    15.1  359.96    15.31     8.26   
80058       1       8   70820      115749      15  359.96    15.31     8.26   
80059       1       8   70820      115750    14.9  358.89    12.65     6.83   

      RMCMode RMCStts  ...              dttm_tc              dttm_lc  \
0           A       A  ...  2020-08-07 11:00:00  2020-08-07 06:00:00   
1           A       A  ...  2020-08-07 11:00:00  2020-08-07 06:00:00   
2           A       A  ...  2020-08-07 11:00:00  2020-08-07 06:00:00   
3           A       A  ...  2020-08-07 11:00:00  2020-08-07 06:00:00   
4           A       A  ...  2020-08-07 11:00:00  2020-08-07 06:00:00   
...       ...     ...  ...                  ...                  ...   
80055       D       A  ...  2020-08-07 11:57:46  2020-08-07 06:57:46   
80056       D       A  ...  2020-08-07 11:57:47  2020-08-07 06:57:47   
80057       D       A  ...  2020-08-07 11:57:48  2020-08-07 06:57:48   
80058       D       A  ...  2020-08-07 11:57:49  2020-08-07 06:57:49   
80059       D       A  ...  2020-08-07 11:57:50  2020-08-07 06:57:50   

                    tz     date_lc              strt_tm              end_tim  \
0      America/Chicago  2020-08-07  2020-08-07 06:00:00  2020-08-07 07:00:00   
1      America/Chicago  2020-08-07  2020-08-07 06:00:00  2020-08-07 07:00:00   
2      America/Chicago  2020-08-07  2020-08-07 06:00:00  2020-08-07 07:00:00   
3      America/Chicago  2020-08-07  2020-08-07 06:00:00  2020-08-07 07:00:00   
4      America/Chicago  2020-08-07  2020-08-07 06:00:00  2020-08-07 07:00:00   
...                ...         ...                  ...                  ...   
80055  America/Chicago  2020-08-07  2020-08-07 06:00:00  2020-08-07 07:00:00   
80056  America/Chicago  2020-08-07  2020-08-07 06:00:00  2020-08-07 07:00:00   
80057  America/Chicago  2020-08-07  2020-08-07 06:00:00  2020-08-07 07:00:00   
80058  America/Chicago  2020-08-07  2020-08-07 06:00:00  2020-08-07 07:00:00   
80059  America/Chicago  2020-08-07  2020-08-07 06:00:00  2020-08-07 07:00:00   

      trav_id        lon        lat                    geometry  
0          am -95.358435  29.773235  POINT (-95.35844 29.77324)  
1          am -95.358443  29.773258  POINT (-95.35844 29.77326)  
2          am -95.358452  29.773280  POINT (-95.35845 29.77328)  
3          am -95.358475  29.773330  POINT (-95.35848 29.77333)  
4          am -95.358487  29.773358  POINT (-95.35849 29.77336)  
...       ...        ...        ...                         ...  
80055      am -95.534430  29.786762  POINT (-95.53443 29.78676)  
80056      am -95.534428  29.786800   POINT (-95.53443 29.7868)  
80057      am -95.534430  29.786837  POINT (-95.53443 29.78684)  
80058      am -95.534430  29.786877  POINT (-95.53443 29.78688)  
80059      am -95.534432  29.786913  POINT (-95.53443 29.78691)  

[80060 rows x 27 columns]"
100,"Houston and Harris County, TX",pm,pm_trav.shp,"/groups/LORTIZUR/heat-watch-data/clean/Heat Watch Houston and Harris County, TX/traverses_chw_houston_harris_county_112320/pm_trav.shp",76956,76956,temp_f,POINT (-95.33469241949742 29.772077972692337),89.00174723218463,89.06,1.441132081065491,81.86,94.1,12.239999999999995,87.98,89.96000000000001,1.980000000000004,[91.22 91.22 91.22 ... 87.26 87.26 87.26],"       hasFix stlltsU    date        time altitud  course  spdKmhr  spdKnts  \
0           1       8  080820      000012    13.3  248.35     9.86     5.32   
1           1       8  080820  000013.000    13.3  246.38    10.55     5.69   
2           1       8  080820  000014.000    13.4  295.45     9.41     5.08   
3           1       8  080820  000015.000    13.4  322.22    14.43     7.79   
4           1       8  080820  000016.000    16.4  322.22    14.43     7.79   
...       ...     ...     ...         ...     ...     ...      ...      ...   
76951       1      11   80820        5712     9.2  286.32    48.72    26.29   
76952       1      11   80820        5713     9.1   287.7    48.82    26.34   
76953       1      11   80820        5714     9.3  291.15    47.40    25.58   
76954       1      11   80820        5716     9.8  285.69    31.72    17.12   
76955       1      11   80820        5719     8.7  269.16    15.08     8.14   

      RMCMode RMCStts  ...              dttm_tc              dttm_lc  \
0           A       A  ...  2020-08-08 00:00:12  2020-08-07 19:00:12   
1           A       A  ...  2020-08-08 00:00:00  2020-08-07 19:00:00   
2           A       A  ...  2020-08-08 00:00:00  2020-08-07 19:00:00   
3           A       A  ...  2020-08-08 00:00:00  2020-08-07 19:00:00   
4           A       A  ...  2020-08-08 00:00:00  2020-08-07 19:00:00   
...       ...     ...  ...                  ...                  ...   
76951       D       A  ...  2020-08-08 00:57:12  2020-08-07 19:57:12   
76952       D       A  ...  2020-08-08 00:57:13  2020-08-07 19:57:13   
76953       D       A  ...  2020-08-08 00:57:14  2020-08-07 19:57:14   
76954       D       A  ...  2020-08-08 00:57:16  2020-08-07 19:57:16   
76955       D       A  ...  2020-08-08 00:57:19  2020-08-07 19:57:19   

                    tz     date_lc              strt_tm              end_tim  \
0      America/Chicago  2020-08-07  2020-08-07 19:00:00  2020-08-07 20:00:00   
1      America/Chicago  2020-08-07  2020-08-07 19:00:00  2020-08-07 20:00:00   
2      America/Chicago  2020-08-07  2020-08-07 19:00:00  2020-08-07 20:00:00   
3      America/Chicago  2020-08-07  2020-08-07 19:00:00  2020-08-07 20:00:00   
4      America/Chicago  2020-08-07  2020-08-07 19:00:00  2020-08-07 20:00:00   
...                ...         ...                  ...                  ...   
76951  America/Chicago  2020-08-07  2020-08-07 19:00:00  2020-08-07 20:00:00   
76952  America/Chicago  2020-08-07  2020-08-07 19:00:00  2020-08-07 20:00:00   
76953  America/Chicago  2020-08-07  2020-08-07 19:00:00  2020-08-07 20:00:00   
76954  America/Chicago  2020-08-07  2020-08-07 19:00:00  2020-08-07 20:00:00   
76955  America/Chicago  2020-08-07  2020-08-07 19:00:00  2020-08-07 20:00:00   

      trav_id        lon        lat                    geometry  
0          pm -95.358197  29.773102    POINT (-95.3582 29.7731)  
1          pm -95.358225  29.773092  POINT (-95.35822 29.77309)  
2          pm -95.358253  29.773097   POINT (-95.35825 29.7731)  
3          pm -95.358280  29.773120  POINT (-95.35828 29.77312)  
4          pm -95.358303  29.773157   POINT (-95.3583 29.77316)  
...       ...        ...        ...                         ...  
76951      pm -95.352403  29.667603    POINT (-95.3524 29.6676)  
76952      pm -95.352537  29.667638  POINT (-95.35254 29.66764)  
76953      pm -95.352667  29.667680  POINT (-95.35267 29.66768)  
76954      pm -95.352885  29.667747  POINT (-95.35288 29.66775)  
76955      pm -95.353053  29.667765  POINT (-95.35305 29.66776)  

[76956 rows x 27 columns]"
101,"Iowa City and Cedar Rapids, IA",af,af_trav.shp,"/groups/LORTIZUR/heat-watch-data/clean/Heat Watch Iowa City and Cedar Rapids, IA/traverses_chw_iowa_city_cedar_rapids_092223/af_trav.shp",27895,27895,temp_f,POINT (-91.63543167203056 41.87663625891666),84.45215630041227,84.5,1.2849562892563793,77.8,90.0,12.200000000000003,83.8,85.3,1.5,[89.3 87.9 87.4 ... 86.8 86.7 86.6],"       temp_f    rh  hi_f                    geometry
0        89.3  33.4  87.9   POINT (-91.52887 41.6604)
1        87.9  35.0  86.6  POINT (-91.52878 41.66015)
2        87.4  35.3  86.1  POINT (-91.52877 41.66006)
3        86.8  36.0  85.6  POINT (-91.52876 41.65996)
4        86.4  36.5  85.2  POINT (-91.52875 41.65985)
...       ...   ...   ...                         ...
27890    86.9  36.6  85.8  POINT (-91.52408 41.64143)
27891    86.9  36.4  85.7  POINT (-91.52403 41.64141)
27892    86.8  36.3  85.6  POINT (-91.52382 41.64136)
27893    86.7  36.4  85.6  POINT (-91.52369 41.64148)
27894    86.6  36.3  85.4  POINT (-91.52361 41.64161)

[27895 rows x 4 columns]"
102,"Iowa City and Cedar Rapids, IA",am,am_trav.shp,"/groups/LORTIZUR/heat-watch-data/clean/Heat Watch Iowa City and Cedar Rapids, IA/traverses_chw_iowa_city_cedar_rapids_092223/am_trav.shp",27899,27899,temp_f,POINT (-91.63333537441619 41.87900308196798),60.78420015054303,61.0,2.508441716703929,52.8,67.2,14.400000000000006,59.2,62.7,3.5,[58.  57.9 57.9 ... 60.1 60.5 60.6],"       temp_f    rh  hi_f                    geometry
0        58.0  84.5  57.5  POINT (-91.50192 41.66988)
1        57.9  84.6  57.4  POINT (-91.50188 41.66997)
2        57.9  84.9  57.4  POINT (-91.50185 41.67006)
3        57.9  84.9  57.3   POINT (-91.5018 41.67014)
4        57.8  84.9  57.3  POINT (-91.50174 41.67022)
...       ...   ...   ...                         ...
27894    60.1  85.5  59.9  POINT (-91.50738 41.65444)
27895    60.1  85.5  59.9  POINT (-91.50739 41.65438)
27896    60.1  85.5  59.9   POINT (-91.5074 41.65435)
27897    60.5  86.5  60.3  POINT (-91.50564 41.65394)
27898    60.6  85.8  60.4  POINT (-91.50566 41.65435)

[27899 rows x 4 columns]"
103,"Iowa City and Cedar Rapids, IA",pm,pm_trav.shp,"/groups/LORTIZUR/heat-watch-data/clean/Heat Watch Iowa City and Cedar Rapids, IA/traverses_chw_iowa_city_cedar_rapids_092223/pm_trav.shp",27884,27884,temp_f,POINT (-91.63388720534181 41.870148170946734),81.4040381580835,81.5,1.255269845492253,76.4,84.5,8.099999999999994,80.7,82.3,1.5999999999999943,[81.1 81.  81.1 ... 80.3 80.6 80.7],"       temp_f    rh  hi_f                    geometry
0        81.1  48.1  81.6  POINT (-91.50216 41.66632)
1        81.0  48.2  81.6  POINT (-91.50206 41.66664)
2        81.1  47.9  81.5  POINT (-91.50207 41.66672)
3        81.1  48.0  81.6  POINT (-91.50207 41.66681)
4        81.0  48.0  81.5   POINT (-91.50208 41.6669)
...       ...   ...   ...                         ...
27879    80.1  57.4  81.7  POINT (-91.57782 41.65993)
27880    80.2  57.2  81.8  POINT (-91.57773 41.65992)
27881    80.3  57.1  81.8  POINT (-91.57769 41.65992)
27882    80.6  56.2  82.1  POINT (-91.57734 41.65985)
27883    80.7  56.0  82.2   POINT (-91.5773 41.65978)

[27884 rows x 4 columns]"
104,"Jackson, MS",af,af_trav.shp,"/groups/LORTIZUR/heat-watch-data/clean/Heat Watch Jackson, MS/traverses_chw_jackson_102720/af_trav.shp",23097,23097,temp_f,POINT (-90.21713807372403 32.310426722412),88.97609040135082,89.06,1.3853301665045004,84.2,95.72,11.519999999999996,88.16,89.78,1.6200000000000045,[91.04 91.22 91.22 ... 88.7  88.7  88.88],"       hasFix stlltsU    date        time altitud  course  spdKmhr  spdKnts  \
0           1       5  230820  200020.000   132.9  224.52    10.09     5.45   
1           1       5  230820  200021.000   133.0  224.52    10.09     5.45   
2           1       5  230820  200022.000   133.1  197.53    17.12     9.24   
3           1       5  230820  200023.000   135.7  193.69    19.15    10.34   
4           1       5  230820  200024.000   133.5  187.17    22.04    11.89   
...       ...     ...     ...         ...     ...     ...      ...      ...   
23092       1       8  230820  210055.000    97.0  241.69    23.64    12.76   
23093       1       8  230820  210056.000    97.3  246.61    26.37    14.23   
23094       1       8  230820  210057.000    98.1  246.61    26.37    14.23   
23095       1       8  230820  210058.000    98.7  247.46    34.09    18.40   
23096       1       8  230820  210059.000    99.0  247.27    36.86    19.89   

      RMCMode RMCStts  ...                              file     dat_cln  \
0           D       A  ...  CAPA1020_230820_195600.302_0.csv  2020-08-23   
1           D       A  ...  CAPA1020_230820_195600.302_0.csv  2020-08-23   
2           D       A  ...  CAPA1020_230820_195600.302_0.csv  2020-08-23   
3           D       A  ...  CAPA1020_230820_195600.302_0.csv  2020-08-23   
4           D       A  ...  CAPA1020_230820_195600.302_0.csv  2020-08-23   
...       ...     ...  ...                               ...         ...   
23092       D       A  ...  CAPA1085_230820_200325.087_0.csv  2020-08-23   
23093       D       A  ...  CAPA1085_230820_200325.087_0.csv  2020-08-23   
23094       D       A  ...  CAPA1085_230820_200325.087_0.csv  2020-08-23   
23095       D       A  ...  CAPA1085_230820_200325.087_0.csv  2020-08-23   
23096       D       A  ...  CAPA1085_230820_200325.087_0.csv  2020-08-23   

                   dttm_tc              dttm_lc               tz     date_lc  \
0      2020-08-23 20:00:00  2020-08-23 15:00:00  America/Chicago  2020-08-23   
1      2020-08-23 20:00:00  2020-08-23 15:00:00  America/Chicago  2020-08-23   
2      2020-08-23 20:00:00  2020-08-23 15:00:00  America/Chicago  2020-08-23   
3      2020-08-23 20:00:00  2020-08-23 15:00:00  America/Chicago  2020-08-23   
4      2020-08-23 20:00:00  2020-08-23 15:00:00  America/Chicago  2020-08-23   
...                    ...                  ...              ...         ...   
23092  2020-08-23 21:00:00  2020-08-23 16:00:00  America/Chicago  2020-08-23   
23093  2020-08-23 21:00:00  2020-08-23 16:00:00  America/Chicago  2020-08-23   
23094  2020-08-23 21:00:00  2020-08-23 16:00:00  America/Chicago  2020-08-23   
23095  2020-08-23 21:00:00  2020-08-23 16:00:00  America/Chicago  2020-08-23   
23096  2020-08-23 21:00:00  2020-08-23 16:00:00  America/Chicago  2020-08-23   

                   strt_tm              end_tim  trav_id  \
0      2020-08-23 15:00:00  2020-08-23 16:00:00       af   
1      2020-08-23 15:00:00  2020-08-23 16:00:00       af   
2      2020-08-23 15:00:00  2020-08-23 16:00:00       af   
3      2020-08-23 15:00:00  2020-08-23 16:00:00       af   
4      2020-08-23 15:00:00  2020-08-23 16:00:00       af   
...                    ...                  ...      ...   
23092  2020-08-23 15:00:00  2020-08-23 16:00:00       af   
23093  2020-08-23 15:00:00  2020-08-23 16:00:00       af   
23094  2020-08-23 15:00:00  2020-08-23 16:00:00       af   
23095  2020-08-23 15:00:00  2020-08-23 16:00:00       af   
23096  2020-08-23 15:00:00  2020-08-23 16:00:00       af   

                         geometry  
0      POINT (-90.32416 32.26785)  
1      POINT (-90.32418 32.26782)  
2       POINT (-90.3242 32.26778)  
3      POINT (-90.32422 32.26774)  
4      POINT (-90.32424 32.26768)  
...                           ...  
23092  POINT (-90.23625 32.32221)  
23093  POINT (-90.23632 32.32218)  
23094   POINT (-90.2364 32.32215)  
23095  POINT (-90.23649 32.32212)  
23096   POINT (-90.2366 32.32209)  

[23097 rows x 29 columns]"
105,"Jackson, MS",am,am_trav.shp,"/groups/LORTIZUR/heat-watch-data/clean/Heat Watch Jackson, MS/traverses_chw_jackson_102720/am_trav.shp",23658,23658,temp_f,POINT (-90.22152726909471 32.30967530867421),69.04199594217602,68.9,1.2046278683796778,66.38,73.4,7.02000000000001,68.18,69.80000000000001,1.6200000000000045,[68.72 68.72 68.72 ... 69.62 69.8  69.8 ],"       hasFix stlltsU    date        time altitud  course  spdKmhr  spdKnts  \
0           1       9  230820  110045.000   100.8  186.17    28.84    15.56   
1           1       9  230820  110046.000   100.4  185.37    28.90    15.60   
2           1       9  230820  110047.000     100  182.16    29.62    15.98   
3           1       9  230820  110048.000    99.6  182.16    29.62    15.98   
4           1       9  230820  110049.000    99.2  181.28    32.29    17.43   
...       ...     ...     ...         ...     ...     ...      ...      ...   
23653       1      10  230820  120055.000    95.7  298.42    48.18    26.00   
23654       1      10  230820  120056.000    95.6  298.42    48.18    26.00   
23655       1      10  230820  120057.000    95.9  298.82    49.41    26.66   
23656       1      10  230820  120058.000    96.5  298.51    48.84    26.35   
23657       1      10  230820  120059.000    96.9  297.66    48.37    26.10   

      RMCMode RMCStts  ...                              file     dat_cln  \
0           D       A  ...  CAPA1020_230820_105218.096_0.csv  2020-08-23   
1           D       A  ...  CAPA1020_230820_105218.096_0.csv  2020-08-23   
2           D       A  ...  CAPA1020_230820_105218.096_0.csv  2020-08-23   
3           D       A  ...  CAPA1020_230820_105218.096_0.csv  2020-08-23   
4           D       A  ...  CAPA1020_230820_105218.096_0.csv  2020-08-23   
...       ...     ...  ...                               ...         ...   
23653       D       A  ...  CAPA1085_230820_110148.219_0.csv  2020-08-23   
23654       D       A  ...  CAPA1085_230820_110148.219_0.csv  2020-08-23   
23655       D       A  ...  CAPA1085_230820_110148.219_0.csv  2020-08-23   
23656       D       A  ...  CAPA1085_230820_110148.219_0.csv  2020-08-23   
23657       D       A  ...  CAPA1085_230820_110148.219_0.csv  2020-08-23   

                   dttm_tc              dttm_lc               tz     date_lc  \
0      2020-08-23 11:00:00  2020-08-23 06:00:00  America/Chicago  2020-08-23   
1      2020-08-23 11:00:00  2020-08-23 06:00:00  America/Chicago  2020-08-23   
2      2020-08-23 11:00:00  2020-08-23 06:00:00  America/Chicago  2020-08-23   
3      2020-08-23 11:00:00  2020-08-23 06:00:00  America/Chicago  2020-08-23   
4      2020-08-23 11:00:00  2020-08-23 06:00:00  America/Chicago  2020-08-23   
...                    ...                  ...              ...         ...   
23653  2020-08-23 12:00:00  2020-08-23 07:00:00  America/Chicago  2020-08-23   
23654  2020-08-23 12:00:00  2020-08-23 07:00:00  America/Chicago  2020-08-23   
23655  2020-08-23 12:00:00  2020-08-23 07:00:00  America/Chicago  2020-08-23   
23656  2020-08-23 12:00:00  2020-08-23 07:00:00  America/Chicago  2020-08-23   
23657  2020-08-23 12:00:00  2020-08-23 07:00:00  America/Chicago  2020-08-23   

                   strt_tm              end_tim  trav_id  \
0      2020-08-23 06:00:00  2020-08-23 07:00:00       am   
1      2020-08-23 06:00:00  2020-08-23 07:00:00       am   
2      2020-08-23 06:00:00  2020-08-23 07:00:00       am   
3      2020-08-23 06:00:00  2020-08-23 07:00:00       am   
4      2020-08-23 06:00:00  2020-08-23 07:00:00       am   
...                    ...                  ...      ...   
23653  2020-08-23 06:00:00  2020-08-23 07:00:00       am   
23654  2020-08-23 06:00:00  2020-08-23 07:00:00       am   
23655  2020-08-23 06:00:00  2020-08-23 07:00:00       am   
23656  2020-08-23 06:00:00  2020-08-23 07:00:00       am   
23657  2020-08-23 06:00:00  2020-08-23 07:00:00       am   

                         geometry  
0      POINT (-90.32469 32.26563)  
1       POINT (-90.3247 32.26556)  
2       POINT (-90.3247 32.26548)  
3      POINT (-90.32471 32.26541)  
4      POINT (-90.32471 32.26533)  
...                           ...  
23653  POINT (-90.22796 32.32736)  
23654  POINT (-90.22809 32.32742)  
23655  POINT (-90.22822 32.32748)  
23656  POINT (-90.22835 32.32754)  
23657  POINT (-90.22848 32.32759)  

[23658 rows x 29 columns]"
106,"Jackson, MS",pm,pm_trav.shp,"/groups/LORTIZUR/heat-watch-data/clean/Heat Watch Jackson, MS/traverses_chw_jackson_102720/pm_trav.shp",26554,26554,temp_f,POINT (-90.21780096311925 32.3127513607851),83.34730134819613,83.66,2.4053031309721793,76.64,90.32,13.679999999999993,81.86,85.28,3.4200000000000017,[84.56 84.38 84.38 ... 84.92 84.92 84.92],"       hasFix stlltsU    date        time altitud  course  spdKmhr  spdKnts  \
0           1       5  240820  000028.000   108.5  182.75    16.54     8.93   
1           1       5  240820  000029.000   108.4  177.14    16.14     8.71   
2           1       6  240820  000030.000   108.4  177.07    16.71     9.02   
3           1       6  240820  000031.000   108.3  181.07    17.38     9.38   
4           1       6  240820  000032.000   108.2  182.63    18.50     9.98   
...       ...     ...     ...         ...     ...     ...      ...      ...   
26549       1       9  240820  010047.000    78.4  179.54    28.18    15.21   
26550       1       9  240820  010048.000    78.8  179.54    28.18    15.21   
26551       1       9  240820  010049.000    79.2  179.54    23.49    12.68   
26552       1       9  240820  010050.000    79.7  180.21    14.55     7.85   
26553       1       9  240820  010051.000    79.8  177.41    10.45     5.64   

      RMCMode RMCStts  ...                              file     dat_cln  \
0           A       A  ...  CAPA1020_230820_235654.595_0.csv  2020-08-24   
1           A       A  ...  CAPA1020_230820_235654.595_0.csv  2020-08-24   
2           A       A  ...  CAPA1020_230820_235654.595_0.csv  2020-08-24   
3           A       A  ...  CAPA1020_230820_235654.595_0.csv  2020-08-24   
4           A       A  ...  CAPA1020_230820_235654.595_0.csv  2020-08-24   
...       ...     ...  ...                               ...         ...   
26549       D       A  ...  CAPA1085_230820_235504.000_0.csv  2020-08-24   
26550       D       A  ...  CAPA1085_230820_235504.000_0.csv  2020-08-24   
26551       D       A  ...  CAPA1085_230820_235504.000_0.csv  2020-08-24   
26552       D       A  ...  CAPA1085_230820_235504.000_0.csv  2020-08-24   
26553       D       A  ...  CAPA1085_230820_235504.000_0.csv  2020-08-24   

                   dttm_tc              dttm_lc               tz     date_lc  \
0      2020-08-24 00:00:00  2020-08-23 19:00:00  America/Chicago  2020-08-23   
1      2020-08-24 00:00:00  2020-08-23 19:00:00  America/Chicago  2020-08-23   
2      2020-08-24 00:00:00  2020-08-23 19:00:00  America/Chicago  2020-08-23   
3      2020-08-24 00:00:00  2020-08-23 19:00:00  America/Chicago  2020-08-23   
4      2020-08-24 00:00:00  2020-08-23 19:00:00  America/Chicago  2020-08-23   
...                    ...                  ...              ...         ...   
26549  2020-08-24 01:00:00  2020-08-23 20:00:00  America/Chicago  2020-08-23   
26550  2020-08-24 01:00:00  2020-08-23 20:00:00  America/Chicago  2020-08-23   
26551  2020-08-24 01:00:00  2020-08-23 20:00:00  America/Chicago  2020-08-23   
26552  2020-08-24 01:00:00  2020-08-23 20:00:00  America/Chicago  2020-08-23   
26553  2020-08-24 01:00:00  2020-08-23 20:00:00  America/Chicago  2020-08-23   

                   strt_tm              end_tim  trav_id  \
0      2020-08-23 19:00:00  2020-08-23 20:00:00       pm   
1      2020-08-23 19:00:00  2020-08-23 20:00:00       pm   
2      2020-08-23 19:00:00  2020-08-23 20:00:00       pm   
3      2020-08-23 19:00:00  2020-08-23 20:00:00       pm   
4      2020-08-23 19:00:00  2020-08-23 20:00:00       pm   
...                    ...                  ...      ...   
26549  2020-08-23 19:00:00  2020-08-23 20:00:00       pm   
26550  2020-08-23 19:00:00  2020-08-23 20:00:00       pm   
26551  2020-08-23 19:00:00  2020-08-23 20:00:00       pm   
26552  2020-08-23 19:00:00  2020-08-23 20:00:00       pm   
26553  2020-08-23 19:00:00  2020-08-23 20:00:00       pm   

                         geometry  
0      POINT (-90.32417 32.26753)  
1      POINT (-90.32417 32.26749)  
2      POINT (-90.32417 32.26745)  
3       POINT (-90.32417 32.2674)  
4      POINT (-90.32418 32.26736)  
...                           ...  
26549  POINT (-90.22791 32.29807)  
26550    POINT (-90.22791 32.298)  
26551  POINT (-90.22791 32.29795)  
26552   POINT (-90.22791 32.2979)  
26553  POINT (-90.22791 32.29787)  

[26554 rows x 29 columns]"
107,"Jacksonville, FL",af,af_trav.shp,"/groups/LORTIZUR/heat-watch-data/clean/Heat Watch Jacksonville, FL/traverses_chw_jacksonville_080122/af_trav.shp",41878,41878,temp_f,POINT (-81.66642237175998 30.30878996731765),94.70253354983524,94.8,1.21099422993597,91.0,99.1,8.099999999999994,93.9,95.5,1.5999999999999943,[93.8 94.  94.  ... 96.6 96.4 96.4],"       temp_f      rh    hi_f                    geometry
0        93.8 -9999.0 -9999.0  POINT (-81.58465 30.31706)
1        94.0 -9999.0 -9999.0  POINT (-81.58476 30.31705)
2        94.0 -9999.0 -9999.0  POINT (-81.58487 30.31704)
3        93.2 -9999.0 -9999.0  POINT (-81.58562 30.31647)
4        93.2 -9999.0 -9999.0  POINT (-81.58563 30.31637)
...       ...     ...     ...                         ...
41873    96.1    49.8   111.2  POINT (-81.75207 30.31656)
41874    96.6    50.8   113.5  POINT (-81.75206 30.31648)
41875    96.6    50.8   113.5  POINT (-81.75206 30.31643)
41876    96.4    48.8   111.2  POINT (-81.75206 30.31638)
41877    96.4    48.8   111.2  POINT (-81.75205 30.31635)

[41878 rows x 4 columns]"
108,"Jacksonville, FL",am,am_trav.shp,"/groups/LORTIZUR/heat-watch-data/clean/Heat Watch Jacksonville, FL/traverses_chw_jacksonville_080122/am_trav.shp",52381,52381,temp_f,POINT (-81.65840900783735 30.288130980782395),80.42275825203797,80.7,1.6165908304140715,74.0,84.5,10.5,79.5,81.6,2.0999999999999943,[82.2 82.2 82.4 ... 80.9 80.7 80.7],"       temp_f      rh    hi_f                    geometry
0        82.2 -9999.0 -9999.0    POINT (-81.567 30.28643)
1        82.2 -9999.0 -9999.0  POINT (-81.56699 30.28651)
2        82.4 -9999.0 -9999.0  POINT (-81.56694 30.28686)
3        82.4 -9999.0 -9999.0  POINT (-81.56691 30.28693)
4        83.1 -9999.0 -9999.0  POINT (-81.56576 30.28696)
...       ...     ...     ...                         ...
52376    80.9    68.8    84.2    POINT (-81.7831 30.3226)
52377    80.9    68.8    84.2  POINT (-81.78303 30.32259)
52378    80.9    68.8    84.2  POINT (-81.78298 30.32258)
52379    80.7    68.8    83.9  POINT (-81.78292 30.32258)
52380    80.7    68.8    83.9  POINT (-81.78289 30.32257)

[52381 rows x 4 columns]"
109,"Jacksonville, FL",pm,pm_trav.shp,"/groups/LORTIZUR/heat-watch-data/clean/Heat Watch Jacksonville, FL/traverses_chw_jacksonville_080122/pm_trav.shp",42604,42604,temp_f,POINT (-81.64401098259968 30.30426322461598),93.70274387381467,93.9,1.453868518527747,86.2,98.0,11.799999999999997,93.0,94.7,1.7000000000000028,[92.5 92.5 91.8 ... 94.7 94.9 95.4],"       temp_f      rh    hi_f                    geometry
0        92.5 -9999.0 -9999.0  POINT (-81.64096 30.15064)
1        92.5 -9999.0 -9999.0  POINT (-81.64096 30.15064)
2        91.8 -9999.0 -9999.0   POINT (-81.64098 30.1509)
3        91.8 -9999.0 -9999.0  POINT (-81.64098 30.15103)
4        91.6 -9999.0 -9999.0  POINT (-81.64101 30.15158)
...       ...     ...     ...                         ...
42599    94.5 -9999.0 -9999.0  POINT (-81.77269 30.33996)
42600    94.2 -9999.0 -9999.0  POINT (-81.77306 30.33988)
42601    94.7 -9999.0 -9999.0  POINT (-81.77306 30.33988)
42602    94.9 -9999.0 -9999.0  POINT (-81.77349 30.34026)
42603    95.4 -9999.0 -9999.0  POINT (-81.77349 30.34026)

[42604 rows x 4 columns]"
110,"Jersey City, Newark, and Elizabeth, NJ",af,af_trav.shp,"/groups/LORTIZUR/heat-watch-data/clean/Heat Watch Jersey City, Newark, and Elizabeth, NJ/traverses_chw_jersey_city_newark_elizabeth_081623/af_trav.shp",16357,16294,temp_f,POINT (-74.1331594780772 40.73557209476661),82.70949429237756,82.8,1.4567583835035132,78.91,86.51,7.6000000000000085,81.78,83.71,1.9299999999999926,[82.68 82.68 82.68 ... 83.46 83.46 82.92],"                  datetime  temp_f     hi_f       rh  \
0      2021-07-24 15:19:39   82.68 -9999.00 -9999.00   
1      2021-07-24 15:19:40   82.68 -9999.00 -9999.00   
2      2021-07-24 15:19:59   82.68    81.28    33.24   
3      2021-07-24 15:20:02   82.50    81.14    33.24   
4      2021-07-24 15:20:03   82.50    81.14    33.24   
...                    ...     ...      ...      ...   
16352  2021-07-24 15:59:55   83.28    83.71    47.12   
16353  2021-07-24 15:59:56   83.28    83.71    47.12   
16354  2021-07-24 15:59:57   83.46    83.91    47.12   
16355  2021-07-24 15:59:58   83.46    83.91    47.12   
16356  2021-07-24 15:59:59   82.92    83.31    47.12   

                               file   kmph trav_id                    geometry  
0      1027_240721_191935.000_0.csv   9.12      af  POINT (-74.19285 40.72118)  
1      1027_240721_191935.000_0.csv   9.12      af  POINT (-74.19286 40.72118)  
2      1027_240721_191935.000_0.csv  12.50      af  POINT (-74.19294 40.72121)  
3      1027_240721_191935.000_0.csv   8.01      af  POINT (-74.19298 40.72113)  
4      1027_240721_191935.000_0.csv  10.69      af  POINT (-74.19295 40.72112)  
...                             ...    ...     ...                         ...  
16352  1048_240721_185134.299_0.csv   8.69      af  POINT (-74.04339 40.72681)  
16353  1048_240721_185134.299_0.csv   8.69      af  POINT (-74.04343 40.72681)  
16354  1048_240721_185134.299_0.csv  22.06      af   POINT (-74.0435 40.72681)  
16355  1048_240721_185134.299_0.csv  29.61      af  POINT (-74.04359 40.72682)  
16356  1048_240721_185134.299_0.csv  32.14      af   POINT (-74.0437 40.72683)  

[16357 rows x 8 columns]"
111,"Jersey City, Newark, and Elizabeth, NJ",am,am_trav.shp,"/groups/LORTIZUR/heat-watch-data/clean/Heat Watch Jersey City, Newark, and Elizabeth, NJ/traverses_chw_jersey_city_newark_elizabeth_081623/am_trav.shp",19700,19211,temp_f,POINT (-74.15281856926109 40.723999975538135),67.35252771849461,67.52,1.6929777628122,63.04,71.83,8.79,66.42,68.54,2.1200000000000045,[68.85 68.85 69.03 ... 68.48 68.48 68.48],"                  datetime  temp_f   hi_f     rh  \
0      2021-07-24 06:14:37   68.85  68.94  74.56   
1      2021-07-24 06:14:38   68.85  68.94  74.56   
2      2021-07-24 06:14:39   69.03  69.14  74.56   
3      2021-07-24 06:14:40   69.03  69.14  74.56   
4      2021-07-24 06:14:41   68.85  68.98  75.56   
...                    ...     ...    ...    ...   
19695  2021-07-24 06:59:56   68.30  68.64  81.09   
19696  2021-07-24 06:59:57   68.30  68.64  81.09   
19697  2021-07-24 06:59:58   68.48  68.84  81.10   
19698  2021-07-24 06:59:59   68.48  68.84  81.10   
19699  2021-07-24 07:00:00   68.48  68.84  81.10   

                               file   kmph trav_id                    geometry  
0           1027_240721_10142_0.csv  11.03      am   POINT (-74.0543 40.74121)  
1           1027_240721_10142_0.csv  14.86      am  POINT (-74.05433 40.74127)  
2           1027_240721_10142_0.csv  14.86      am  POINT (-74.05436 40.74124)  
3           1027_240721_10142_0.csv  14.39      am  POINT (-74.05443 40.74129)  
4           1027_240721_10142_0.csv  18.81      am  POINT (-74.05449 40.74131)  
...                             ...    ...     ...                         ...  
19695  1044_240721_101028.000_0.csv  46.58      am   POINT (-74.16281 40.6857)  
19696  1044_240721_101028.000_0.csv  48.44      am   POINT (-74.16288 40.6856)  
19697  1044_240721_101028.000_0.csv  47.68      am  POINT (-74.16296 40.68549)  
19698  1044_240721_101028.000_0.csv  47.68      am  POINT (-74.16304 40.68538)  
19699  1044_240721_101028.000_0.csv  50.50      am  POINT (-74.16312 40.68527)  

[19700 rows x 8 columns]"
112,"Jersey City, Newark, and Elizabeth, NJ",pm,pm_trav.shp,"/groups/LORTIZUR/heat-watch-data/clean/Heat Watch Jersey City, Newark, and Elizabeth, NJ/traverses_chw_jersey_city_newark_elizabeth_081623/pm_trav.shp",19775,19318,temp_f,POINT (-74.148044522116 40.71891297775724),78.75264364841081,78.74,0.8979133501347009,76.32,81.17,4.8500000000000085,78.18,79.36,1.1799999999999926,[78.21 78.22 78.04 ... 78.87 78.69 78.69],"                  datetime  temp_f   hi_f     rh  \
0      2021-07-24 19:30:29   78.21  77.73  42.35   
1      2021-07-24 19:30:30   78.22  77.73  42.35   
2      2021-07-24 19:30:44   78.04  77.54  42.34   
3      2021-07-24 19:30:45   78.22  77.74  42.34   
4      2021-07-24 19:30:46   78.23  77.74  42.34   
...                    ...     ...    ...    ...   
19770  2021-07-24 19:49:57   78.68  78.52  48.26   
19771  2021-07-24 19:49:58   78.69  78.52  48.26   
19772  2021-07-24 19:49:59   78.87  78.72  48.25   
19773  2021-07-24 19:50:03   78.69  78.53  48.25   
19774  2021-07-24 19:50:04   78.69  78.53  48.25   

                               file   kmph trav_id                    geometry  
0      1027_240721_232952.000_0.csv   9.84      pm  POINT (-74.18559 40.75608)  
1      1027_240721_232952.000_0.csv   9.10      pm   POINT (-74.18559 40.7561)  
2      1027_240721_232952.000_0.csv  11.36      pm   POINT (-74.1857 40.75612)  
3      1027_240721_232952.000_0.csv  10.71      pm  POINT (-74.18574 40.75613)  
4      1027_240721_232952.000_0.csv  15.87      pm  POINT (-74.18578 40.75615)  
...                             ...    ...     ...                         ...  
19770  1044_240721_225022.000_0.csv  11.57      pm  POINT (-74.20274 40.68224)  
19771  1044_240721_225022.000_0.csv  11.66      pm  POINT (-74.20276 40.68227)  
19772  1044_240721_225022.000_0.csv  10.08      pm  POINT (-74.20277 40.68229)  
19773  1044_240721_225022.000_0.csv  12.71      pm  POINT (-74.20277 40.68236)  
19774  1044_240721_225022.000_0.csv   9.07      pm  POINT (-74.20276 40.68236)  

[19775 rows x 8 columns]"
113,"Johnson County and Wyandotte County, KS",af,af_trav.shp,"/groups/LORTIZUR/heat-watch-data/clean/Heat Watch Johnson County and Wyandotte County, KS/traverses_chw_johnson_wyandotte_101523/af_trav.shp",68174,68174,temp_f,POINT (-94.75642610519346 38.97064475525797),90.05540235280311,90.1,1.2561049049650084,85.1,96.6,11.5,89.2,90.9,1.7000000000000028,[91.  91.  91.1 ... 90.8 90.8 91. ],"       temp_f    rh   hi_f                    geometry
0        91.0  54.2   98.7  POINT (-94.81246 39.01194)
1        91.0  54.5   98.9  POINT (-94.81253 39.01205)
2        91.1  54.3   99.0  POINT (-94.81262 39.01214)
3        91.2  54.8   99.5   POINT (-94.8127 39.01224)
4        91.3  55.4  100.1  POINT (-94.81277 39.01233)
...       ...   ...    ...                         ...
68169    91.6  44.1   94.9  POINT (-94.67401 38.85473)
68170    90.9  44.7   93.9  POINT (-94.67444 38.85472)
68171    90.8  44.9   93.8  POINT (-94.67453 38.85472)
68172    90.8  44.7   93.7  POINT (-94.67472 38.85478)
68173    91.0  44.8   94.1    POINT (-94.675 38.85486)

[68174 rows x 4 columns]"
114,"Johnson County and Wyandotte County, KS",am,am_trav.shp,"/groups/LORTIZUR/heat-watch-data/clean/Heat Watch Johnson County and Wyandotte County, KS/traverses_chw_johnson_wyandotte_101523/am_trav.shp",71613,71613,temp_f,POINT (-94.76000426754054 38.96641240127788),74.41441358412578,74.6,1.4462947713871366,70.3,79.5,9.200000000000003,73.4,75.5,2.0999999999999943,[76.2 76.  75.8 ... 73.2 73.1 72.5],"       temp_f    rh  hi_f                    geometry
0        76.2  73.3  76.9  POINT (-94.81142 39.00997)
1        76.0  73.4  76.7  POINT (-94.81142 39.01008)
2        75.8  73.5  76.5  POINT (-94.81145 39.01018)
3        75.6  74.1  76.3  POINT (-94.81148 39.01029)
4        75.4  74.1  76.1  POINT (-94.81174 39.01118)
...       ...   ...   ...                         ...
71608    73.2  85.9  74.3   POINT (-94.66981 38.8547)
71609    73.2  86.0  74.3    POINT (-94.6699 38.8547)
71610    73.2  86.0  74.3   POINT (-94.66994 38.8547)
71611    73.1  86.0  74.1   POINT (-94.6703 38.85468)
71612    72.5  86.9  73.5  POINT (-94.67294 38.85467)

[71613 rows x 4 columns]"
115,"Johnson County and Wyandotte County, KS",pm,pm_trav.shp,"/groups/LORTIZUR/heat-watch-data/clean/Heat Watch Johnson County and Wyandotte County, KS/traverses_chw_johnson_wyandotte_101523/pm_trav.shp",70112,70112,temp_f,POINT (-94.76315650367657 38.96608966562276),86.18830585349156,86.4,1.7138824511573658,79.2,90.9,11.700000000000003,85.2,87.4,2.200000000000003,[88.1 87.9 87.5 ... 88.1 87.8 87.9],"       temp_f    rh  hi_f                    geometry
0        88.1  56.2  93.7  POINT (-94.81231 39.00976)
1        87.9  56.4  93.4  POINT (-94.81229 39.00984)
2        87.5  57.3  92.9  POINT (-94.81205 39.00994)
3        87.3  57.7  92.8  POINT (-94.81191 39.00993)
4        87.0  59.6  92.9  POINT (-94.81178 39.00992)
...       ...   ...   ...                         ...
70107    88.1  49.3  91.0    POINT (-94.668 38.85495)
70108    88.1  49.3  91.0    POINT (-94.668 38.85492)
70109    88.1  49.8  91.2  POINT (-94.66822 38.85472)
70110    87.8  49.0  90.3  POINT (-94.67376 38.85472)
70111    87.9  48.5  90.4  POINT (-94.67552 38.85473)

[70112 rows x 4 columns]"
116,"Kansas City, MO",af,af_trav.shp,"/groups/LORTIZUR/heat-watch-data/clean/Heat Watch Kansas City, MO/traverses_chw_kansas_city_102721/af_trav.shp",23560,23435,temp_f,POINT (-94.55983095633222 39.0505222706396),89.61765948367827,89.58,1.345942612370981,85.7,93.4,7.700000000000003,88.68,90.55,1.8699999999999903,[92.43 92.43 92.43 ... 90.88 90.7  90.7 ],"                  datetime  temp_f     hi_f       rh  \
0      2021-08-06 15:16:37   92.43 -9999.00 -9999.00   
1      2021-08-06 15:16:38   92.43 -9999.00 -9999.00   
2      2021-08-06 15:16:39   92.43 -9999.00 -9999.00   
3      2021-08-06 15:16:40   92.07 -9999.00 -9999.00   
4      2021-08-06 15:16:41   92.08 -9999.00 -9999.00   
...                    ...     ...      ...      ...   
23555  2021-08-06 15:59:56   91.78    95.18    44.12   
23556  2021-08-06 15:59:57   90.88    93.20    43.12   
23557  2021-08-06 15:59:58   90.88    93.20    43.11   
23558  2021-08-06 15:59:59   90.70    92.51    42.11   
23559  2021-08-06 16:00:00   90.70    92.51    42.11   

                               file   kmph trav_id                    geometry  
0      1040_060821_201303.000_0.csv   8.16      af  POINT (-94.59283 38.99911)  
1      1040_060821_201303.000_0.csv   8.16      af  POINT (-94.59288 38.99912)  
2      1040_060821_201303.000_0.csv   9.02      af  POINT (-94.59293 38.99913)  
3      1040_060821_201303.000_0.csv   9.41      af  POINT (-94.59297 38.99914)  
4      1040_060821_201303.000_0.csv   9.17      af  POINT (-94.59301 38.99914)  
...                             ...    ...     ...                         ...  
23555  1107_060821_195410.000_0.csv  47.78      af  POINT (-94.55495 39.10265)  
23556  1107_060821_195410.000_0.csv  46.92      af   POINT (-94.5551 39.10265)  
23557  1107_060821_195410.000_0.csv  46.44      af  POINT (-94.55526 39.10266)  
23558  1107_060821_195410.000_0.csv  47.03      af   POINT (-94.5554 39.10266)  
23559  1107_060821_195410.000_0.csv  46.63      af  POINT (-94.55556 39.10267)  

[23560 rows x 8 columns]"
117,"Kansas City, MO",am,am_trav.shp,"/groups/LORTIZUR/heat-watch-data/clean/Heat Watch Kansas City, MO/traverses_chw_kansas_city_102721/am_trav.shp",24192,24192,temp_f,POINT (-94.56559463746913 39.04981683077735),69.6450177744709,69.41,2.021931629547602,65.39,75.36,9.969999999999999,68.16,71.37,3.210000000000008,[68.67 68.85 68.85 ... 71.07 71.07 71.07],"                  datetime  temp_f   hi_f     rh  \
0      2021-08-06 06:00:51   68.67  69.27  85.90   
1      2021-08-06 06:00:52   68.85  69.47  85.90   
2      2021-08-06 06:00:53   68.85  69.47  85.89   
3      2021-08-06 06:00:57   68.85  69.47  85.88   
4      2021-08-06 06:00:58   68.85  69.47  85.88   
...                    ...     ...    ...    ...   
24187  2021-08-06 06:59:56   70.89  71.34  77.82   
24188  2021-08-06 06:59:57   70.89  71.34  77.82   
24189  2021-08-06 06:59:58   71.07  71.54  77.82   
24190  2021-08-06 06:59:59   71.07  71.54  77.81   
24191  2021-08-06 07:00:00   71.07  71.54  77.81   

                               file   kmph trav_id                    geometry  
0      1040_060821_105001.300_0.csv   8.12      am   POINT (-94.59333 38.9992)  
1      1040_060821_105001.300_0.csv   8.12      am  POINT (-94.59332 38.99922)  
2      1040_060821_105001.300_0.csv  11.60      am  POINT (-94.59332 38.99926)  
3      1040_060821_105001.300_0.csv  14.64      am    POINT (-94.5933 38.9994)  
4      1040_060821_105001.300_0.csv  11.86      am  POINT (-94.59329 38.99944)  
...                             ...    ...     ...                         ...  
24187  1107_060821_105059.000_0.csv  46.50      am  POINT (-94.54452 39.10974)  
24188  1107_060821_105059.000_0.csv  46.85      am  POINT (-94.54454 39.10961)  
24189  1107_060821_105059.000_0.csv  48.49      am  POINT (-94.54454 39.10949)  
24190  1107_060821_105059.000_0.csv  49.11      am  POINT (-94.54454 39.10936)  
24191  1107_060821_105059.000_0.csv  49.28      am  POINT (-94.54454 39.10924)  

[24192 rows x 8 columns]"
118,"Kansas City, MO",pm,pm_trav.shp,"/groups/LORTIZUR/heat-watch-data/clean/Heat Watch Kansas City, MO/traverses_chw_kansas_city_102721/pm_trav.shp",24273,24193,temp_f,POINT (-94.55940392783656 39.046752148815536),85.72517091720746,85.64,1.2347407030380866,81.94,89.14,7.200000000000003,84.87,86.54,1.6700000000000017,[86.29 86.29 86.47 ... 86.96 86.96 86.42],"                  datetime  temp_f     hi_f       rh  \
0      2021-08-06 19:01:12   86.29 -9999.00 -9999.00   
1      2021-08-06 19:01:14   86.29 -9999.00 -9999.00   
2      2021-08-06 19:01:15   86.47 -9999.00 -9999.00   
3      2021-08-06 19:01:16   86.47 -9999.00 -9999.00   
4      2021-08-06 19:01:17   86.47 -9999.00 -9999.00   
...                    ...     ...      ...      ...   
24268  2021-08-06 19:59:56   86.06    90.86    59.01   
24269  2021-08-06 19:59:57   86.06    90.86    59.01   
24270  2021-08-06 19:59:58   86.96    92.59    59.01   
24271  2021-08-06 19:59:59   86.96    92.59    59.01   
24272  2021-08-06 20:00:00   86.42    91.54    59.00   

                               file   kmph trav_id                    geometry  
0      1040_060821_235822.000_0.csv  10.70      pm  POINT (-94.59288 38.99934)  
1      1040_060821_235822.000_0.csv  13.67      pm  POINT (-94.59298 38.99934)  
2      1040_060821_235822.000_0.csv  12.39      pm  POINT (-94.59303 38.99934)  
3      1040_060821_235822.000_0.csv   9.79      pm  POINT (-94.59307 38.99935)  
4      1040_060821_235822.000_0.csv   9.79      pm   POINT (-94.5931 38.99935)  
...                             ...    ...     ...                         ...  
24268  1107_060821_235022.000_0.csv  17.39      pm   POINT (-94.52542 39.1186)  
24269  1107_060821_235022.000_0.csv  22.63      pm  POINT (-94.52549 39.11862)  
24270  1107_060821_235022.000_0.csv  27.44      pm  POINT (-94.52558 39.11863)  
24271  1107_060821_235022.000_0.csv  29.29      pm  POINT (-94.52568 39.11864)  
24272  1107_060821_235022.000_0.csv  33.29      pm  POINT (-94.52579 39.11863)  

[24273 rows x 8 columns]"
119,"Knoxville, TN",af,af_trav.shp,"/groups/LORTIZUR/heat-watch-data/clean/Heat Watch Knoxville, TN/traverses_chw_knoxville_101222/af_trav.shp",20718,20718,temp_f,POINT (-83.95707010264793 35.97000518212861),89.86806158895646,90.0,1.5818041200559296,82.9,95.1,12.199999999999989,88.9,90.9,2.0,[89.9 89.9 88.8 ... 90.4 90.4 90.4],"       temp_f      rh    hi_f                    geometry
0        89.9 -9999.0 -9999.0  POINT (-83.96586 35.96612)
1        89.9 -9999.0 -9999.0  POINT (-83.96589 35.96618)
2        88.8 -9999.0 -9999.0  POINT (-83.96636 35.96679)
3        88.8 -9999.0 -9999.0  POINT (-83.96641 35.96686)
4        88.7 -9999.0 -9999.0  POINT (-83.98444 35.97508)
...       ...     ...     ...                         ...
20713    90.8 -9999.0 -9999.0   POINT (-83.95096 35.9568)
20714    90.4 -9999.0 -9999.0  POINT (-83.95104 35.95691)
20715    90.4 -9999.0 -9999.0  POINT (-83.95108 35.95695)
20716    90.4 -9999.0 -9999.0  POINT (-83.95112 35.95699)
20717    90.4 -9999.0 -9999.0  POINT (-83.95115 35.95703)

[20718 rows x 4 columns]"
120,"Knoxville, TN",am,am_trav.shp,"/groups/LORTIZUR/heat-watch-data/clean/Heat Watch Knoxville, TN/traverses_chw_knoxville_101222/am_trav.shp",18516,18516,temp_f,POINT (-83.94296405847194 35.97706387061618),69.8842514581983,69.6,1.3418087935601728,66.8,78.1,11.299999999999997,69.0,70.7,1.7000000000000028,[70.2 70.2 70.4 ... 69.9 69.9 70.1],"       temp_f      rh    hi_f                    geometry
0        70.2 -9999.0 -9999.0  POINT (-83.96597 35.96628)
1        70.2 -9999.0 -9999.0  POINT (-83.96601 35.96634)
2        70.4 -9999.0 -9999.0   POINT (-83.9783 35.97894)
3        70.4 -9999.0 -9999.0  POINT (-83.97838 35.97892)
4        70.4 -9999.0 -9999.0  POINT (-83.97846 35.97889)
...       ...     ...     ...                         ...
18511    70.1    88.2    70.7  POINT (-83.98594 35.95189)
18512    70.1    88.2    70.7  POINT (-83.98566 35.95201)
18513    69.9    88.2    70.5  POINT (-83.98551 35.95207)
18514    69.9    88.2    70.5  POINT (-83.98536 35.95212)
18515    70.1    88.2    70.7  POINT (-83.98522 35.95218)

[18516 rows x 4 columns]"
121,"Knoxville, TN",pm,pm_trav.shp,"/groups/LORTIZUR/heat-watch-data/clean/Heat Watch Knoxville, TN/traverses_chw_knoxville_101222/pm_trav.shp",19030,19030,temp_f,POINT (-83.95682951480094 35.967498831231055),86.52314240672622,86.8,2.8177939225233732,77.6,93.3,15.700000000000003,84.5,88.7,4.200000000000003,[84.2 84.2 86.  ... 91.  91.  90.8],"       temp_f      rh    hi_f                    geometry
0        84.2 -9999.0 -9999.0  POINT (-83.98764 35.97576)
1        84.2 -9999.0 -9999.0  POINT (-83.98778 35.97583)
2        86.0 -9999.0 -9999.0     POINT (-83.99914 35.99)
3        86.0 -9999.0 -9999.0  POINT (-83.99924 35.99009)
4        86.5 -9999.0 -9999.0  POINT (-83.99943 35.99026)
...       ...     ...     ...                         ...
19025    90.8 -9999.0 -9999.0  POINT (-83.90872 35.97624)
19026    90.9 -9999.0 -9999.0  POINT (-83.90855 35.97605)
19027    91.0 -9999.0 -9999.0  POINT (-83.90852 35.97601)
19028    91.0 -9999.0 -9999.0  POINT (-83.90851 35.97599)
19029    90.8 -9999.0 -9999.0  POINT (-83.90843 35.97589)

[19030 rows x 4 columns]"
122,"Laredo, TX",af,af_trav.shp,"/groups/LORTIZUR/heat-watch-data/clean/Heat Watch Laredo, TX/traverses_chw_laredo_090324/af_trav.shp",15943,15943,temp_f,POINT (-99.48509343604566 27.537051303391078),101.34210625352819,101.3,1.3179970527560398,95.7,106.7,11.0,100.5,102.2,1.7000000000000028,[101.7 101.4 102.5 ...  97.4  97.   95.8],"       temp_f    rh   hi_f                    geometry
0       101.7  29.8  105.1  POINT (-99.47412 27.53014)
1       101.4  30.4  105.0  POINT (-99.48075 27.53419)
2       102.5  29.0  106.1   POINT (-99.4518 27.55947)
3       100.9  30.7  104.3  POINT (-99.45346 27.55951)
4       100.4  31.6  104.0  POINT (-99.44074 27.55636)
...       ...   ...    ...                         ...
15938    97.7  16.1   93.6  POINT (-99.47285 27.59388)
15939    97.5  16.1   93.4   POINT (-99.4731 27.59377)
15940    97.4  16.1   93.3  POINT (-99.47336 27.59366)
15941    97.0  16.2   92.8  POINT (-99.47454 27.59319)
15942    95.8  16.6   91.7  POINT (-99.47771 27.59199)

[15943 rows x 4 columns]"
123,"Laredo, TX",am,am_trav.shp,"/groups/LORTIZUR/heat-watch-data/clean/Heat Watch Laredo, TX/traverses_chw_laredo_090324/am_trav.shp",16956,16956,temp_f,POINT (-99.47910344041826 27.531613427291912),80.17961193677755,80.3,1.070614318080415,76.5,82.7,6.200000000000003,79.6,80.9,1.3000000000000114,[80.9 80.3 80.5 ... 79.1 79.1 79.2],"       temp_f    rh  hi_f                    geometry
0        80.9  70.6  84.6  POINT (-99.47007 27.52706)
1        80.3  72.9  83.8  POINT (-99.47067 27.52778)
2        80.5  73.7  84.3  POINT (-99.47415 27.52813)
3        80.7  73.7  84.6  POINT (-99.47413 27.52884)
4        80.8  73.5  84.8  POINT (-99.47412 27.52969)
...       ...   ...   ...                         ...
16951    79.0  79.8  80.3  POINT (-99.45517 27.45043)
16952    78.7  79.8  80.0   POINT (-99.45536 27.4482)
16953    79.1  79.4  80.4   POINT (-99.45954 27.4482)
16954    79.1  79.3  80.5   POINT (-99.45969 27.4482)
16955    79.2  79.1  80.6  POINT (-99.45994 27.44816)

[16956 rows x 4 columns]"
124,"Laredo, TX",pm,pm_trav.shp,"/groups/LORTIZUR/heat-watch-data/clean/Heat Watch Laredo, TX/traverses_chw_laredo_090324/pm_trav.shp",14748,14748,temp_f,POINT (-99.48674131476206 27.527543083499737),98.5098521833469,98.5,0.8612659990298424,96.0,102.0,6.0,97.9,99.1,1.1999999999999886,[98.1 98.  99.2 ... 97.6 97.6 97.6],"       temp_f    rh   hi_f                    geometry
0        98.1  34.4  101.5   POINT (-99.4703 27.52779)
1        98.0  35.2  101.7  POINT (-99.47138 27.52781)
2        99.2  31.9  102.1  POINT (-99.47403 27.54948)
3        98.8  33.0  102.0  POINT (-99.45338 27.55743)
4        97.5  35.6  101.2  POINT (-99.45749 27.52626)
...       ...   ...    ...                         ...
14743    97.9  37.6  103.1  POINT (-99.47046 27.61826)
14744    97.7  37.8  102.9  POINT (-99.47031 27.61825)
14745    97.6  37.8  102.7  POINT (-99.47014 27.61818)
14746    97.6  38.0  102.7     POINT (-99.4701 27.618)
14747    97.6  37.9  102.7  POINT (-99.47011 27.61779)

[14748 rows x 4 columns]"
125,"Las Cruces, NM",af,af_trav.shp,"/groups/LORTIZUR/heat-watch-data/clean/Heat Watch Las Cruces, NM/traverses_chw_las_cruces_091520/af_trav.shp",12535,12535,temp_f,POINT (-106.76464614717888 32.33160495341394),104.77011567610691,105.08,1.576570896080649,99.5,112.28,12.780000000000001,104.18,105.8,1.6199999999999903,[105.98 105.98 105.98 ... 105.44 105.44 105.44],"       hasFix stlltsU    date    time altitud  course  spdKmhr  spdKnts  \
0           1      10  100720  210000  1223.1  243.29    39.39    21.26   
1           1      10  100720  210002  1222.4  242.89    39.53    21.33   
2           1      10  100720  210003    1222   242.2    39.54    21.34   
3           1      10  100720  210005  1220.8  241.02    38.31    20.68   
4           1      10  100720  210008    1220  238.54    37.14    20.04   
...       ...     ...     ...     ...     ...     ...      ...      ...   
12530       1      11  100720  215524  1189.2   306.1    14.56     7.86   
12531       1      11  100720  215525    1189  297.53    13.98     7.55   
12532       1      11  100720  215526  1189.1  297.53    13.98     7.55   
12533       1      11  100720  215527  1189.3  251.01    11.06     5.97   
12534       1      11  100720  215528  1189.3   226.5     9.28     5.01   

      RMCMode RMCStts  ...                              file     dat_cln  \
0           D       A  ...  CAPA1022_100720_205255.086_0.csv  2020-07-10   
1           D       A  ...  CAPA1022_100720_205255.086_0.csv  2020-07-10   
2           D       A  ...  CAPA1022_100720_205255.086_0.csv  2020-07-10   
3           D       A  ...  CAPA1022_100720_205255.086_0.csv  2020-07-10   
4           D       A  ...  CAPA1022_100720_205255.086_0.csv  2020-07-10   
...       ...     ...  ...                               ...         ...   
12530       D       A  ...  CAPA1027_100720_204928.000_0.csv  2020-07-10   
12531       D       A  ...  CAPA1027_100720_204928.000_0.csv  2020-07-10   
12532       D       A  ...  CAPA1027_100720_204928.000_0.csv  2020-07-10   
12533       D       A  ...  CAPA1027_100720_204928.000_0.csv  2020-07-10   
12534       D       A  ...  CAPA1027_100720_204928.000_0.csv  2020-07-10   

                   dttm_tc              dttm_lc              tz     date_lc  \
0      2020-07-10 21:00:00  2020-07-10 15:00:00  America/Denver  2020-07-10   
1      2020-07-10 21:00:02  2020-07-10 15:00:02  America/Denver  2020-07-10   
2      2020-07-10 21:00:03  2020-07-10 15:00:03  America/Denver  2020-07-10   
3      2020-07-10 21:00:05  2020-07-10 15:00:05  America/Denver  2020-07-10   
4      2020-07-10 21:00:08  2020-07-10 15:00:08  America/Denver  2020-07-10   
...                    ...                  ...             ...         ...   
12530  2020-07-10 21:55:24  2020-07-10 15:55:24  America/Denver  2020-07-10   
12531  2020-07-10 21:55:25  2020-07-10 15:55:25  America/Denver  2020-07-10   
12532  2020-07-10 21:55:26  2020-07-10 15:55:26  America/Denver  2020-07-10   
12533  2020-07-10 21:55:27  2020-07-10 15:55:27  America/Denver  2020-07-10   
12534  2020-07-10 21:55:28  2020-07-10 15:55:28  America/Denver  2020-07-10   

                   strt_tm              end_tim  trav_id  \
0      2020-07-10 15:00:00  2020-07-10 16:00:00       af   
1      2020-07-10 15:00:00  2020-07-10 16:00:00       af   
2      2020-07-10 15:00:00  2020-07-10 16:00:00       af   
3      2020-07-10 15:00:00  2020-07-10 16:00:00       af   
4      2020-07-10 15:00:00  2020-07-10 16:00:00       af   
...                    ...                  ...      ...   
12530  2020-07-10 15:00:00  2020-07-10 16:00:00       af   
12531  2020-07-10 15:00:00  2020-07-10 16:00:00       af   
12532  2020-07-10 15:00:00  2020-07-10 16:00:00       af   
12533  2020-07-10 15:00:00  2020-07-10 16:00:00       af   
12534  2020-07-10 15:00:00  2020-07-10 16:00:00       af   

                          geometry  
0      POINT (-106.78669 32.35399)  
1        POINT (-106.7869 32.3539)  
2        POINT (-106.787 32.35385)  
3       POINT (-106.7872 32.35376)  
4      POINT (-106.78748 32.35361)  
...                            ...  
12530  POINT (-106.81119 32.29732)  
12531  POINT (-106.81123 32.29734)  
12532  POINT (-106.81126 32.29735)  
12533   POINT (-106.8113 32.29734)  
12534  POINT (-106.81132 32.29733)  

[12535 rows x 29 columns]"
126,"Las Cruces, NM",am,am_trav.shp,"/groups/LORTIZUR/heat-watch-data/clean/Heat Watch Las Cruces, NM/traverses_chw_las_cruces_091520/am_trav.shp",12394,12394,temp_f,POINT (-106.7654699268072 32.33542541960912),76.96620461513635,77.0,1.3713997937550684,72.86,80.78,7.920000000000002,76.1,77.9,1.8000000000000114,[78.08 78.08 78.08 ... 77.54 77.54 77.54],"       hasFix stlltsU    date    time altitud  course  spdKmhr  spdKnts  \
0           1       8  100720  120000    1213  149.63    30.44    16.43   
1           1       8  100720  120001  1213.4  149.63    30.44    16.43   
2           1       8  100720  120002  1213.8  149.43    29.86    16.11   
3           1       8  100720  120003  1214.2  148.01    28.17    15.20   
4           1       8  100720  120004  1214.7  148.21    27.72    14.96   
...       ...     ...     ...     ...     ...     ...      ...      ...   
12389       1      11  100720  125553  1191.2  282.78    10.43     5.63   
12390       1      11  100720  125554  1191.3  269.33    10.39     5.61   
12391       1      11  100720  125555  1191.2  256.55    10.79     5.82   
12392       1      11  100720  125556  1191.3  244.63    10.71     5.78   
12393       1      11  100720  125557  1191.3  244.63    10.71     5.78   

      RMCMode RMCStts  ...                              file     dat_cln  \
0           D       A  ...           CAPA1022_100720_1_0.csv  2020-07-10   
1           D       A  ...           CAPA1022_100720_1_0.csv  2020-07-10   
2           D       A  ...           CAPA1022_100720_1_0.csv  2020-07-10   
3           D       A  ...           CAPA1022_100720_1_0.csv  2020-07-10   
4           D       A  ...           CAPA1022_100720_1_0.csv  2020-07-10   
...       ...     ...  ...                               ...         ...   
12389       D       A  ...  CAPA1027_100720_115027.091_0.csv  2020-07-10   
12390       D       A  ...  CAPA1027_100720_115027.091_0.csv  2020-07-10   
12391       D       A  ...  CAPA1027_100720_115027.091_0.csv  2020-07-10   
12392       D       A  ...  CAPA1027_100720_115027.091_0.csv  2020-07-10   
12393       D       A  ...  CAPA1027_100720_115027.091_0.csv  2020-07-10   

                   dttm_tc              dttm_lc              tz     date_lc  \
0      2020-07-10 12:00:00  2020-07-10 06:00:00  America/Denver  2020-07-10   
1      2020-07-10 12:00:01  2020-07-10 06:00:01  America/Denver  2020-07-10   
2      2020-07-10 12:00:02  2020-07-10 06:00:02  America/Denver  2020-07-10   
3      2020-07-10 12:00:03  2020-07-10 06:00:03  America/Denver  2020-07-10   
4      2020-07-10 12:00:04  2020-07-10 06:00:04  America/Denver  2020-07-10   
...                    ...                  ...             ...         ...   
12389  2020-07-10 12:55:53  2020-07-10 06:55:53  America/Denver  2020-07-10   
12390  2020-07-10 12:55:54  2020-07-10 06:55:54  America/Denver  2020-07-10   
12391  2020-07-10 12:55:55  2020-07-10 06:55:55  America/Denver  2020-07-10   
12392  2020-07-10 12:55:56  2020-07-10 06:55:56  America/Denver  2020-07-10   
12393  2020-07-10 12:55:57  2020-07-10 06:55:57  America/Denver  2020-07-10   

                   strt_tm              end_tim  trav_id  \
0      2020-07-10 06:00:00  2020-07-10 07:00:00       am   
1      2020-07-10 06:00:00  2020-07-10 07:00:00       am   
2      2020-07-10 06:00:00  2020-07-10 07:00:00       am   
3      2020-07-10 06:00:00  2020-07-10 07:00:00       am   
4      2020-07-10 06:00:00  2020-07-10 07:00:00       am   
...                    ...                  ...      ...   
12389  2020-07-10 06:00:00  2020-07-10 07:00:00       am   
12390  2020-07-10 06:00:00  2020-07-10 07:00:00       am   
12391  2020-07-10 06:00:00  2020-07-10 07:00:00       am   
12392  2020-07-10 06:00:00  2020-07-10 07:00:00       am   
12393  2020-07-10 06:00:00  2020-07-10 07:00:00       am   

                          geometry  
0      POINT (-106.78845 32.36682)  
1      POINT (-106.78841 32.36675)  
2      POINT (-106.78836 32.36668)  
3      POINT (-106.78832 32.36662)  
4      POINT (-106.78828 32.36656)  
...                            ...  
12389  POINT (-106.81129 32.29731)  
12390  POINT (-106.81131 32.29731)  
12391  POINT (-106.81134 32.29731)  
12392   POINT (-106.81137 32.2973)  
12393  POINT (-106.81139 32.29729)  

[12394 rows x 29 columns]"
127,"Las Cruces, NM",pm,pm_trav.shp,"/groups/LORTIZUR/heat-watch-data/clean/Heat Watch Las Cruces, NM/traverses_chw_las_cruces_091520/pm_trav.shp",13878,13878,temp_f,POINT (-106.76567472714777 32.32913691413448),98.93859922178987,99.14,2.2061074543360792,89.24000000000001,103.28,14.039999999999992,98.24,100.4,2.160000000000011,[100.22 100.22 100.4  ...  98.96  98.96  98.96],"       hasFix stlltsU    date   time altitud  course  spdKmhr  spdKnts  \
0           1       7  110720  10000  1219.4  149.19    47.25    25.00   
1           1       7  110720  10002  1219.6  148.83    47.62    25.70   
2           1       7  110720  10003  1219.7  149.52    47.14    25.44   
3           1       7  110720  10004  1219.9  149.04    47.02    25.38   
4           1       7  110720  10005  1220.3  149.04    47.02    25.38   
...       ...     ...     ...    ...     ...     ...      ...      ...   
13873       1      10  110720  15955  1272.3  329.75    47.85    25.82   
13874       1      10  110720  15956  1272.5  329.56    46.76    25.23   
13875       1      10  110720  15957  1272.6  329.59    45.77    24.70   
13876       1      10  110720  15958  1272.8  329.84    45.43    24.51   
13877       1      10  110720  15958  1272.8  329.87    45.45    24.53   

      RMCMode RMCStts  ...                              file     dat_cln  \
0           A       A  ...  CAPA1022_110720_005802.000_0.csv  2020-07-11   
1           A       A  ...  CAPA1022_110720_005802.000_0.csv  2020-07-11   
2           A       A  ...  CAPA1022_110720_005802.000_0.csv  2020-07-11   
3           A       A  ...  CAPA1022_110720_005802.000_0.csv  2020-07-11   
4           A       A  ...  CAPA1022_110720_005802.000_0.csv  2020-07-11   
...       ...     ...  ...                               ...         ...   
13873       D       A  ...  CAPA1027_110720_005254.207_0.csv  2020-07-11   
13874       D       A  ...  CAPA1027_110720_005254.207_0.csv  2020-07-11   
13875       D       A  ...  CAPA1027_110720_005254.207_0.csv  2020-07-11   
13876       D       A  ...  CAPA1027_110720_005254.207_0.csv  2020-07-11   
13877       D       A  ...  CAPA1027_110720_005254.207_0.csv  2020-07-11   

                   dttm_tc              dttm_lc              tz     date_lc  \
0      2020-07-11 01:00:00  2020-07-10 19:00:00  America/Denver  2020-07-10   
1      2020-07-11 01:00:02  2020-07-10 19:00:02  America/Denver  2020-07-10   
2      2020-07-11 01:00:03  2020-07-10 19:00:03  America/Denver  2020-07-10   
3      2020-07-11 01:00:04  2020-07-10 19:00:04  America/Denver  2020-07-10   
4      2020-07-11 01:00:05  2020-07-10 19:00:05  America/Denver  2020-07-10   
...                    ...                  ...             ...         ...   
13873  2020-07-11 01:59:55  2020-07-10 19:59:55  America/Denver  2020-07-10   
13874  2020-07-11 01:59:56  2020-07-10 19:59:56  America/Denver  2020-07-10   
13875  2020-07-11 01:59:57  2020-07-10 19:59:57  America/Denver  2020-07-10   
13876  2020-07-11 01:59:58  2020-07-10 19:59:58  America/Denver  2020-07-10   
13877  2020-07-11 01:59:58  2020-07-10 19:59:58  America/Denver  2020-07-10   

                   strt_tm              end_tim  trav_id  \
0      2020-07-10 19:00:00  2020-07-10 20:00:00       pm   
1      2020-07-10 19:00:00  2020-07-10 20:00:00       pm   
2      2020-07-10 19:00:00  2020-07-10 20:00:00       pm   
3      2020-07-10 19:00:00  2020-07-10 20:00:00       pm   
4      2020-07-10 19:00:00  2020-07-10 20:00:00       pm   
...                    ...                  ...      ...   
13873  2020-07-10 19:00:00  2020-07-10 20:00:00       pm   
13874  2020-07-10 19:00:00  2020-07-10 20:00:00       pm   
13875  2020-07-10 19:00:00  2020-07-10 20:00:00       pm   
13876  2020-07-10 19:00:00  2020-07-10 20:00:00       pm   
13877  2020-07-10 19:00:00  2020-07-10 20:00:00       pm   

                          geometry  
0      POINT (-106.78478 32.36177)  
1      POINT (-106.78463 32.36157)  
2      POINT (-106.78456 32.36146)  
3      POINT (-106.78449 32.36136)  
4      POINT (-106.78442 32.36126)  
...                            ...  
13873  POINT (-106.75082 32.33672)  
13874  POINT (-106.75089 32.33682)  
13875  POINT (-106.75096 32.33692)  
13876  POINT (-106.75102 32.33702)  
13877  POINT (-106.75102 32.33702)  

[13878 rows x 29 columns]"
128,"Little Rock, AR",af,af_trav.shp,"/groups/LORTIZUR/heat-watch-data/clean/Heat Watch Little Rock, AR/traverses_chw_little_rock_101523/af_trav.shp",22145,22145,temp_f,POINT (-92.36056611733581 34.72724516178967),97.21928200496725,97.0,1.5463351028624104,92.6,102.6,10.0,96.2,98.1,1.8999999999999915,[100.   99.7  99.4 ...  96.1  96.3  97. ],"       temp_f    rh   hi_f                    geometry
0       100.0  34.0  104.8  POINT (-92.49504 34.81193)
1        99.7  35.2  105.2  POINT (-92.49489 34.81191)
2        99.4  35.1  104.4  POINT (-92.49474 34.81189)
3        99.4  35.5  104.7  POINT (-92.49459 34.81186)
4        99.4  34.5  104.0  POINT (-92.49444 34.81184)
...       ...   ...    ...                         ...
22140    99.9  35.2  105.4  POINT (-92.34212 34.72331)
22141    99.7  35.3  105.2  POINT (-92.34219 34.72335)
22142    96.1  39.5  100.8  POINT (-92.35066 34.72372)
22143    96.3  39.4  101.1  POINT (-92.35075 34.72372)
22144    97.0  38.7  102.0  POINT (-92.35104 34.72357)

[22145 rows x 4 columns]"
129,"Little Rock, AR",am,am_trav.shp,"/groups/LORTIZUR/heat-watch-data/clean/Heat Watch Little Rock, AR/traverses_chw_little_rock_101523/am_trav.shp",20525,20525,temp_f,POINT (-92.35930853986319 34.72845022590992),72.97469427527406,73.1,1.3601679377321252,68.7,76.5,7.799999999999997,72.0,74.1,2.0999999999999943,[75.1 75.  75.  ... 73.4 73.5 73.5],"       temp_f    rh  hi_f                    geometry
0        75.1  69.6  75.6  POINT (-92.35867 34.74454)
1        75.0  69.5  75.5  POINT (-92.35819 34.74439)
2        75.0  69.7  75.5  POINT (-92.35809 34.74437)
3        75.0  69.9  75.5  POINT (-92.35798 34.74434)
4        75.0  70.0  75.4   POINT (-92.35787 34.7443)
...       ...   ...   ...                         ...
20520    73.3  72.8  73.8  POINT (-92.39724 34.75078)
20521    73.3  72.8  73.8   POINT (-92.39728 34.7508)
20522    73.4  72.2  73.9  POINT (-92.39756 34.75088)
20523    73.5  71.9  73.9   POINT (-92.39768 34.7509)
20524    73.5  71.9  73.9  POINT (-92.39772 34.75091)

[20525 rows x 4 columns]"
130,"Little Rock, AR",pm,pm_trav.shp,"/groups/LORTIZUR/heat-watch-data/clean/Heat Watch Little Rock, AR/traverses_chw_little_rock_101523/pm_trav.shp",20534,20534,temp_f,POINT (-92.36472846809838 34.730672011315974),91.91473653452809,92.5,2.266980670390168,83.5,96.3,12.799999999999997,90.8,93.5,2.700000000000003,[93.1 93.2 93.3 ... 94.  94.  94.2],"       temp_f    rh   hi_f                    geometry
0        93.1  42.9   97.0  POINT (-92.32575 34.75178)
1        93.2  42.8   97.1  POINT (-92.32589 34.75178)
2        93.3  42.9   97.4  POINT (-92.32603 34.75179)
3        93.5  42.9   97.6  POINT (-92.32617 34.75179)
4        93.6  42.8   97.9   POINT (-92.32631 34.7518)
...       ...   ...    ...                         ...
20529    93.7  51.0  102.9  POINT (-92.36393 34.74948)
20530    93.9  50.8  103.1  POINT (-92.36384 34.74948)
20531    94.0  50.7  103.3  POINT (-92.36376 34.74947)
20532    94.0  50.5  103.3  POINT (-92.36372 34.74947)
20533    94.2  50.2  103.5  POINT (-92.36353 34.74946)

[20534 rows x 4 columns]"
131,"Longmont, CO",af,af_trav.shp,"/groups/LORTIZUR/heat-watch-data/clean/Heat Watch Longmont, CO/traverses_chw_longmont_091123/af_trav.shp",10506,10506,temp_f,POINT (-105.10705140606431 40.17101060559037),95.94585950885208,96.0,1.0861108891669466,91.6,100.4,8.800000000000011,95.3,96.7,1.4000000000000057,[98.8 98.7 98.7 ... 95.3 95.4 95.4],"             ID             datetime  temp_f  hi_f    rh  \
0       11081.0  2023-07-23 15:00:21    98.8  92.9   9.8   
1       11111.0  2023-07-23 15:00:24    98.7  92.9  10.1   
2       11191.0  2023-07-23 15:00:32    98.7  93.0  10.3   
3       11371.0  2023-07-23 15:00:50    99.4  93.7  10.3   
4       11451.0  2023-07-23 15:00:58    99.4  93.5  10.1   
...         ...                  ...     ...   ...   ...   
10501  318411.0  2023-07-23 15:38:23    94.8  90.9  18.0   
10502  319511.0  2023-07-23 15:38:34    95.2  91.2  17.7   
10503  319611.0  2023-07-23 15:38:35    95.3  91.3  17.8   
10504  319711.0  2023-07-23 15:38:36    95.4  91.4  17.6   
10505  319811.0  2023-07-23 15:38:37    95.4  91.4  17.4   

                           file trav_id  speedmph                     geometry  
0      CAPA2035_230723_204152_0      af       7.8  POINT (-105.10133 40.16402)  
1      CAPA2035_230723_204152_0      af       8.1  POINT (-105.10147 40.16401)  
2      CAPA2035_230723_204152_0      af      10.7  POINT (-105.10186 40.16401)  
3      CAPA2035_230723_204152_0      af       9.4   POINT (-105.1023 40.16401)  
4      CAPA2035_230723_204152_0      af      15.6  POINT (-105.10245 40.16428)  
...                         ...     ...       ...                          ...  
10501  CAPA2146_230723_204518_0      af      14.4  POINT (-105.08331 40.19201)  
10502  CAPA2146_230723_204518_0      af      14.2  POINT (-105.08364 40.19212)  
10503  CAPA2146_230723_204518_0      af      17.7  POINT (-105.08365 40.19222)  
10504  CAPA2146_230723_204518_0      af      19.2   POINT (-105.08366 40.1923)  
10505  CAPA2146_230723_204518_0      af      19.8  POINT (-105.08366 40.19233)  

[10506 rows x 9 columns]"
132,"Longmont, CO",am,am_trav.shp,"/groups/LORTIZUR/heat-watch-data/clean/Heat Watch Longmont, CO/traverses_chw_longmont_091123/am_trav.shp",11072,11072,temp_f,POINT (-105.10724239088042 40.17001647402172),57.889486994219645,57.9,1.6143004882316174,51.8,61.6,9.800000000000004,56.9,59.0,2.1000000000000014,[60.6 60.6 60.6 ... 58.9 59.  59. ],"             ID             datetime  temp_f  hi_f    rh  \
0         967.0  2023-07-23 06:00:14    60.6  59.6  67.0   
1         969.0  2023-07-23 06:00:16    60.6  59.5  66.9   
2         971.0  2023-07-23 06:00:18    60.6  59.5  67.0   
3         982.0  2023-07-23 06:00:29    60.7  59.6  67.1   
4         987.0  2023-07-23 06:00:34    60.9  59.8  66.8   
...         ...                  ...     ...   ...   ...   
11067  315512.0  2023-07-23 06:38:15    58.5  57.6  75.1   
11068  315612.0  2023-07-23 06:38:16    58.5  57.6  75.1   
11069  318710.0  2023-07-23 06:38:47    58.9  57.9  72.8   
11070  319910.0  2023-07-23 06:38:59    59.0  58.0  72.2   
11071  320010.0  2023-07-23 06:39:00    59.0  58.0  72.2   

                           file trav_id  speedmph                     geometry  
0      CAPA2035_230723_113622_0      am      10.4  POINT (-105.10174 40.16398)  
1      CAPA2035_230723_113622_0      am      14.2  POINT (-105.10186 40.16398)  
2      CAPA2035_230723_113622_0      am      13.6  POINT (-105.10202 40.16398)  
3      CAPA2035_230723_113622_0      am      11.5  POINT (-105.10241 40.16407)  
4      CAPA2035_230723_113622_0      am      20.2   POINT (-105.10244 40.1644)  
...                         ...     ...       ...                          ...  
11067  CAPA2146_230723_114549_0      am      19.1  POINT (-105.08387 40.19268)  
11068  CAPA2146_230723_114549_0      am      19.4  POINT (-105.08389 40.19272)  
11069  CAPA2146_230723_114549_0      am       9.4   POINT (-105.0856 40.19435)  
11070  CAPA2146_230723_114549_0      am      15.2   POINT (-105.0858 40.19389)  
11071  CAPA2146_230723_114549_0      am      14.2  POINT (-105.08578 40.19383)  

[11072 rows x 9 columns]"
133,"Longmont, CO",pm,pm_trav.shp,"/groups/LORTIZUR/heat-watch-data/clean/Heat Watch Longmont, CO/traverses_chw_longmont_091123/pm_trav.shp",10953,10953,temp_f,POINT (-105.10501653746017 40.17086151477263),84.8072035058888,84.9,1.3943299785387575,78.4,88.3,9.899999999999991,84.0,85.8,1.7999999999999972,[85.1 85.3 85.5 ... 84.9 83.4 85.3],"             ID             datetime  temp_f  hi_f    rh  \
0         808.0  2023-07-23 19:00:10    85.1  82.6  26.5   
1         810.0  2023-07-23 19:00:12    85.3  82.7  25.7   
2         812.0  2023-07-23 19:00:14    85.5  82.8  25.8   
3         814.0  2023-07-23 19:00:16    85.3  82.7  25.8   
4         816.0  2023-07-23 19:00:18    85.3  82.7  25.6   
...         ...                  ...     ...   ...   ...   
10948   35057.0  2023-07-23 19:37:12    84.8  82.3  25.6   
10949   35067.0  2023-07-23 19:37:13    84.9  82.3  25.5   
10950   35077.0  2023-07-23 19:37:14    84.9  82.3  25.5   
10951  132013.0  2023-07-23 19:00:47    83.4  81.5  30.2   
10952   35419.0  2023-07-23 19:37:48    85.3  82.6  25.1   

                           file trav_id  speedmph                     geometry  
0      CAPA2035_240723_004641_0      pm      12.4  POINT (-105.10166 40.16399)  
1      CAPA2035_240723_004641_0      pm      13.0  POINT (-105.10179 40.16399)  
2      CAPA2035_240723_004641_0      pm      15.2  POINT (-105.10193 40.16399)  
3      CAPA2035_240723_004641_0      pm      13.9  POINT (-105.10209 40.16399)  
4      CAPA2035_240723_004641_0      pm      11.5  POINT (-105.10222 40.16399)  
...                         ...     ...       ...                          ...  
10948  CAPA2146_240723_003846_0      pm      18.4   POINT (-105.0839 40.19274)  
10949  CAPA2146_240723_003846_0      pm      19.0   POINT (-105.08396 40.1928)  
10950  CAPA2146_240723_003846_0      pm      19.5  POINT (-105.08399 40.19283)  
10951  CAPA2146_240723_003846_0      pm      16.9  POINT (-105.08502 40.19386)  
10952  CAPA2146_240723_003846_0      pm       9.7  POINT (-105.08581 40.19406)  

[10953 rows x 9 columns]"
134,"Los Angeles, CA",af,af_trav.shp,"/groups/LORTIZUR/heat-watch-data/clean/Heat Watch Los Angeles, CA/traverses_chw_north_los_angeles/af_trav.shp",14476,14476,temp_f,POINT (-118.4450872390238 34.23752724148438),88.14729206963251,87.98,1.7538091463352297,84.2,94.82,10.61999999999999,87.08000000000001,89.24000000000001,2.1599999999999966,[94.82 94.46 94.46 ... 87.8  87.98 87.98],"       hasFix stlltsU    date    time altitud  course  spdKmhr  spdKnts  \
0           1       9  150919  220002   210.5  359.97    27.94    15.08   
1           1       9  150919  220003   210.9    0.08    31.42    16.96   
2           1       9  150919  220004     211    0.08    31.42    16.96   
3           1       9  150919  220006   211.4  358.88    36.05    19.46   
4           1       8  150919  220007   211.9  359.39    34.53    18.63   
...       ...     ...     ...     ...     ...     ...      ...      ...   
14471       1      11  150919  225953   355.6   49.54    33.03    17.83   
14472       1      11  150919  225954   355.8    48.8    33.04    17.83   
14473       1      11  150919  225955     356    48.8    32.56    17.57   
14474       1      11  150919  225957   356.4   48.68    33.45    18.05   
14475       1      11  150919  225957   356.4   48.68    33.45    18.05   

      RMCMode RMCStts  ...                            file     dat_cln  \
0           D       A  ...  CAPA05_150919_214401.593_0.csv  2019-09-15   
1           D       A  ...  CAPA05_150919_214401.593_0.csv  2019-09-15   
2           D       A  ...  CAPA05_150919_214401.593_0.csv  2019-09-15   
3           D       A  ...  CAPA05_150919_214401.593_0.csv  2019-09-15   
4           D       A  ...  CAPA05_150919_214401.593_0.csv  2019-09-15   
...       ...     ...  ...                             ...         ...   
14471       D       A  ...     ID9_150919_215724.217_0.csv  2019-09-15   
14472       D       A  ...     ID9_150919_215724.217_0.csv  2019-09-15   
14473       D       A  ...     ID9_150919_215724.217_0.csv  2019-09-15   
14474       D       A  ...     ID9_150919_215724.217_0.csv  2019-09-15   
14475       D       A  ...     ID9_150919_215724.217_0.csv  2019-09-15   

                   dttm_tc              dttm_lc                   tz  \
0      2019-09-15 22:00:02  2019-09-15 15:00:02  America/Los_Angeles   
1      2019-09-15 22:00:03  2019-09-15 15:00:03  America/Los_Angeles   
2      2019-09-15 22:00:04  2019-09-15 15:00:04  America/Los_Angeles   
3      2019-09-15 22:00:06  2019-09-15 15:00:06  America/Los_Angeles   
4      2019-09-15 22:00:07  2019-09-15 15:00:07  America/Los_Angeles   
...                    ...                  ...                  ...   
14471  2019-09-15 22:59:53  2019-09-15 15:59:53  America/Los_Angeles   
14472  2019-09-15 22:59:54  2019-09-15 15:59:54  America/Los_Angeles   
14473  2019-09-15 22:59:55  2019-09-15 15:59:55  America/Los_Angeles   
14474  2019-09-15 22:59:57  2019-09-15 15:59:57  America/Los_Angeles   
14475  2019-09-15 22:59:57  2019-09-15 15:59:57  America/Los_Angeles   

          date_lc              strt_tm              end_tim  trav_id  \
0      2019-09-15  2019-09-15 15:00:00  2019-09-15 16:00:00       af   
1      2019-09-15  2019-09-15 15:00:00  2019-09-15 16:00:00       af   
2      2019-09-15  2019-09-15 15:00:00  2019-09-15 16:00:00       af   
3      2019-09-15  2019-09-15 15:00:00  2019-09-15 16:00:00       af   
4      2019-09-15  2019-09-15 15:00:00  2019-09-15 16:00:00       af   
...           ...                  ...                  ...      ...   
14471  2019-09-15  2019-09-15 15:00:00  2019-09-15 16:00:00       af   
14472  2019-09-15  2019-09-15 15:00:00  2019-09-15 16:00:00       af   
14473  2019-09-15  2019-09-15 15:00:00  2019-09-15 16:00:00       af   
14474  2019-09-15  2019-09-15 15:00:00  2019-09-15 16:00:00       af   
14475  2019-09-15  2019-09-15 15:00:00  2019-09-15 16:00:00       af   

                          geometry  
0      POINT (-118.46602 34.17277)  
1      POINT (-118.46602 34.17284)  
2      POINT (-118.46602 34.17292)  
3       POINT (-118.46603 34.1731)  
4      POINT (-118.46603 34.17318)  
...                            ...  
14471   POINT (-118.42642 34.2941)  
14472  POINT (-118.42634 34.29416)  
14473  POINT (-118.42627 34.29421)  
14474  POINT (-118.42612 34.29432)  
14475  POINT (-118.42612 34.29432)  

[14476 rows x 29 columns]"
135,"Los Angeles, CA",am,am_trav.shp,"/groups/LORTIZUR/heat-watch-data/clean/Heat Watch Los Angeles, CA/traverses_chw_north_los_angeles/am_trav.shp",15263,15263,temp_f,POINT (-118.4467674433495 34.23536168652497),66.1661416497412,66.02,2.5630055578301443,61.16,75.38,14.219999999999999,64.58000000000001,67.28,2.6999999999999886,[66.02 66.2  66.2  ... 67.1  67.28 67.28],"       hasFix stlltsU    date    time altitud  course  spdKmhr  spdKnts  \
0           1       7  150919  130000   208.3  358.57    35.22    19.01   
1           1       7  150919  130001     208  358.57    35.22    19.01   
2           1       7  150919  130002   207.7  357.32    39.07    21.09   
3           1       7  150919  130003   207.4     0.9    39.84    21.50   
4           1       7  150919  130004   207.5  358.94    39.96    21.57   
...       ...     ...     ...     ...     ...     ...      ...      ...   
15258       1       8  150919  135956   352.5   46.91    34.59    18.67   
15259       1       8  150919  135956   352.5   48.18    35.31    19.05   
15260       1       8  150919  135958   352.7   55.42    33.28    17.96   
15261       1       8  150919  135959   352.8   52.35    34.14    18.42   
15262       1       8  150919  140000   352.7   49.04    34.18    18.45   

      RMCMode RMCStts  ...                            file     dat_cln  \
0           D       A  ...  CAPA05_150919_124427.000_0.csv  2019-09-15   
1           D       A  ...  CAPA05_150919_124427.000_0.csv  2019-09-15   
2           D       A  ...  CAPA05_150919_124427.000_0.csv  2019-09-15   
3           D       A  ...  CAPA05_150919_124427.000_0.csv  2019-09-15   
4           D       A  ...  CAPA05_150919_124427.000_0.csv  2019-09-15   
...       ...     ...  ...                             ...         ...   
15258       D       A  ...     ID9_150919_125500.311_0.csv  2019-09-15   
15259       D       A  ...     ID9_150919_125500.311_0.csv  2019-09-15   
15260       D       A  ...     ID9_150919_125500.311_0.csv  2019-09-15   
15261       D       A  ...     ID9_150919_125500.311_0.csv  2019-09-15   
15262       D       A  ...     ID9_150919_125500.311_0.csv  2019-09-15   

                   dttm_tc              dttm_lc                   tz  \
0      2019-09-15 13:00:00  2019-09-15 06:00:00  America/Los_Angeles   
1      2019-09-15 13:00:01  2019-09-15 06:00:01  America/Los_Angeles   
2      2019-09-15 13:00:02  2019-09-15 06:00:02  America/Los_Angeles   
3      2019-09-15 13:00:03  2019-09-15 06:00:03  America/Los_Angeles   
4      2019-09-15 13:00:04  2019-09-15 06:00:04  America/Los_Angeles   
...                    ...                  ...                  ...   
15258  2019-09-15 13:59:56  2019-09-15 06:59:56  America/Los_Angeles   
15259  2019-09-15 13:59:56  2019-09-15 06:59:56  America/Los_Angeles   
15260  2019-09-15 13:59:58  2019-09-15 06:59:58  America/Los_Angeles   
15261  2019-09-15 13:59:59  2019-09-15 06:59:59  America/Los_Angeles   
15262  2019-09-15 14:00:00  2019-09-15 07:00:00  America/Los_Angeles   

          date_lc              strt_tm              end_tim  trav_id  \
0      2019-09-15  2019-09-15 06:00:00  2019-09-15 07:00:00       am   
1      2019-09-15  2019-09-15 06:00:00  2019-09-15 07:00:00       am   
2      2019-09-15  2019-09-15 06:00:00  2019-09-15 07:00:00       am   
3      2019-09-15  2019-09-15 06:00:00  2019-09-15 07:00:00       am   
4      2019-09-15  2019-09-15 06:00:00  2019-09-15 07:00:00       am   
...           ...                  ...                  ...      ...   
15258  2019-09-15  2019-09-15 06:00:00  2019-09-15 07:00:00       am   
15259  2019-09-15  2019-09-15 06:00:00  2019-09-15 07:00:00       am   
15260  2019-09-15  2019-09-15 06:00:00  2019-09-15 07:00:00       am   
15261  2019-09-15  2019-09-15 06:00:00  2019-09-15 07:00:00       am   
15262  2019-09-15  2019-09-15 06:00:00  2019-09-15 07:00:00       am   

                          geometry  
0      POINT (-118.46606 34.17301)  
1       POINT (-118.46606 34.1731)  
2       POINT (-118.46606 34.1732)  
3       POINT (-118.46606 34.1733)  
4       POINT (-118.46606 34.1734)  
...                            ...  
15258  POINT (-118.42714 34.29358)  
15259  POINT (-118.42714 34.29358)  
15260  POINT (-118.42698 34.29368)  
15261  POINT (-118.42689 34.29373)  
15262  POINT (-118.42681 34.29378)  

[15263 rows x 29 columns]"
136,"Los Angeles, CA",pm,pm_trav.shp,"/groups/LORTIZUR/heat-watch-data/clean/Heat Watch Los Angeles, CA/traverses_chw_north_los_angeles/pm_trav.shp",16090,16090,temp_f,POINT (-118.45238130780034 34.234153666581314),77.74918707271598,77.72,1.4692767754293625,74.12,81.68,7.560000000000002,76.82,78.80000000000001,1.9800000000000182,[75.38 75.38 75.38 ... 77.54 77.54 77.54],"       hasFix stlltsU    date   time altitud  course  spdKmhr  spdKnts  \
0           1       6  160919  20052   203.9  348.19    11.54     6.23   
1           1       6  160919  20053   203.1  341.81    17.74     9.58   
2           1       6  160919  20054   205.5  350.71    21.92    11.83   
3           1       6  160919  20055   208.3  350.71    21.92    11.83   
4           1       6  160919  20056   211.1  358.35    29.48    15.91   
...       ...     ...     ...    ...     ...     ...      ...      ...   
16085       1      10  160919  25956   349.3   48.74    17.76     9.59   
16086       1      10  160919  25957     349   49.07    19.38    10.46   
16087       1      10  160919  25958     349   45.58    18.91    10.20   
16088       1      10  160919  25959   348.8   45.58    18.91    10.20   
16089       1      10  160919  30000   348.7   44.62    18.81    10.15   

      RMCMode RMCStts  ...                            file     dat_cln  \
0           A       A  ...  CAPA05_160919_020030.599_0.csv  2019-09-16   
1           A       A  ...  CAPA05_160919_020030.599_0.csv  2019-09-16   
2           A       A  ...  CAPA05_160919_020030.599_0.csv  2019-09-16   
3           A       A  ...  CAPA05_160919_020030.599_0.csv  2019-09-16   
4           A       A  ...  CAPA05_160919_020030.599_0.csv  2019-09-16   
...       ...     ...  ...                             ...         ...   
16085       D       A  ...     ID9_160919_015830.297_0.csv  2019-09-16   
16086       D       A  ...     ID9_160919_015830.297_0.csv  2019-09-16   
16087       D       A  ...     ID9_160919_015830.297_0.csv  2019-09-16   
16088       D       A  ...     ID9_160919_015830.297_0.csv  2019-09-16   
16089       D       A  ...     ID9_160919_015830.297_0.csv  2019-09-16   

                   dttm_tc              dttm_lc                   tz  \
0      2019-09-16 02:00:52  2019-09-15 19:00:52  America/Los_Angeles   
1      2019-09-16 02:00:53  2019-09-15 19:00:53  America/Los_Angeles   
2      2019-09-16 02:00:54  2019-09-15 19:00:54  America/Los_Angeles   
3      2019-09-16 02:00:55  2019-09-15 19:00:55  America/Los_Angeles   
4      2019-09-16 02:00:56  2019-09-15 19:00:56  America/Los_Angeles   
...                    ...                  ...                  ...   
16085  2019-09-16 02:59:56  2019-09-15 19:59:56  America/Los_Angeles   
16086  2019-09-16 02:59:57  2019-09-15 19:59:57  America/Los_Angeles   
16087  2019-09-16 02:59:58  2019-09-15 19:59:58  America/Los_Angeles   
16088  2019-09-16 02:59:59  2019-09-15 19:59:59  America/Los_Angeles   
16089  2019-09-16 03:00:00  2019-09-15 20:00:00  America/Los_Angeles   

          date_lc              strt_tm              end_tim  trav_id  \
0      2019-09-15  2019-09-15 19:00:00  2019-09-15 20:00:00       pm   
1      2019-09-15  2019-09-15 19:00:00  2019-09-15 20:00:00       pm   
2      2019-09-15  2019-09-15 19:00:00  2019-09-15 20:00:00       pm   
3      2019-09-15  2019-09-15 19:00:00  2019-09-15 20:00:00       pm   
4      2019-09-15  2019-09-15 19:00:00  2019-09-15 20:00:00       pm   
...           ...                  ...                  ...      ...   
16085  2019-09-15  2019-09-15 19:00:00  2019-09-15 20:00:00       pm   
16086  2019-09-15  2019-09-15 19:00:00  2019-09-15 20:00:00       pm   
16087  2019-09-15  2019-09-15 19:00:00  2019-09-15 20:00:00       pm   
16088  2019-09-15  2019-09-15 19:00:00  2019-09-15 20:00:00       pm   
16089  2019-09-15  2019-09-15 19:00:00  2019-09-15 20:00:00       pm   

                          geometry  
0      POINT (-118.46606 34.17306)  
1      POINT (-118.46607 34.17311)  
2      POINT (-118.46607 34.17314)  
3       POINT (-118.46608 34.1732)  
4      POINT (-118.46608 34.17328)  
...                            ...  
16085  POINT (-118.42298 34.29667)  
16086   POINT (-118.42294 34.2967)  
16087  POINT (-118.42289 34.29674)  
16088  POINT (-118.42285 34.29677)  
16089    POINT (-118.4228 34.2968)  

[16090 rows x 29 columns]"
137,"Los Angeles, CA",af,af_trav.shp,"/groups/LORTIZUR/heat-watch-data/clean/Heat Watch Los Angeles, CA/traverses_chw_south_los_angeles/af_trav.shp",16809,16809,temp_f,POINT (-118.33047018852118 34.025182576520024),77.10797429948242,77.53999999999999,3.5426052951250235,69.80000000000001,85.64,15.83999999999999,74.66,79.88,5.219999999999999,[85.1  85.1  85.28 ... 78.44 78.26 78.26],"       hasFix stlltsU    date    time altitud  course  spdKmhr  spdKnts  \
0           1       9  150919  222822   135.8  158.44    41.71    22.51   
1           1       9  150919  222823     136  156.63    46.17    24.91   
2           1       9  150919  222824     136  156.63    46.17    24.91   
3           1       9  150919  222825   136.1  157.73    52.47    28.32   
4           1       9  150919  222826   136.2  157.16    53.30    28.77   
...       ...     ...     ...     ...     ...     ...      ...      ...   
16804       1      12  150919  225956    86.2  273.79    41.55    22.42   
16805       1      12  150919  225957    86.5   265.9    37.02    19.98   
16806       1      11  150919  225958      87  270.36    35.75    19.29   
16807       1      12  150919  225959    87.7  264.06    34.83    18.79   
16808       1      12  150919  230000    87.9  264.06    34.83    18.79   

      RMCMode RMCStts  ...                            file     dat_cln  \
0           A       A  ...  CAPA34_150919_221601.088_0.csv  2019-09-15   
1           A       A  ...  CAPA34_150919_221601.088_0.csv  2019-09-15   
2           A       A  ...  CAPA34_150919_221601.088_0.csv  2019-09-15   
3           A       A  ...  CAPA34_150919_221601.088_0.csv  2019-09-15   
4           A       A  ...  CAPA34_150919_221601.088_0.csv  2019-09-15   
...       ...     ...  ...                             ...         ...   
16804       D       A  ...  CAPA48_150919_215259.000_0.csv  2019-09-15   
16805       D       A  ...  CAPA48_150919_215259.000_0.csv  2019-09-15   
16806       D       A  ...  CAPA48_150919_215259.000_0.csv  2019-09-15   
16807       D       A  ...  CAPA48_150919_215259.000_0.csv  2019-09-15   
16808       D       A  ...  CAPA48_150919_215259.000_0.csv  2019-09-15   

                   dttm_tc              dttm_lc                   tz  \
0      2019-09-15 22:28:22  2019-09-15 15:28:22  America/Los_Angeles   
1      2019-09-15 22:28:23  2019-09-15 15:28:23  America/Los_Angeles   
2      2019-09-15 22:28:24  2019-09-15 15:28:24  America/Los_Angeles   
3      2019-09-15 22:28:25  2019-09-15 15:28:25  America/Los_Angeles   
4      2019-09-15 22:28:26  2019-09-15 15:28:26  America/Los_Angeles   
...                    ...                  ...                  ...   
16804  2019-09-15 22:59:56  2019-09-15 15:59:56  America/Los_Angeles   
16805  2019-09-15 22:59:57  2019-09-15 15:59:57  America/Los_Angeles   
16806  2019-09-15 22:59:58  2019-09-15 15:59:58  America/Los_Angeles   
16807  2019-09-15 22:59:59  2019-09-15 15:59:59  America/Los_Angeles   
16808  2019-09-15 23:00:00  2019-09-15 16:00:00  America/Los_Angeles   

          date_lc              strt_tm              end_tim  trav_id  \
0      2019-09-15  2019-09-15 15:00:00  2019-09-15 16:00:00       af   
1      2019-09-15  2019-09-15 15:00:00  2019-09-15 16:00:00       af   
2      2019-09-15  2019-09-15 15:00:00  2019-09-15 16:00:00       af   
3      2019-09-15  2019-09-15 15:00:00  2019-09-15 16:00:00       af   
4      2019-09-15  2019-09-15 15:00:00  2019-09-15 16:00:00       af   
...           ...                  ...                  ...      ...   
16804  2019-09-15  2019-09-15 15:00:00  2019-09-15 16:00:00       af   
16805  2019-09-15  2019-09-15 15:00:00  2019-09-15 16:00:00       af   
16806  2019-09-15  2019-09-15 15:00:00  2019-09-15 16:00:00       af   
16807  2019-09-15  2019-09-15 15:00:00  2019-09-15 16:00:00       af   
16808  2019-09-15  2019-09-15 15:00:00  2019-09-15 16:00:00       af   

                          geometry  
0      POINT (-118.26858 34.14042)  
1      POINT (-118.26853 34.14032)  
2      POINT (-118.26848 34.14021)  
3      POINT (-118.26842 34.14009)  
4      POINT (-118.26836 34.13996)  
...                            ...  
16804  POINT (-118.29373 34.07277)  
16805  POINT (-118.29385 34.07276)  
16806  POINT (-118.29396 34.07276)  
16807  POINT (-118.29406 34.07275)  
16808  POINT (-118.29417 34.07274)  

[16809 rows x 29 columns]"
138,"Los Angeles, CA",am,am_trav.shp,"/groups/LORTIZUR/heat-watch-data/clean/Heat Watch Los Angeles, CA/traverses_chw_south_los_angeles/am_trav.shp",21370,21370,temp_f,POINT (-118.32478870041699 34.03195488237249),66.48997098736547,66.56,1.9030630603826035,60.980000000000004,75.56,14.579999999999998,65.48,67.28,1.7999999999999972,[66.56 66.56 66.56 ... 68.36 68.54 68.54],"       hasFix stlltsU    date    time altitud  course  spdKmhr  spdKnts  \
0           1       7  150919  131243   146.3  157.08    38.79    20.94   
1           1       7  150919  131244   146.5  156.04    42.90    23.15   
2           1       7  150919  131245   146.5  155.92    44.69    24.12   
3           1       7  150919  131246   146.7  155.92    44.69    24.12   
4           1       7  150919  131248   146.7  156.98    47.89    25.84   
...       ...     ...     ...     ...     ...     ...      ...      ...   
21365       1       8  150919  135042   371.8   47.39    14.91     8.05   
21366       1       8  150919  135043   372.6   46.96    11.53     6.22   
21367       1       8  150919  135044   373.2   46.96    11.53     6.22   
21368       1       7  150919  135050   374.3   71.15     8.49     4.58   
21369       1       7  150919  135051   374.4   68.43     8.48     4.58   

      RMCMode RMCStts  ...                            file     dat_cln  \
0           D       A  ...  CAPA34_150919_125630.204_0.csv  2019-09-15   
1           D       A  ...  CAPA34_150919_125630.204_0.csv  2019-09-15   
2           D       A  ...  CAPA34_150919_125630.204_0.csv  2019-09-15   
3           D       A  ...  CAPA34_150919_125630.204_0.csv  2019-09-15   
4           D       A  ...  CAPA34_150919_125630.204_0.csv  2019-09-15   
...       ...     ...  ...                             ...         ...   
21365       D       A  ...  CAPA63_150919_130126.000_0.csv  2019-09-15   
21366       D       A  ...  CAPA63_150919_130126.000_0.csv  2019-09-15   
21367       D       A  ...  CAPA63_150919_130126.000_0.csv  2019-09-15   
21368       D       A  ...  CAPA63_150919_130126.000_0.csv  2019-09-15   
21369       D       A  ...  CAPA63_150919_130126.000_0.csv  2019-09-15   

                   dttm_tc              dttm_lc                   tz  \
0      2019-09-15 13:12:43  2019-09-15 06:12:43  America/Los_Angeles   
1      2019-09-15 13:12:44  2019-09-15 06:12:44  America/Los_Angeles   
2      2019-09-15 13:12:45  2019-09-15 06:12:45  America/Los_Angeles   
3      2019-09-15 13:12:46  2019-09-15 06:12:46  America/Los_Angeles   
4      2019-09-15 13:12:48  2019-09-15 06:12:48  America/Los_Angeles   
...                    ...                  ...                  ...   
21365  2019-09-15 13:50:42  2019-09-15 06:50:42  America/Los_Angeles   
21366  2019-09-15 13:50:43  2019-09-15 06:50:43  America/Los_Angeles   
21367  2019-09-15 13:50:44  2019-09-15 06:50:44  America/Los_Angeles   
21368  2019-09-15 13:50:50  2019-09-15 06:50:50  America/Los_Angeles   
21369  2019-09-15 13:50:51  2019-09-15 06:50:51  America/Los_Angeles   

          date_lc              strt_tm              end_tim  trav_id  \
0      2019-09-15  2019-09-15 06:00:00  2019-09-15 07:00:00       am   
1      2019-09-15  2019-09-15 06:00:00  2019-09-15 07:00:00       am   
2      2019-09-15  2019-09-15 06:00:00  2019-09-15 07:00:00       am   
3      2019-09-15  2019-09-15 06:00:00  2019-09-15 07:00:00       am   
4      2019-09-15  2019-09-15 06:00:00  2019-09-15 07:00:00       am   
...           ...                  ...                  ...      ...   
21365  2019-09-15  2019-09-15 06:00:00  2019-09-15 07:00:00       am   
21366  2019-09-15  2019-09-15 06:00:00  2019-09-15 07:00:00       am   
21367  2019-09-15  2019-09-15 06:00:00  2019-09-15 07:00:00       am   
21368  2019-09-15  2019-09-15 06:00:00  2019-09-15 07:00:00       am   
21369  2019-09-15  2019-09-15 06:00:00  2019-09-15 07:00:00       am   

                          geometry  
0      POINT (-118.26862 34.14046)  
1      POINT (-118.26857 34.14036)  
2      POINT (-118.26852 34.14026)  
3      POINT (-118.26847 34.14015)  
4      POINT (-118.26836 34.13991)  
...                            ...  
21365  POINT (-118.31946 34.12996)  
21366  POINT (-118.31943 34.12998)  
21367      POINT (-118.3194 34.13)  
21368  POINT (-118.31925 34.13003)  
21369  POINT (-118.31922 34.13004)  

[21370 rows x 29 columns]"
139,"Los Angeles, CA",pm,pm_trav.shp,"/groups/LORTIZUR/heat-watch-data/clean/Heat Watch Los Angeles, CA/traverses_chw_south_los_angeles/pm_trav.shp",19026,19026,temp_f,POINT (-118.32368541811131 34.03349726413569),71.1681362346263,71.06,1.8708794719247566,67.28,80.78,13.5,69.80000000000001,72.5,2.6999999999999886,[74.48 74.48 74.48 ... 70.34 70.34 70.34],"       hasFix stlltsU    date   time altitud  course  spdKmhr  spdKnts  \
0           1       9  160919  21815   133.2  157.24    40.78    22.01   
1           1       9  160919  21816   132.9  157.24    40.78    22.01   
2           1       9  160919  21817   133.5   156.7    44.47    24.00   
3           1       9  160919  21818   133.6  156.63    45.84    24.74   
4           1      10  160919  21819   133.5  156.87    47.14    25.44   
...       ...     ...     ...    ...     ...     ...      ...      ...   
19021       1      11  160919  25956   105.8  269.72    43.87    23.68   
19022       1      11  160919  25957   105.7  269.72    43.87    23.68   
19023       1      11  160919  25958   105.7  270.29    45.21    24.40   
19024       1      11  160919  25959   105.8  269.43    45.34    24.47   
19025       1      11  160919  30000   105.9  270.21    45.40    24.50   

      RMCMode RMCStts  ...                            file     dat_cln  \
0           D       A  ...  CAPA34_160919_014548.205_0.csv  2019-09-16   
1           D       A  ...  CAPA34_160919_014548.205_0.csv  2019-09-16   
2           D       A  ...  CAPA34_160919_014548.205_0.csv  2019-09-16   
3           D       A  ...  CAPA34_160919_014548.205_0.csv  2019-09-16   
4           D       A  ...  CAPA34_160919_014548.205_0.csv  2019-09-16   
...       ...     ...  ...                             ...         ...   
19021       D       A  ...  CAPA63_160919_020354.203_0.csv  2019-09-16   
19022       D       A  ...  CAPA63_160919_020354.203_0.csv  2019-09-16   
19023       D       A  ...  CAPA63_160919_020354.203_0.csv  2019-09-16   
19024       D       A  ...  CAPA63_160919_020354.203_0.csv  2019-09-16   
19025       D       A  ...  CAPA63_160919_020354.203_0.csv  2019-09-16   

                   dttm_tc              dttm_lc                   tz  \
0      2019-09-16 02:18:15  2019-09-15 19:18:15  America/Los_Angeles   
1      2019-09-16 02:18:16  2019-09-15 19:18:16  America/Los_Angeles   
2      2019-09-16 02:18:17  2019-09-15 19:18:17  America/Los_Angeles   
3      2019-09-16 02:18:18  2019-09-15 19:18:18  America/Los_Angeles   
4      2019-09-16 02:18:19  2019-09-15 19:18:19  America/Los_Angeles   
...                    ...                  ...                  ...   
19021  2019-09-16 02:59:56  2019-09-15 19:59:56  America/Los_Angeles   
19022  2019-09-16 02:59:57  2019-09-15 19:59:57  America/Los_Angeles   
19023  2019-09-16 02:59:58  2019-09-15 19:59:58  America/Los_Angeles   
19024  2019-09-16 02:59:59  2019-09-15 19:59:59  America/Los_Angeles   
19025  2019-09-16 03:00:00  2019-09-15 20:00:00  America/Los_Angeles   

          date_lc              strt_tm              end_tim  trav_id  \
0      2019-09-15  2019-09-15 19:00:00  2019-09-15 20:00:00       pm   
1      2019-09-15  2019-09-15 19:00:00  2019-09-15 20:00:00       pm   
2      2019-09-15  2019-09-15 19:00:00  2019-09-15 20:00:00       pm   
3      2019-09-15  2019-09-15 19:00:00  2019-09-15 20:00:00       pm   
4      2019-09-15  2019-09-15 19:00:00  2019-09-15 20:00:00       pm   
...           ...                  ...                  ...      ...   
19021  2019-09-15  2019-09-15 19:00:00  2019-09-15 20:00:00       pm   
19022  2019-09-15  2019-09-15 19:00:00  2019-09-15 20:00:00       pm   
19023  2019-09-15  2019-09-15 19:00:00  2019-09-15 20:00:00       pm   
19024  2019-09-15  2019-09-15 19:00:00  2019-09-15 20:00:00       pm   
19025  2019-09-15  2019-09-15 19:00:00  2019-09-15 20:00:00       pm   

                          geometry  
0       POINT (-118.26856 34.1404)  
1        POINT (-118.2685 34.1403)  
2       POINT (-118.26846 34.1402)  
3      POINT (-118.26841 34.14009)  
4      POINT (-118.26835 34.13998)  
...                            ...  
19021  POINT (-118.31916 34.09091)  
19022   POINT (-118.3193 34.09091)  
19023  POINT (-118.31943 34.09091)  
19024  POINT (-118.31957 34.09091)  
19025  POINT (-118.31971 34.09091)  

[19026 rows x 29 columns]"
140,"Lynchburg, VA",af,af_trav.shp,"/groups/LORTIZUR/heat-watch-data/clean/Heat Watch Lynchburg, VA/traverses_chw_lynchburg_110121/af_trav.shp",2342,2330,temp_f,POINT (-79.14780161529679 37.38396237656952),90.01375965665235,90.1,1.29299397470751,85.51,93.18,7.670000000000002,89.26,90.82,1.559999999999988,[93.13 93.14 92.78 ... 92.69 92.69 92.51],"                 datetime   temp_f     hi_f     rh  \
0     2021-07-15 15:55:56 -9999.00 -9999.00  28.92   
1     2021-07-15 15:55:57 -9999.00 -9999.00  30.92   
2     2021-07-15 15:55:58 -9999.00 -9999.00  30.92   
3     2021-07-15 15:55:59    93.13    92.45  31.92   
4     2021-07-15 15:56:00    93.14    92.45  31.91   
...                   ...      ...      ...    ...   
2337  2021-07-15 15:52:32 -9999.00 -9999.00  34.86   
2338  2021-07-15 15:52:34 -9999.00 -9999.00  34.85   
2339  2021-07-15 15:52:35 -9999.00 -9999.00  34.85   
2340  2021-07-15 15:52:36 -9999.00 -9999.00  34.85   
2341  2021-07-15 15:52:37 -9999.00 -9999.00  35.84   

                              file   kmph trav_id                    geometry  
0     1055_150721_184532.000_0.csv  39.42      af  POINT (-79.18262 37.35595)  
1     1055_150721_184532.000_0.csv  39.72      af  POINT (-79.18274 37.35598)  
2     1055_150721_184532.000_0.csv  39.66      af  POINT (-79.18286 37.35601)  
3     1055_150721_184532.000_0.csv  39.66      af  POINT (-79.18298 37.35604)  
4     1055_150721_184532.000_0.csv  38.37      af   POINT (-79.1831 37.35607)  
...                            ...    ...     ...                         ...  
2337  1057_150721_185057.000_0.csv  12.36      af  POINT (-79.17382 37.36724)  
2338  1057_150721_185057.000_0.csv  16.72      af  POINT (-79.17388 37.36716)  
2339  1057_150721_185057.000_0.csv  20.82      af  POINT (-79.17392 37.36712)  
2340  1057_150721_185057.000_0.csv  25.12      af  POINT (-79.17397 37.36706)  
2341  1057_150721_185057.000_0.csv  25.12      af  POINT (-79.17402 37.36701)  

[2342 rows x 8 columns]"
141,"Lynchburg, VA",am,am_trav.shp,"/groups/LORTIZUR/heat-watch-data/clean/Heat Watch Lynchburg, VA/traverses_chw_lynchburg_110121/am_trav.shp",2840,2840,temp_f,POINT (-79.15245998581044 37.379911472744475),70.95640845070423,71.1,0.657041053393225,68.35,72.12,3.7700000000000102,70.75,71.38,0.6299999999999955,[68.89 68.71 68.71 ... 71.36 71.36 71.36],"                 datetime  temp_f   hi_f    rh                          file  \
0     2021-07-15 06:51:07   68.89  69.76  91.2  1055_150721_094551.000_0.csv   
1     2021-07-15 06:51:08   68.71  69.57  91.2  1055_150721_094551.000_0.csv   
2     2021-07-15 06:51:09   68.71  69.57  91.2  1055_150721_094551.000_0.csv   
3     2021-07-15 06:51:10   68.71  69.56  91.2  1055_150721_094551.000_0.csv   
4     2021-07-15 06:51:11   68.71  69.56  91.2  1055_150721_094551.000_0.csv   
...                   ...     ...    ...   ...                           ...   
2835  2021-07-15 06:51:54   71.36  72.69  95.6  1057_150721_095302.305_0.csv   
2836  2021-07-15 06:51:55   71.36  72.69  95.6  1057_150721_095302.305_0.csv   
2837  2021-07-15 06:51:56   71.36  72.69  95.6  1057_150721_095302.305_0.csv   
2838  2021-07-15 06:51:57   71.36  72.69  95.6  1057_150721_095302.305_0.csv   
2839  2021-07-15 06:51:58   71.36  72.69  95.6  1057_150721_095302.305_0.csv   

       kmph trav_id                    geometry  
0     37.84      am  POINT (-79.19826 37.34596)  
1     37.83      am  POINT (-79.19818 37.34603)  
2     37.83      am    POINT (-79.1981 37.3461)  
3     38.09      am  POINT (-79.19804 37.34618)  
4     38.00      am  POINT (-79.19797 37.34626)  
...     ...     ...                         ...  
2835  28.03      am  POINT (-79.17948 37.36253)  
2836  21.12      am  POINT (-79.17955 37.36255)  
2837  21.12      am   POINT (-79.1796 37.36256)  
2838  17.13      am  POINT (-79.17965 37.36257)  
2839   8.77      am  POINT (-79.17968 37.36258)  

[2840 rows x 8 columns]"
142,"Lynchburg, VA",pm,pm_trav.shp,"/groups/LORTIZUR/heat-watch-data/clean/Heat Watch Lynchburg, VA/traverses_chw_lynchburg_110121/pm_trav.shp",11063,11063,temp_f,POINT (-79.18505057587056 37.396449445906406),86.09290879508269,86.52,1.909518515098067,78.54,90.35,11.809999999999988,84.97,87.46,2.489999999999995,[87.08 87.08 87.08 ... 86.61 86.61 86.61],"                  datetime  temp_f   hi_f     rh  \
0      2021-07-15 19:00:04   87.08  95.17  64.53   
1      2021-07-15 19:00:05   87.08  95.17  64.53   
2      2021-07-15 19:00:06   87.08  94.73  63.52   
3      2021-07-15 19:00:07   87.08  94.73  63.52   
4      2021-07-15 19:00:08   86.90  93.90  62.52   
...                    ...     ...    ...    ...   
11058  2021-07-15 19:56:31   86.79  91.67  57.49   
11059  2021-07-15 19:56:32   86.79  91.67  57.49   
11060  2021-07-15 19:56:33   86.61  91.33  57.48   
11061  2021-07-15 19:56:34   86.61  91.33  57.48   
11062  2021-07-15 19:56:35   86.61  91.33  57.48   

                               file   kmph trav_id                    geometry  
0      1040_150721_224955.303_0.csv   9.36      pm  POINT (-79.26068 37.44828)  
1      1040_150721_224955.303_0.csv   9.65      pm   POINT (-79.26069 37.4483)  
2      1040_150721_224955.303_0.csv   9.70      pm  POINT (-79.26069 37.44832)  
3      1040_150721_224955.303_0.csv   8.27      pm  POINT (-79.26068 37.44834)  
4      1040_150721_224955.303_0.csv   8.27      pm  POINT (-79.26066 37.44836)  
...                             ...    ...     ...                         ...  
11058  1057_150721_225905.000_0.csv  12.33      pm  POINT (-79.17703 37.35198)  
11059  1057_150721_225905.000_0.csv  12.33      pm  POINT (-79.17702 37.35195)  
11060  1057_150721_225905.000_0.csv  11.20      pm  POINT (-79.17701 37.35192)  
11061  1057_150721_225905.000_0.csv   9.90      pm     POINT (-79.177 37.3519)  
11062  1057_150721_225905.000_0.csv   8.07      pm  POINT (-79.17698 37.35188)  

[11063 rows x 8 columns]"
143,"Memphis, TN",af,af_trav.shp,"/groups/LORTIZUR/heat-watch-data/clean/Heat Watch Memphis, TN/traverses_chw_memphis_100625/af_trav.shp",41383,41383,temp_f,POINT (-89.8990686798349 35.09050152151893),96.2415460454776,96.4,1.5784303522545136,87.8,102.2,14.400000000000006,95.5,97.2,1.7000000000000028,[98.8 98.8 98.8 ... 96.2 96.3 96.2],"       temp_f    rh   hi_f                    geometry
0        98.8  39.3  106.1  POINT (-90.01458 35.14938)
1        98.8  39.4  106.2    POINT (-90.014 35.14928)
2        98.8  39.6  106.3  POINT (-90.01387 35.14927)
3        98.7  39.7  106.2  POINT (-90.01372 35.14926)
4        98.7  39.8  106.3  POINT (-90.01359 35.14924)
...       ...   ...    ...                         ...
41378    96.2  45.0  104.5  POINT (-89.93975 35.10281)
41379    96.2  44.9  104.4  POINT (-89.93972 35.10292)
41380    96.2  45.1  104.6  POINT (-89.93971 35.10305)
41381    96.3  45.2  104.8  POINT (-89.93967 35.10314)
41382    96.2  45.2  104.6  POINT (-89.93963 35.10323)

[41383 rows x 4 columns]"
144,"Memphis, TN",am,am_trav.shp,"/groups/LORTIZUR/heat-watch-data/clean/Heat Watch Memphis, TN/traverses_chw_memphis_100625/am_trav.shp",45897,45897,temp_f,POINT (-89.90168078429907 35.09086291896318),80.54308778351526,80.3,1.9263878086483808,75.7,86.7,11.0,79.1,81.7,2.6000000000000085,[80.4 84.2 84.2 ... 81.1 81.1 81.1],"       temp_f    rh  hi_f                    geometry
0        80.4  79.3  85.0  POINT (-89.90899 35.09221)
1        84.2  67.9  90.2  POINT (-89.90811 35.11728)
2        84.2  68.0  90.3  POINT (-89.90811 35.11733)
3        84.2  68.3  90.4   POINT (-89.9081 35.11741)
4        84.2  68.2  90.3  POINT (-89.90812 35.11755)
...       ...   ...   ...                         ...
45892    81.1  74.5  85.6   POINT (-90.03124 35.1108)
45893    81.1  74.5  85.6  POINT (-90.03124 35.11072)
45894    81.1  74.5  85.6  POINT (-90.03125 35.11064)
45895    81.1  74.5  85.6  POINT (-90.03126 35.11056)
45896    81.1  74.9  85.7  POINT (-90.03127 35.11048)

[45897 rows x 4 columns]"
145,"Memphis, TN",pm,pm_trav.shp,"/groups/LORTIZUR/heat-watch-data/clean/Heat Watch Memphis, TN/traverses_chw_memphis_100625/pm_trav.shp",43866,43866,temp_f,POINT (-89.89756770241175 35.090686185116134),92.34409337527924,92.6,1.7825368236809507,84.4,97.6,13.199999999999989,91.5,93.6,2.0999999999999943,[92.8 92.7 92.7 ... 91.8 91.8 91.9],"       temp_f    rh   hi_f                    geometry
0        92.8  49.5   99.9  POINT (-90.02392 35.06069)
1        92.7  49.5   99.7   POINT (-90.02394 35.0606)
2        92.7  49.5   99.7  POINT (-90.02394 35.06048)
3        92.6  49.6   99.6  POINT (-90.02395 35.06037)
4        92.5  49.6   99.4  POINT (-90.02398 35.06026)
...       ...   ...    ...                         ...
43861    91.7  58.2  102.7   POINT (-90.03128 35.1103)
43862    91.8  58.2  103.0  POINT (-90.03128 35.11025)
43863    91.8  58.2  103.0  POINT (-90.03126 35.11014)
43864    91.8  58.4  103.1  POINT (-90.03115 35.11013)
43865    91.9  57.8  103.0   POINT (-90.03104 35.1102)

[43866 rows x 4 columns]"
146,"MetroWest and Framingham, MA",af,af_trav.shp,"/groups/LORTIZUR/heat-watch-data/clean/Heat Watch MetroWest and Framingham, MA/traverses_chw_metrowest_082123/af_trav.shp",16395,16395,temp_f,POINT (-71.42010399598472 42.26090197300489),85.6526745959134,85.5,1.4832468983037839,80.9,91.1,10.199999999999989,84.6,86.5,1.9000000000000057,[88.6 88.4 88.5 ... 85.  84.9 84.6],"          ID             datetime  temp_f  hi_f    rh  \
0         20  2023-07-13 15:00:09    88.6  89.0  41.0   
1         31  2023-07-13 15:00:21    88.4  88.6  40.6   
2         32  2023-07-13 15:00:22    88.5  88.9  41.3   
3         33  2023-07-13 15:00:23    88.3  88.5  41.0   
4         34  2023-07-13 15:00:24    88.0  88.2  41.2   
...      ...                  ...     ...   ...   ...   
16390  38728  2023-07-13 15:59:23    85.1  85.7  45.9   
16391  38756  2023-07-13 15:59:26    85.1  85.6  45.8   
16392  38836  2023-07-13 15:59:34    85.0  85.4  45.7   
16393  38856  2023-07-13 15:59:36    84.9  85.4  46.0   
16394  38977  2023-07-13 15:59:48    84.6  85.5  48.3   

                           file trav_id  speedmph                    geometry  
0      CAPA2066_130723_185949_0      af      19.2   POINT (-71.4213 42.27564)  
1      CAPA2066_130723_185949_0      af      20.2  POINT (-71.42056 42.27579)  
2      CAPA2066_130723_185949_0      af      21.7   POINT (-71.42044 42.2758)  
3      CAPA2066_130723_185949_0      af      22.6  POINT (-71.42021 42.27566)  
4      CAPA2066_130723_185949_0      af      22.8  POINT (-71.42005 42.27563)  
...                         ...     ...       ...                         ...  
16390  CAPA2161_130723_185450_0      af      16.1  POINT (-71.43124 42.28059)  
16391  CAPA2161_130723_185450_0      af      10.0  POINT (-71.43111 42.28047)  
16392  CAPA2161_130723_185450_0      af       6.4   POINT (-71.43093 42.2803)  
16393  CAPA2161_130723_185450_0      af       8.5  POINT (-71.43088 42.28025)  
16394  CAPA2161_130723_185450_0      af       9.7   POINT (-71.43052 42.2799)  

[16395 rows x 9 columns]"
147,"MetroWest and Framingham, MA",am,am_trav.shp,"/groups/LORTIZUR/heat-watch-data/clean/Heat Watch MetroWest and Framingham, MA/traverses_chw_metrowest_082123/am_trav.shp",17544,17544,temp_f,POINT (-71.42016182402836 42.25857356714886),68.59563953488373,68.4,1.4473680931942234,65.6,73.2,7.6000000000000085,67.5,69.5,2.0,[72.3 72.2 72.4 ... 68.7 68.7 69.2],"           ID             datetime  temp_f  hi_f    rh  \
0         270  2023-07-13 06:01:16    72.3  73.2  84.3   
1         271  2023-07-13 06:01:17    72.2  73.1  84.3   
2         272  2023-07-13 06:01:18    72.4  73.3  84.2   
3         273  2023-07-13 06:01:19    72.5  73.4  84.0   
4         274  2023-07-13 06:01:20    72.5  73.4  84.0   
...       ...                  ...     ...   ...   ...   
17539   35709  2023-07-13 06:55:15    68.7  69.2  85.0   
17540  357113  2023-07-13 06:55:16    68.7  69.2  85.0   
17541  357211  2023-07-13 06:55:17    68.7  69.3  85.0   
17542  357710  2023-07-13 06:55:22    68.7  69.3  84.8   
17543   36049  2023-07-13 06:55:49    69.2  69.8  83.9   

                           file trav_id  speedmph                    geometry  
0      CAPA2066_130723_095645_0      am      22.4  POINT (-71.42472 42.27434)  
1      CAPA2066_130723_095645_0      am      23.4   POINT (-71.4246 42.27438)  
2      CAPA2066_130723_095645_0      am      23.8  POINT (-71.42448 42.27442)  
3      CAPA2066_130723_095645_0      am      23.8  POINT (-71.42436 42.27446)  
4      CAPA2066_130723_095645_0      am      22.9   POINT (-71.42425 42.2745)  
...                         ...     ...       ...                         ...  
17539  CAPA2161_130723_095545_0      am      19.1  POINT (-71.44121 42.29755)  
17540  CAPA2161_130723_095545_0      am      18.6  POINT (-71.44114 42.29765)  
17541  CAPA2161_130723_095545_0      am      18.7  POINT (-71.44112 42.29769)  
17542  CAPA2161_130723_095545_0      am      17.5  POINT (-71.44088 42.29806)  
17543  CAPA2161_130723_095545_0      am       5.5  POINT (-71.44106 42.29927)  

[17544 rows x 9 columns]"
148,"MetroWest and Framingham, MA",pm,pm_trav.shp,"/groups/LORTIZUR/heat-watch-data/clean/Heat Watch MetroWest and Framingham, MA/traverses_chw_metrowest_082123/pm_trav.shp",15921,15921,temp_f,POINT (-71.41775341921206 42.258910478114174),79.9544689403932,80.1,1.2053068316565605,76.5,83.6,7.099999999999994,79.1,80.8,1.7000000000000028,[82.3 82.5 82.5 ... 79.1 79.1 79.2],"           ID             datetime  temp_f  hi_f    rh  \
0        7982  2023-07-13 19:00:46    82.3  83.1  50.0   
1        7992  2023-07-13 19:00:47    82.5  83.3  49.8   
2        8002  2023-07-13 19:00:48    82.5  83.3  49.6   
3        8012  2023-07-13 19:00:49    82.5  83.2  49.5   
4        8022  2023-07-13 19:00:50    82.4  83.2  49.6   
...       ...                  ...     ...   ...   ...   
15916  253216  2023-07-13 19:41:23    78.1  78.4  60.9   
15917  265121  2023-07-13 19:43:22    79.1  80.7  58.4   
15918  265219  2023-07-13 19:43:23    79.1  80.7  58.5   
15919  281122  2023-07-13 19:46:02    79.1  80.7  59.0   
15920    5520  2023-07-13 19:00:06    79.2  80.6  57.3   

                           file trav_id  speedmph                    geometry  
0      CAPA2066_130723_224727_0      pm      20.5   POINT (-71.42476 42.2743)  
1      CAPA2066_130723_224727_0      pm      21.3  POINT (-71.42466 42.27434)  
2      CAPA2066_130723_224727_0      pm      22.8  POINT (-71.42456 42.27438)  
3      CAPA2066_130723_224727_0      pm      24.1  POINT (-71.42444 42.27444)  
4      CAPA2066_130723_224727_0      pm      24.9   POINT (-71.4243 42.27448)  
...                         ...     ...       ...                         ...  
15916  CAPA2161_130723_225910_0      pm      14.0   POINT (-71.4437 42.16651)  
15917  CAPA2161_130723_225910_0      pm      19.7  POINT (-71.44456 42.18249)  
15918  CAPA2161_130723_225910_0      pm      15.5  POINT (-71.44457 42.18255)  
15919  CAPA2161_130723_225910_0      pm      19.7  POINT (-71.46926 42.17398)  
15920  CAPA2161_130723_225910_0      pm       8.9  POINT (-71.46945 42.17396)  

[15921 rows x 9 columns]"
149,"Miami, FL",af,af_trav.shp,"/groups/LORTIZUR/heat-watch-data/clean/Heat Watch Miami, FL/traverses_chw_miami_092120/af_trav.shp",20682,20682,temp_f,POINT (-80.22558079385686 25.782952984290905),89.42725848563968,89.42,1.2775529618222847,83.12,93.74,10.61999999999999,88.7,90.32,1.6199999999999903,[83.12 83.12 83.3  ... 91.04 90.68 90.68],"       hasFix stlltsU    date    time altitud course  spdKmhr  spdKnts  \
0           1       7  270620  190019    21.8   8.29     9.20     4.97   
1           1       8  270620  190020      23  34.98     9.77     5.27   
2           1       8  270620  190021      24   43.4    14.80     7.99   
3           1       8  270620  190022    24.6  52.89    19.40    10.47   
4           1       8  270620  190023    25.5  52.89    19.40    10.47   
...       ...     ...     ...     ...     ...    ...      ...      ...   
20677       1       9  270620  195953    13.7   88.8    18.78    10.14   
20678       1       9  270620  195954    13.8  97.48    13.83     7.47   
20679       1       9  270620  195955    13.5  103.8    11.56     6.24   
20680       1       9  270620  195956    13.1  97.25     8.77     4.73   
20681       1       9  270620  195957    12.4  97.25     8.77     4.73   

      RMCMode RMCStts  ...                              file     dat_cln  \
0           A       A  ...  CAPA1000_270620_185257.000_0.csv  2020-06-27   
1           A       A  ...  CAPA1000_270620_185257.000_0.csv  2020-06-27   
2           A       A  ...  CAPA1000_270620_185257.000_0.csv  2020-06-27   
3           A       A  ...  CAPA1000_270620_185257.000_0.csv  2020-06-27   
4           A       A  ...  CAPA1000_270620_185257.000_0.csv  2020-06-27   
...       ...     ...  ...                               ...         ...   
20677       D       A  ...  CAPA1008_270620_185100.305_0.csv  2020-06-27   
20678       D       A  ...  CAPA1008_270620_185100.305_0.csv  2020-06-27   
20679       D       A  ...  CAPA1008_270620_185100.305_0.csv  2020-06-27   
20680       D       A  ...  CAPA1008_270620_185100.305_0.csv  2020-06-27   
20681       D       A  ...  CAPA1008_270620_185100.305_0.csv  2020-06-27   

                   dttm_tc              dttm_lc                tz     date_lc  \
0      2020-06-27 19:00:19  2020-06-27 15:00:19  America/New_York  2020-06-27   
1      2020-06-27 19:00:20  2020-06-27 15:00:20  America/New_York  2020-06-27   
2      2020-06-27 19:00:21  2020-06-27 15:00:21  America/New_York  2020-06-27   
3      2020-06-27 19:00:22  2020-06-27 15:00:22  America/New_York  2020-06-27   
4      2020-06-27 19:00:23  2020-06-27 15:00:23  America/New_York  2020-06-27   
...                    ...                  ...               ...         ...   
20677  2020-06-27 19:59:53  2020-06-27 15:59:53  America/New_York  2020-06-27   
20678  2020-06-27 19:59:54  2020-06-27 15:59:54  America/New_York  2020-06-27   
20679  2020-06-27 19:59:55  2020-06-27 15:59:55  America/New_York  2020-06-27   
20680  2020-06-27 19:59:56  2020-06-27 15:59:56  America/New_York  2020-06-27   
20681  2020-06-27 19:59:57  2020-06-27 15:59:57  America/New_York  2020-06-27   

                   strt_tm              end_tim  trav_id  \
0      2020-06-27 15:00:00  2020-06-27 16:00:00       af   
1      2020-06-27 15:00:00  2020-06-27 16:00:00       af   
2      2020-06-27 15:00:00  2020-06-27 16:00:00       af   
3      2020-06-27 15:00:00  2020-06-27 16:00:00       af   
4      2020-06-27 15:00:00  2020-06-27 16:00:00       af   
...                    ...                  ...      ...   
20677  2020-06-27 15:00:00  2020-06-27 16:00:00       af   
20678  2020-06-27 15:00:00  2020-06-27 16:00:00       af   
20679  2020-06-27 15:00:00  2020-06-27 16:00:00       af   
20680  2020-06-27 15:00:00  2020-06-27 16:00:00       af   
20681  2020-06-27 15:00:00  2020-06-27 16:00:00       af   

                         geometry  
0      POINT (-80.20327 25.79337)  
1      POINT (-80.20325 25.79341)  
2      POINT (-80.20322 25.79343)  
3      POINT (-80.20319 25.79346)  
4      POINT (-80.20314 25.79346)  
...                           ...  
20677   POINT (-80.2394 25.79606)  
20678  POINT (-80.23935 25.79606)  
20679  POINT (-80.23932 25.79605)  
20680  POINT (-80.23929 25.79605)  
20681  POINT (-80.23928 25.79605)  

[20682 rows x 29 columns]"
150,"Miami, FL",am,am_trav.shp,"/groups/LORTIZUR/heat-watch-data/clean/Heat Watch Miami, FL/traverses_chw_miami_092120/am_trav.shp",19257,19257,temp_f,POINT (-80.2233965618918 25.78422849388673),82.450026483876,82.94,1.6949785673867883,75.2,84.2,9.0,82.58000000000001,83.30000000000001,0.7199999999999989,[80.6  80.6  80.6  ... 83.12 83.12 83.12],"       hasFix stlltsU    date    time altitud  course  spdKmhr  spdKnts  \
0           1      10  270620  100010      10  352.43     8.80     4.75   
1           1      10  270620  100011      10  354.88    11.14     6.01   
2           1      10  270620  100012      10  355.84    13.17     7.11   
3           1      10  270620  100013      10  355.84    13.17     7.11   
4           1      10  270620  100014      10  356.65    16.82     9.08   
...       ...     ...     ...     ...     ...     ...      ...      ...   
19252       1       9  270620  105953   -11.8  273.59    27.61    14.90   
19253       1       9  270620  105954   -11.6  274.49    22.56    12.18   
19254       1       9  270620  105955   -11.3  274.49    22.56    12.18   
19255       1       9  270620  105956   -10.6  268.54    14.74     7.95   
19256       1       9  270620  105957    -9.8  264.59     9.65     5.21   

      RMCMode RMCStts  ...                              file     dat_cln  \
0           A       A  ...  CAPA1000_270620_095234.000_0.csv  2020-06-27   
1           A       A  ...  CAPA1000_270620_095234.000_0.csv  2020-06-27   
2           A       A  ...  CAPA1000_270620_095234.000_0.csv  2020-06-27   
3           A       A  ...  CAPA1000_270620_095234.000_0.csv  2020-06-27   
4           A       A  ...  CAPA1000_270620_095234.000_0.csv  2020-06-27   
...       ...     ...  ...                               ...         ...   
19252       D       A  ...  CAPA1008_270620_095130.086_0.csv  2020-06-27   
19253       D       A  ...  CAPA1008_270620_095130.086_0.csv  2020-06-27   
19254       D       A  ...  CAPA1008_270620_095130.086_0.csv  2020-06-27   
19255       D       A  ...  CAPA1008_270620_095130.086_0.csv  2020-06-27   
19256       D       A  ...  CAPA1008_270620_095130.086_0.csv  2020-06-27   

                   dttm_tc              dttm_lc                tz     date_lc  \
0      2020-06-27 10:00:10  2020-06-27 06:00:10  America/New_York  2020-06-27   
1      2020-06-27 10:00:11  2020-06-27 06:00:11  America/New_York  2020-06-27   
2      2020-06-27 10:00:12  2020-06-27 06:00:12  America/New_York  2020-06-27   
3      2020-06-27 10:00:13  2020-06-27 06:00:13  America/New_York  2020-06-27   
4      2020-06-27 10:00:14  2020-06-27 06:00:14  America/New_York  2020-06-27   
...                    ...                  ...               ...         ...   
19252  2020-06-27 10:59:53  2020-06-27 06:59:53  America/New_York  2020-06-27   
19253  2020-06-27 10:59:54  2020-06-27 06:59:54  America/New_York  2020-06-27   
19254  2020-06-27 10:59:55  2020-06-27 06:59:55  America/New_York  2020-06-27   
19255  2020-06-27 10:59:56  2020-06-27 06:59:56  America/New_York  2020-06-27   
19256  2020-06-27 10:59:57  2020-06-27 06:59:57  America/New_York  2020-06-27   

                   strt_tm              end_tim  trav_id  \
0      2020-06-27 06:00:00  2020-06-27 07:00:00       am   
1      2020-06-27 06:00:00  2020-06-27 07:00:00       am   
2      2020-06-27 06:00:00  2020-06-27 07:00:00       am   
3      2020-06-27 06:00:00  2020-06-27 07:00:00       am   
4      2020-06-27 06:00:00  2020-06-27 07:00:00       am   
...                    ...                  ...      ...   
19252  2020-06-27 06:00:00  2020-06-27 07:00:00       am   
19253  2020-06-27 06:00:00  2020-06-27 07:00:00       am   
19254  2020-06-27 06:00:00  2020-06-27 07:00:00       am   
19255  2020-06-27 06:00:00  2020-06-27 07:00:00       am   
19256  2020-06-27 06:00:00  2020-06-27 07:00:00       am   

                         geometry  
0      POINT (-80.20298 25.78095)  
1      POINT (-80.20298 25.78098)  
2        POINT (-80.20298 25.781)  
3      POINT (-80.20298 25.78104)  
4      POINT (-80.20299 25.78108)  
...                           ...  
19252  POINT (-80.22735 25.80113)  
19253  POINT (-80.22742 25.80114)  
19254  POINT (-80.22747 25.80114)  
19255  POINT (-80.22752 25.80114)  
19256  POINT (-80.22755 25.80114)  

[19257 rows x 29 columns]"
151,"Miami, FL",pm,pm_trav.shp,"/groups/LORTIZUR/heat-watch-data/clean/Heat Watch Miami, FL/traverses_chw_miami_092120/pm_trav.shp",20295,20295,temp_f,POINT (-80.22511429227829 25.783482696710006),85.76289135254989,85.82,1.0195249422793222,82.03999999999999,88.7,6.660000000000011,85.28,86.36,1.0799999999999983,[86.   86.   86.18 ... 85.82 85.82 85.82],"       hasFix stlltsU    date    time altitud  course  spdKmhr  spdKnts  \
0           1       7  270620  230009      -4  350.67    16.76     9.05   
1           1       7  270620  230010      -4  350.14    19.47    10.51   
2           1       7  270620  230011      -4   355.7    22.21    11.98   
3           1       7  270620  230012    -3.9  356.51    21.56    11.64   
4           1       7  270620  230013      -4  356.51    21.56    11.64   
...       ...     ...     ...     ...     ...     ...      ...      ...   
20290       1       8  270620  235953     2.5   88.29    17.67     9.54   
20291       1       8  270620  235954     2.4   93.39    16.85     9.09   
20292       1       8  270620  235955     2.2   95.08    14.96     8.08   
20293       1       8  270620  235957     2.4  101.34    10.85     5.85   
20294       1       8  270620  235958     2.3    98.8     8.79     4.75   

      RMCMode RMCStts  ...                              file     dat_cln  \
0           D       A  ...  CAPA1000_270620_224625.303_0.csv  2020-06-27   
1           D       A  ...  CAPA1000_270620_224625.303_0.csv  2020-06-27   
2           D       A  ...  CAPA1000_270620_224625.303_0.csv  2020-06-27   
3           D       A  ...  CAPA1000_270620_224625.303_0.csv  2020-06-27   
4           D       A  ...  CAPA1000_270620_224625.303_0.csv  2020-06-27   
...       ...     ...  ...                               ...         ...   
20290       D       A  ...  CAPA1008_270620_225132.093_0.csv  2020-06-27   
20291       D       A  ...  CAPA1008_270620_225132.093_0.csv  2020-06-27   
20292       D       A  ...  CAPA1008_270620_225132.093_0.csv  2020-06-27   
20293       D       A  ...  CAPA1008_270620_225132.093_0.csv  2020-06-27   
20294       D       A  ...  CAPA1008_270620_225132.093_0.csv  2020-06-27   

                   dttm_tc              dttm_lc                tz     date_lc  \
0      2020-06-27 23:00:09  2020-06-27 19:00:09  America/New_York  2020-06-27   
1      2020-06-27 23:00:10  2020-06-27 19:00:10  America/New_York  2020-06-27   
2      2020-06-27 23:00:11  2020-06-27 19:00:11  America/New_York  2020-06-27   
3      2020-06-27 23:00:12  2020-06-27 19:00:12  America/New_York  2020-06-27   
4      2020-06-27 23:00:13  2020-06-27 19:00:13  America/New_York  2020-06-27   
...                    ...                  ...               ...         ...   
20290  2020-06-27 23:59:53  2020-06-27 19:59:53  America/New_York  2020-06-27   
20291  2020-06-27 23:59:54  2020-06-27 19:59:54  America/New_York  2020-06-27   
20292  2020-06-27 23:59:55  2020-06-27 19:59:55  America/New_York  2020-06-27   
20293  2020-06-27 23:59:57  2020-06-27 19:59:57  America/New_York  2020-06-27   
20294  2020-06-27 23:59:58  2020-06-27 19:59:58  America/New_York  2020-06-27   

                   strt_tm              end_tim  trav_id  \
0      2020-06-27 19:00:00  2020-06-27 20:00:00       pm   
1      2020-06-27 19:00:00  2020-06-27 20:00:00       pm   
2      2020-06-27 19:00:00  2020-06-27 20:00:00       pm   
3      2020-06-27 19:00:00  2020-06-27 20:00:00       pm   
4      2020-06-27 19:00:00  2020-06-27 20:00:00       pm   
...                    ...                  ...      ...   
20290  2020-06-27 19:00:00  2020-06-27 20:00:00       pm   
20291  2020-06-27 19:00:00  2020-06-27 20:00:00       pm   
20292  2020-06-27 19:00:00  2020-06-27 20:00:00       pm   
20293  2020-06-27 19:00:00  2020-06-27 20:00:00       pm   
20294  2020-06-27 19:00:00  2020-06-27 20:00:00       pm   

                         geometry  
0      POINT (-80.20316 25.79301)  
1      POINT (-80.20317 25.79306)  
2      POINT (-80.20318 25.79312)  
3      POINT (-80.20318 25.79318)  
4      POINT (-80.20318 25.79323)  
...                           ...  
20290  POINT (-80.22724 25.79553)  
20291  POINT (-80.22719 25.79553)  
20292  POINT (-80.22714 25.79553)  
20293  POINT (-80.22708 25.79552)  
20294  POINT (-80.22706 25.79552)  

[20295 rows x 29 columns]"
152,"Milwaukee, WI",af,af_trav.shp,"/groups/LORTIZUR/heat-watch-data/clean/Heat Watch Milwaukee, WI/traverses_chw_milwaukee_080622/af_trav.shp",20866,20866,temp_f,POINT (-87.9630335505005 43.0672034272753),91.38833509057797,91.4,1.0105316399756448,88.0,96.7,8.700000000000003,90.8,92.0,1.2000000000000028,[90.2 90.2 89.7 ... 91.7 92.4 92.4],"       temp_f      rh    hi_f                    geometry
0        90.2 -9999.0 -9999.0  POINT (-88.02862 43.03199)
1        90.2 -9999.0 -9999.0  POINT (-88.02862 43.03202)
2        89.7 -9999.0 -9999.0  POINT (-88.02863 43.03205)
3        89.7 -9999.0 -9999.0  POINT (-88.02863 43.03209)
4        90.2 -9999.0 -9999.0  POINT (-88.02863 43.03213)
...       ...     ...     ...                         ...
20861    91.7 -9999.0 -9999.0  POINT (-87.91937 42.98803)
20862    91.7 -9999.0 -9999.0   POINT (-87.9194 42.98805)
20863    91.7 -9999.0 -9999.0   POINT (-87.9194 42.98805)
20864    92.4 -9999.0 -9999.0  POINT (-87.91946 42.98808)
20865    92.4 -9999.0 -9999.0  POINT (-87.91948 42.98809)

[20866 rows x 4 columns]"
153,"Milwaukee, WI",am,am_trav.shp,"/groups/LORTIZUR/heat-watch-data/clean/Heat Watch Milwaukee, WI/traverses_chw_milwaukee_080622/am_trav.shp",17715,17715,temp_f,POINT (-87.96752274655462 43.08379434103696),72.39226079593566,72.4,1.071863459608633,69.1,75.1,6.0,71.7,73.3,1.5999999999999943,[74.5 73.5 73.5 ... 73.6 73.2 73.2],"       temp_f      rh    hi_f                    geometry
0        74.5 -9999.0 -9999.0  POINT (-87.89926 42.98347)
1        73.5 -9999.0 -9999.0  POINT (-87.89442 42.98262)
2        73.5 -9999.0 -9999.0   POINT (-87.89442 42.9825)
3        73.3 -9999.0 -9999.0  POINT (-87.89446 42.98137)
4        73.3 -9999.0 -9999.0  POINT (-87.90858 42.97383)
...       ...     ...     ...                         ...
17710    73.6    62.3    75.2  POINT (-87.88159 42.98898)
17711    73.6    62.3    75.2  POINT (-87.88158 42.98901)
17712    73.6    62.3    75.2  POINT (-87.88157 42.98902)
17713    73.2    63.3    74.8  POINT (-87.88156 42.98905)
17714    73.2    63.3    74.8  POINT (-87.88155 42.98909)

[17715 rows x 4 columns]"
154,"Milwaukee, WI",pm,pm_trav.shp,"/groups/LORTIZUR/heat-watch-data/clean/Heat Watch Milwaukee, WI/traverses_chw_milwaukee_080622/pm_trav.shp",20435,20435,temp_f,POINT (-87.96263818663296 43.064546007454574),84.95001712747737,85.2,1.344763152777848,77.6,88.0,10.400000000000006,84.3,85.9,1.6000000000000085,[82.1 82.1 81.9 ... 84.5 84.5 84.5],"       temp_f      rh    hi_f                    geometry
0        82.1 -9999.0 -9999.0  POINT (-88.02856 43.03248)
1        82.1 -9999.0 -9999.0  POINT (-88.02856 43.03254)
2        81.9 -9999.0 -9999.0  POINT (-88.02856 43.03259)
3        81.9 -9999.0 -9999.0  POINT (-88.02856 43.03264)
4        81.9 -9999.0 -9999.0  POINT (-88.02856 43.03269)
...       ...     ...     ...                         ...
20430    84.5 -9999.0 -9999.0  POINT (-87.91888 42.98819)
20431    84.5 -9999.0 -9999.0  POINT (-87.91877 42.98819)
20432    84.5 -9999.0 -9999.0  POINT (-87.91864 42.98819)
20433    84.5 -9999.0 -9999.0  POINT (-87.91851 42.98818)
20434    84.5 -9999.0 -9999.0  POINT (-87.91836 42.98818)

[20435 rows x 4 columns]"
155,"Moab, UT",af,af_trav.shp,"/groups/LORTIZUR/heat-watch-data/clean/Heat Watch Moab, UT/traverses_chw_moab_100225/af_trav.shp",9119,9119,temp_f,POINT (-109.53313018681585 38.56859188120756),95.96579668823335,96.4,1.9490877569893208,90.0,100.7,10.700000000000003,95.2,97.2,2.0,[96.8 96.8 96.9 ... 95.8 95.7 95.7],"      temp_f    rh  hi_f                     geometry
0       96.8  12.7  92.0   POINT (-109.5747 38.60264)
1       96.8  12.6  92.0   POINT (-109.57447 38.6028)
2       96.9  12.5  92.0  POINT (-109.57417 38.60291)
3       96.9  12.2  91.9  POINT (-109.57403 38.60294)
4       96.9  12.2  91.9  POINT (-109.57387 38.60298)
...      ...   ...   ...                          ...
9114    95.8  13.1  91.2  POINT (-109.66826 38.65144)
9115    95.8  13.0  91.2  POINT (-109.66819 38.65138)
9116    95.8  13.0  91.2  POINT (-109.66813 38.65131)
9117    95.7  13.1  91.1  POINT (-109.66806 38.65125)
9118    95.7  13.0  91.1   POINT (-109.66801 38.6512)

[9119 rows x 4 columns]"
156,"Moab, UT",am,am_trav.shp,"/groups/LORTIZUR/heat-watch-data/clean/Heat Watch Moab, UT/traverses_chw_moab_100225/am_trav.shp",9158,9158,temp_f,POINT (-109.53305363639377 38.56671884954938),69.84771784232365,69.7,2.573458174024867,60.6,76.8,16.199999999999996,68.3,71.2,2.9000000000000057,[69.2 69.2 69.3 ... 71.6 71.6 71.6],"      temp_f    rh  hi_f                     geometry
0       69.2  47.9  68.1  POINT (-109.56716 38.59435)
1       69.2  47.5  68.1  POINT (-109.56728 38.59443)
2       69.3  47.1  68.1  POINT (-109.56739 38.59451)
3       69.3  46.7  68.1  POINT (-109.56749 38.59459)
4       69.5  46.1  68.3   POINT (-109.5676 38.59467)
...      ...   ...   ...                          ...
9153    71.6  44.6  70.6    POINT (-109.596 38.52832)
9154    71.6  44.5  70.6    POINT (-109.5961 38.5283)
9155    71.6  44.7  70.6  POINT (-109.59623 38.52831)
9156    71.6  44.5  70.6   POINT (-109.5963 38.52837)
9157    71.6  44.4  70.5  POINT (-109.59637 38.52845)

[9158 rows x 4 columns]"
157,"Moab, UT",pm,pm_trav.shp,"/groups/LORTIZUR/heat-watch-data/clean/Heat Watch Moab, UT/traverses_chw_moab_100225/pm_trav.shp",8951,8951,temp_f,POINT (-109.53360351404741 38.567643252979515),93.01112724835214,93.4,1.6821508609347722,86.3,96.3,10.0,91.9,94.4,2.5,[94.5 94.5 94.4 ... 91.6 91.6 91.7],"      temp_f    rh  hi_f                     geometry
0       94.5  15.2  90.2  POINT (-109.55747 38.60893)
1       94.5  15.2  90.2  POINT (-109.55746 38.60908)
2       94.4  15.3  90.1  POINT (-109.55746 38.60923)
3       94.5  15.2  90.2  POINT (-109.55747 38.60938)
4       94.1  17.1  90.0  POINT (-109.54895 38.56641)
...      ...   ...   ...                          ...
8946    91.5  16.4  87.4  POINT (-109.66876 38.65168)
8947    91.6  16.5  87.5  POINT (-109.66866 38.65168)
8948    91.6  16.5  87.5  POINT (-109.66852 38.65171)
8949    91.6  16.4  87.5  POINT (-109.66854 38.65178)
8950    91.7  16.4  87.6  POINT (-109.66863 38.65174)

[8951 rows x 4 columns]"
158,"Montgomery County, MD",af,af_trav.shp,"/groups/LORTIZUR/heat-watch-data/clean/Heat Watch Montgomery County, MD/traverses_chw_montgomery_county_101222/af_trav.shp",38336,38336,temp_f,POINT (-77.13463702433747 39.08567246591558),90.68297944490818,90.8,1.5583168887176415,82.8,95.6,12.799999999999997,89.8,91.7,1.9000000000000057,[90.7 90.7 90.2 ... 89.4 90.5 90.9],"       temp_f      rh    hi_f                    geometry
0        90.7 -9999.0 -9999.0  POINT (-77.15821 39.10238)
1        90.7 -9999.0 -9999.0  POINT (-77.15826 39.10237)
2        90.2 -9999.0 -9999.0  POINT (-77.16124 39.10164)
3        90.2 -9999.0 -9999.0   POINT (-77.16122 39.1016)
4        89.3 -9999.0 -9999.0  POINT (-77.16787 39.09557)
...       ...     ...     ...                         ...
38331    90.2 -9999.0 -9999.0  POINT (-77.03552 39.06458)
38332    90.2 -9999.0 -9999.0  POINT (-77.03557 39.06459)
38333    89.4 -9999.0 -9999.0    POINT (-77.0356 39.0646)
38334    90.5 -9999.0 -9999.0  POINT (-77.03568 39.06464)
38335    90.9 -9999.0 -9999.0  POINT (-77.03566 39.06467)

[38336 rows x 4 columns]"
159,"Montgomery County, MD",am,am_trav.shp,"/groups/LORTIZUR/heat-watch-data/clean/Heat Watch Montgomery County, MD/traverses_chw_montgomery_county_101222/am_trav.shp",39968,39968,temp_f,POINT (-77.12764589846869 39.07929596268663),74.52918084467574,74.7,1.4832809941232947,70.4,78.3,7.8999999999999915,73.4,75.7,2.299999999999997,[75.8 75.8 76.  ... 74.8 74.8 74.8],"       temp_f      rh    hi_f                    geometry
0        75.8 -9999.0 -9999.0  POINT (-77.18951 39.11855)
1        75.8 -9999.0 -9999.0  POINT (-77.18949 39.11864)
2        76.0 -9999.0 -9999.0  POINT (-77.18939 39.11903)
3        75.6 -9999.0 -9999.0  POINT (-77.18918 39.12005)
4        75.6 -9999.0 -9999.0  POINT (-77.18916 39.12014)
...       ...     ...     ...                         ...
39963    74.6    79.6    75.6  POINT (-77.20205 39.09631)
39964    74.8    79.6    75.8   POINT (-77.2019 39.09627)
39965    74.8    79.6    75.8  POINT (-77.20174 39.09622)
39966    74.8    79.6    75.8   POINT (-77.2016 39.09616)
39967    74.8    79.6    75.8   POINT (-77.20145 39.0961)

[39968 rows x 4 columns]"
160,"Montgomery County, MD",pm,pm_trav.shp,"/groups/LORTIZUR/heat-watch-data/clean/Heat Watch Montgomery County, MD/traverses_chw_montgomery_county_101222/pm_trav.shp",32056,32056,temp_f,POINT (-77.13101996750405 39.08544787346122),86.61636823059645,86.6,1.460749693736191,81.1,91.6,10.5,85.7,87.6,1.8999999999999915,[85.1 85.1 85.1 ... 83.3 83.5 83.5],"       temp_f      rh    hi_f                    geometry
0        85.1 -9999.0 -9999.0  POINT (-77.19322 39.02583)
1        85.1 -9999.0 -9999.0  POINT (-77.19306 39.02577)
2        85.1 -9999.0 -9999.0   POINT (-77.19291 39.0257)
3        85.1 -9999.0 -9999.0  POINT (-77.19275 39.02564)
4        85.1 -9999.0 -9999.0   POINT (-77.1926 39.02558)
...       ...     ...     ...                         ...
32051    83.3 -9999.0 -9999.0  POINT (-77.02652 39.06204)
32052    83.3 -9999.0 -9999.0   POINT (-77.0266 39.06216)
32053    83.3 -9999.0 -9999.0  POINT (-77.02667 39.06227)
32054    83.5 -9999.0 -9999.0  POINT (-77.02674 39.06238)
32055    83.5 -9999.0 -9999.0   POINT (-77.02681 39.0625)

[32056 rows x 4 columns]"
161,"Mystic River, MA",af,af_trav.shp,"/groups/LORTIZUR/heat-watch-data/clean/Heat Watch Mystic River, MA/traverses_chw_mystic_river_112421/af_trav.shp",29492,29492,temp_f,POINT (-71.1208426088611 42.43639012752452),92.57613081513632,92.31,1.7351672554613993,87.37,97.64,10.269999999999996,91.3075,93.85,2.5424999999999898,[92.64 92.28 92.28 ... 91.8  91.8  92.34],"                  datetime  temp_f    rh   hi_f  \
0      2021-08-12 15:00:00   92.64  43.4  95.90   
1      2021-08-12 15:00:01   92.28  43.4  95.26   
2      2021-08-12 15:00:02   92.28  43.4  95.26   
3      2021-08-12 15:00:03   92.46  44.4  96.05   
4      2021-08-12 15:00:04   92.46  44.4  96.05   
...                    ...     ...   ...    ...   
29487  2021-08-12 15:39:18   91.62  42.0  94.15   
29488  2021-08-12 15:39:19   91.62  42.0  94.15   
29489  2021-08-12 15:39:20   91.80  41.0  94.03   
29490  2021-08-12 15:39:21   91.80  41.0  94.03   
29491  2021-08-12 15:39:22   92.34  41.0  94.93   

                                    file   kmph trav_id  \
0           1001_120821_184521.000_0.csv  16.43      af   
1           1001_120821_184521.000_0.csv  19.57      af   
2           1001_120821_184521.000_0.csv  26.12      af   
3           1001_120821_184521.000_0.csv  26.12      af   
4           1001_120821_184521.000_0.csv  31.64      af   
...                                  ...    ...     ...   
29487  CAPA1005B_120821_184639.000_0.csv  13.90      af   
29488  CAPA1005B_120821_184639.000_0.csv  13.85      af   
29489  CAPA1005B_120821_184639.000_0.csv  13.82      af   
29490  CAPA1005B_120821_184639.000_0.csv  13.82      af   
29491  CAPA1005B_120821_184639.000_0.csv  11.75      af   

                         geometry  
0        POINT (-71.13867 42.521)  
1      POINT (-71.13864 42.52105)  
2        POINT (-71.1386 42.5211)  
3      POINT (-71.13855 42.52117)  
4       POINT (-71.1385 42.52123)  
...                           ...  
29487  POINT (-71.13084 42.39777)  
29488  POINT (-71.13078 42.39776)  
29489  POINT (-71.13073 42.39776)  
29490  POINT (-71.13069 42.39776)  
29491  POINT (-71.13065 42.39777)  

[29492 rows x 8 columns]"
162,"Mystic River, MA",am,am_trav.shp,"/groups/LORTIZUR/heat-watch-data/clean/Heat Watch Mystic River, MA/traverses_chw_mystic_river_112421/am_trav.shp",25198,25198,temp_f,POINT (-71.09813840897591 42.43351351114066),75.5811489007064,75.59,1.0782450663839762,72.23,78.59,6.359999999999999,74.73,76.48,1.75,[76.08 75.9  75.9  ... 75.48 75.48 75.84],"                  datetime  temp_f    rh   hi_f                          file  \
0      2021-08-12 06:00:17   76.08  88.4  77.05  1001_120821_095050.000_0.csv   
1      2021-08-12 06:00:18   75.90  88.4  76.85  1001_120821_095050.000_0.csv   
2      2021-08-12 06:00:20   75.90  88.4  76.85  1001_120821_095050.000_0.csv   
3      2021-08-12 06:00:21   75.90  88.4  76.85  1001_120821_095050.000_0.csv   
4      2021-08-12 06:00:22   76.08  88.4  77.05  1001_120821_095050.000_0.csv   
...                    ...     ...   ...    ...                           ...   
25193  2021-08-12 06:51:05   76.03  92.6  78.16  1021_050180_095030.092_0.csv   
25194  2021-08-12 06:51:06   76.02  92.6  78.16  1021_050180_095030.092_0.csv   
25195  2021-08-12 06:51:07   75.48  92.6  77.56  1021_050180_095030.092_0.csv   
25196  2021-08-12 06:51:08   75.48  92.6  77.56  1021_050180_095030.092_0.csv   
25197  2021-08-12 06:51:09   75.84  92.6  77.96  1021_050180_095030.092_0.csv   

        kmph trav_id                    geometry  
0       9.51      am  POINT (-71.13711 42.51823)  
1       9.51      am  POINT (-71.13714 42.51822)  
2       9.64      am  POINT (-71.13716 42.51818)  
3      11.46      am  POINT (-71.13717 42.51816)  
4      14.11      am  POINT (-71.13716 42.51813)  
...      ...     ...                         ...  
25193  14.62      am  POINT (-71.08888 42.47313)  
25194  14.62      am    POINT (-71.0889 42.4731)  
25195  12.65      am  POINT (-71.08893 42.47307)  
25196  12.51      am  POINT (-71.08894 42.47305)  
25197  10.13      am  POINT (-71.08895 42.47302)  

[25198 rows x 8 columns]"
163,"Mystic River, MA",pm,pm_trav.shp,"/groups/LORTIZUR/heat-watch-data/clean/Heat Watch Mystic River, MA/traverses_chw_mystic_river_112421/pm_trav.shp",32610,32610,temp_f,POINT (-71.10967426569141 42.43590821970818),88.05629193498928,88.09,1.7998181108548903,82.46,92.88,10.420000000000002,86.82,89.51,2.690000000000012,[86.71 86.89 86.89 ... 88.74 89.28 89.28],"                  datetime  temp_f      rh     hi_f  \
0      2021-08-12 19:00:02   86.71    56.4    94.38   
1      2021-08-12 19:00:03   86.89    57.4    95.20   
2      2021-08-12 19:00:04   86.89    57.4    95.20   
3      2021-08-12 19:00:05   86.35    56.4    93.66   
4      2021-08-12 19:00:06   86.36    56.4    93.66   
...                    ...     ...     ...      ...   
32605  2021-08-12 19:56:03   88.92 -9999.0 -9999.00   
32606  2021-08-12 19:56:04   88.74 -9999.0 -9999.00   
32607  2021-08-12 19:56:05   88.74 -9999.0 -9999.00   
32608  2021-08-12 19:56:06   89.28    67.6    97.50   
32609  2021-08-12 19:56:07   89.28    67.6    97.50   

                               file   kmph trav_id                    geometry  
0      1001_120821_224822.000_0.csv   8.50      pm  POINT (-71.13851 42.52119)  
1      1001_120821_224822.000_0.csv  18.23      pm  POINT (-71.13847 42.52122)  
2      1001_120821_224822.000_0.csv  18.23      pm  POINT (-71.13843 42.52127)  
3      1001_120821_224822.000_0.csv  27.76      pm  POINT (-71.13838 42.52132)  
4      1001_120821_224822.000_0.csv  29.47      pm  POINT (-71.13834 42.52139)  
...                             ...    ...     ...                         ...  
32605      1021_120821_225021_0.csv  17.65      pm  POINT (-71.08872 42.47293)  
32606      1021_120821_225021_0.csv  14.13      pm  POINT (-71.08867 42.47291)  
32607      1021_120821_225021_0.csv  12.99      pm   POINT (-71.08863 42.4729)  
32608      1021_120821_225021_0.csv  12.99      pm   POINT (-71.08859 42.4729)  
32609      1021_120821_225021_0.csv   9.94      pm   POINT (-71.08855 42.4729)  

[32610 rows x 8 columns]"
164,"Nashville, TN",af,af_trav.shp,"/groups/LORTIZUR/heat-watch-data/clean/Heat Watch Nashville, TN/traverses_chw_nashville_100622/af_trav.shp",18717,18717,temp_f,POINT (-86.76904892551049 36.146334263249486),92.23755943794411,92.3,1.2392672364689707,87.4,95.6,8.199999999999989,91.4,93.1,1.6999999999999886,[89.2 89.2 92.5 ... 93.2 93.2 93.2],"       temp_f      rh    hi_f                    geometry
0        89.2 -9999.0 -9999.0  POINT (-86.77603 36.14686)
1        89.2 -9999.0 -9999.0  POINT (-86.77608 36.14682)
2        92.5 -9999.0 -9999.0  POINT (-86.76862 36.13186)
3        92.5 -9999.0 -9999.0  POINT (-86.76861 36.13183)
4        92.5 -9999.0 -9999.0  POINT (-86.76855 36.13168)
...       ...     ...     ...                         ...
18712    92.8    19.9    88.6    POINT (-86.75948 36.161)
18713    92.6    19.9    88.4  POINT (-86.75963 36.16101)
18714    93.2    19.9    89.0  POINT (-86.75996 36.16103)
18715    93.2    19.9    89.0  POINT (-86.76013 36.16104)
18716    93.2    19.9    89.0  POINT (-86.76029 36.16106)

[18717 rows x 4 columns]"
165,"Nashville, TN",am,am_trav.shp,"/groups/LORTIZUR/heat-watch-data/clean/Heat Watch Nashville, TN/traverses_chw_nashville_100622/am_trav.shp",25134,25134,temp_f,POINT (-86.75553303308506 36.149997494819985),65.58122861462562,65.4,1.7331592996055951,59.5,71.9,12.400000000000006,64.4,66.6,2.1999999999999886,[68.7 68.7 68.9 ... 61.9 62.1 62.1],"       temp_f      rh    hi_f                    geometry
0        68.7 -9999.0 -9999.0  POINT (-86.77593 36.14289)
1        68.7 -9999.0 -9999.0  POINT (-86.77599 36.14296)
2        68.9 -9999.0 -9999.0  POINT (-86.77606 36.14302)
3        68.9 -9999.0 -9999.0  POINT (-86.77612 36.14309)
4        68.9 -9999.0 -9999.0  POINT (-86.77612 36.14309)
...       ...     ...     ...                         ...
25129    61.9    65.8    61.0  POINT (-86.82262 36.21043)
25130    61.9    65.8    61.0  POINT (-86.82251 36.21045)
25131    61.9    65.8    61.0  POINT (-86.82241 36.21048)
25132    62.1    65.8    61.2   POINT (-86.82232 36.2105)
25133    62.1    65.8    61.2  POINT (-86.82224 36.21052)

[25134 rows x 4 columns]"
166,"Nashville, TN",pm,pm_trav.shp,"/groups/LORTIZUR/heat-watch-data/clean/Heat Watch Nashville, TN/traverses_chw_nashville_100622/pm_trav.shp",18184,18184,temp_f,POINT (-86.75623355661955 36.145660237426426),88.08485481742191,88.2,1.2234943658652022,83.0,91.2,8.200000000000003,87.4,88.9,1.5,[86.8 87.  87.  ... 89.5 89.5 89.7],"       temp_f      rh    hi_f                    geometry
0        86.8 -9999.0 -9999.0   POINT (-86.7254 36.06695)
1        87.0 -9999.0 -9999.0   POINT (-86.70764 36.0594)
2        87.0 -9999.0 -9999.0  POINT (-86.70758 36.05943)
3        89.0 -9999.0 -9999.0   POINT (-86.7189 36.06828)
4        88.9 -9999.0 -9999.0  POINT (-86.71672 36.06883)
...       ...     ...     ...                         ...
18179    89.8    26.9    85.8     POINT (-86.77 36.16455)
18180    89.8    26.9    85.8  POINT (-86.77013 36.16451)
18181    89.5    25.9    85.3   POINT (-86.77019 36.1645)
18182    89.5    25.9    85.3  POINT (-86.77023 36.16448)
18183    89.7    25.9    85.5  POINT (-86.77025 36.16448)

[18184 rows x 4 columns]"
167,"New Orleans, LA",af,af_trav.shp,"/groups/LORTIZUR/heat-watch-data/clean/Heat Watch New Orleans, LA/traverses_chw_new_orleans_110420/af_trav.shp",21117,21117,temp_f,POINT (-90.03716423764143 29.984414918247314),92.34267083392527,92.30000000000001,1.5532185368827287,87.62,101.48,13.86,91.4,93.2,1.7999999999999972,[90.86 90.86 91.04 ... 92.48 92.66 92.66],"       hasFix stlltsU    date        time altitud  course  spdKmhr  spdKnts  \
0           1       6  180820  201311.000     6.9    5.16    48.12    25.97   
1           1       6  180820  201312.000     6.8    4.86    46.66    25.18   
2           1       6  180820  201313.000     6.7    3.31    46.58    25.14   
3           1       6  180820  201314.000     6.8    3.63    47.25    25.50   
4           1       6  180820  201315.000     6.7    3.63    47.25    25.50   
...       ...     ...     ...         ...     ...     ...      ...      ...   
21112       1       7  180820  205944.000   -11.3  129.26    15.56     8.40   
21113       1       7  180820  205945.000   -11.1  129.55    17.24     9.30   
21114       1       7  180820  205946.000   -10.9  129.55    17.24     9.30   
21115       1       7  180820  205947.000   -10.5  132.36    17.24    11.50   
21116       1       7  180820  205948.000   -10.5  131.34    21.78    11.75   

      RMCMode RMCStts  ...                              file     dat_cln  \
0           D       A  ...  CAPA1014_180820_201103.000_0.csv  2020-08-18   
1           D       A  ...  CAPA1014_180820_201103.000_0.csv  2020-08-18   
2           D       A  ...  CAPA1014_180820_201103.000_0.csv  2020-08-18   
3           D       A  ...  CAPA1014_180820_201103.000_0.csv  2020-08-18   
4           D       A  ...  CAPA1014_180820_201103.000_0.csv  2020-08-18   
...       ...     ...  ...                               ...         ...   
21112       D       A  ...  CAPA1060_180820_193423.000_0.csv  2020-08-18   
21113       D       A  ...  CAPA1060_180820_193423.000_0.csv  2020-08-18   
21114       D       A  ...  CAPA1060_180820_193423.000_0.csv  2020-08-18   
21115       D       A  ...  CAPA1060_180820_193423.000_0.csv  2020-08-18   
21116       D       A  ...  CAPA1060_180820_193423.000_0.csv  2020-08-18   

                   dttm_tc              dttm_lc               tz     date_lc  \
0      2020-08-18 20:13:00  2020-08-18 15:13:00  America/Chicago  2020-08-18   
1      2020-08-18 20:13:00  2020-08-18 15:13:00  America/Chicago  2020-08-18   
2      2020-08-18 20:13:00  2020-08-18 15:13:00  America/Chicago  2020-08-18   
3      2020-08-18 20:13:00  2020-08-18 15:13:00  America/Chicago  2020-08-18   
4      2020-08-18 20:13:00  2020-08-18 15:13:00  America/Chicago  2020-08-18   
...                    ...                  ...              ...         ...   
21112  2020-08-18 20:59:00  2020-08-18 15:59:00  America/Chicago  2020-08-18   
21113  2020-08-18 20:59:00  2020-08-18 15:59:00  America/Chicago  2020-08-18   
21114  2020-08-18 20:59:00  2020-08-18 15:59:00  America/Chicago  2020-08-18   
21115  2020-08-18 20:59:00  2020-08-18 15:59:00  America/Chicago  2020-08-18   
21116  2020-08-18 20:59:00  2020-08-18 15:59:00  America/Chicago  2020-08-18   

                   strt_tm              end_tim  trav_id  \
0      2020-08-18 15:00:00  2020-08-18 16:00:00       af   
1      2020-08-18 15:00:00  2020-08-18 16:00:00       af   
2      2020-08-18 15:00:00  2020-08-18 16:00:00       af   
3      2020-08-18 15:00:00  2020-08-18 16:00:00       af   
4      2020-08-18 15:00:00  2020-08-18 16:00:00       af   
...                    ...                  ...      ...   
21112  2020-08-18 15:00:00  2020-08-18 16:00:00       af   
21113  2020-08-18 15:00:00  2020-08-18 16:00:00       af   
21114  2020-08-18 15:00:00  2020-08-18 16:00:00       af   
21115  2020-08-18 15:00:00  2020-08-18 16:00:00       af   
21116  2020-08-18 15:00:00  2020-08-18 16:00:00       af   

                         geometry  
0      POINT (-90.09881 30.00146)  
1       POINT (-90.0988 30.00158)  
2       POINT (-90.09879 30.0017)  
3      POINT (-90.09878 30.00182)  
4      POINT (-90.09878 30.00194)  
...                           ...  
21112  POINT (-90.08587 29.97652)  
21113  POINT (-90.08584 29.97649)  
21114  POINT (-90.08579 29.97646)  
21115  POINT (-90.08575 29.97642)  
21116   POINT (-90.0857 29.97638)  

[21117 rows x 29 columns]"
168,"New Orleans, LA",am,am_trav.shp,"/groups/LORTIZUR/heat-watch-data/clean/Heat Watch New Orleans, LA/traverses_chw_new_orleans_110420/am_trav.shp",26195,26195,temp_f,POINT (-90.05087039024122 29.980935618815522),79.71496621492652,79.7,1.3870585977328347,75.38,82.94,7.560000000000002,78.98,80.78,1.7999999999999972,[78.62 78.62 78.62 ... 82.4  82.4  82.4 ],"       hasFix stlltsU    date        time altitud  course  spdKmhr  spdKnts  \
0           1      10  080820  110226.000    -0.8  130.67    11.51     6.21   
1           1      10  080820  110227.000    -0.4  111.09    14.42     7.78   
2           1      10  080820  110228.000    -0.3  111.09    14.42     7.78   
3           1      10  080820  110229.000     0.0   93.77    19.27    10.40   
4           1      10  080820  110230.000     0.2   93.54    20.78    11.22   
...       ...     ...     ...         ...     ...     ...      ...      ...   
26190       1       8  080820  120050.000     8.8  220.13    15.40     8.31   
26191       1       8  080820  120052.000     7.9  218.97    15.40     4.54   
26192       1       8  080820  120056.000     5.9  218.27     9.80     5.29   
26193       1       8  080820  120058.000     4.7  176.06     8.06     4.35   
26194       1       8  080820  120059.000     4.5  155.77    10.06     5.43   

      RMCMode RMCStts  ...                                  file     dat_cln  \
0           A       A  ...      CAPA1009_080820_105708.000_0.csv  2020-08-08   
1           A       A  ...      CAPA1009_080820_105708.000_0.csv  2020-08-08   
2           A       A  ...      CAPA1009_080820_105708.000_0.csv  2020-08-08   
3           A       A  ...      CAPA1009_080820_105708.000_0.csv  2020-08-08   
4           A       A  ...      CAPA1009_080820_105708.000_0.csv  2020-08-08   
...       ...     ...  ...                                   ...         ...   
26190       D       A  ...  CAPABIKE1002_080820_105404.000_0.csv  2020-08-08   
26191       D       A  ...  CAPABIKE1002_080820_105404.000_0.csv  2020-08-08   
26192       D       A  ...  CAPABIKE1002_080820_105404.000_0.csv  2020-08-08   
26193       D       A  ...  CAPABIKE1002_080820_105404.000_0.csv  2020-08-08   
26194       D       A  ...  CAPABIKE1002_080820_105404.000_0.csv  2020-08-08   

                   dttm_tc              dttm_lc               tz     date_lc  \
0      2020-08-08 11:02:00  2020-08-08 06:02:00  America/Chicago  2020-08-08   
1      2020-08-08 11:02:00  2020-08-08 06:02:00  America/Chicago  2020-08-08   
2      2020-08-08 11:02:00  2020-08-08 06:02:00  America/Chicago  2020-08-08   
3      2020-08-08 11:02:00  2020-08-08 06:02:00  America/Chicago  2020-08-08   
4      2020-08-08 11:02:00  2020-08-08 06:02:00  America/Chicago  2020-08-08   
...                    ...                  ...              ...         ...   
26190  2020-08-08 12:00:00  2020-08-08 07:00:00  America/Chicago  2020-08-08   
26191  2020-08-08 12:00:00  2020-08-08 07:00:00  America/Chicago  2020-08-08   
26192  2020-08-08 12:00:00  2020-08-08 07:00:00  America/Chicago  2020-08-08   
26193  2020-08-08 12:00:00  2020-08-08 07:00:00  America/Chicago  2020-08-08   
26194  2020-08-08 12:00:00  2020-08-08 07:00:00  America/Chicago  2020-08-08   

                   strt_tm              end_tim  trav_id  \
0      2020-08-08 06:00:00  2020-08-08 07:00:00       am   
1      2020-08-08 06:00:00  2020-08-08 07:00:00       am   
2      2020-08-08 06:00:00  2020-08-08 07:00:00       am   
3      2020-08-08 06:00:00  2020-08-08 07:00:00       am   
4      2020-08-08 06:00:00  2020-08-08 07:00:00       am   
...                    ...                  ...      ...   
26190  2020-08-08 06:00:00  2020-08-08 07:00:00       am   
26191  2020-08-08 06:00:00  2020-08-08 07:00:00       am   
26192  2020-08-08 06:00:00  2020-08-08 07:00:00       am   
26193  2020-08-08 06:00:00  2020-08-08 07:00:00       am   
26194  2020-08-08 06:00:00  2020-08-08 07:00:00       am   

                         geometry  
0       POINT (-90.0517 30.02881)  
1       POINT (-90.05167 30.0288)  
2      POINT (-90.05163 30.02879)  
3      POINT (-90.05158 30.02878)  
4      POINT (-90.05152 30.02878)  
...                           ...  
26190   POINT (-90.08566 29.9568)  
26191   POINT (-90.0857 29.95676)  
26192  POINT (-90.08576 29.95669)  
26193  POINT (-90.08579 29.95664)  
26194  POINT (-90.08579 29.95661)  

[26195 rows x 29 columns]"
169,"New Orleans, LA",pm,pm_trav.shp,"/groups/LORTIZUR/heat-watch-data/clean/Heat Watch New Orleans, LA/traverses_chw_new_orleans_110420/pm_trav.shp",27939,27939,temp_f,POINT (-90.04911971344151 29.983987157373235),87.59078921937076,87.80000000000001,1.1052960517888568,81.86,90.86000000000001,9.000000000000014,86.9,88.34,1.4399999999999977,[89.96 89.96 89.96 ... 88.34 88.34 88.34],"       hasFix stlltsU    date        time altitud  course  spdKmhr  spdKnts  \
0           1      10  190820  000531.000     4.6  150.21     8.85     4.78   
1           1      10  190820  000532.000     4.6  173.72    11.16     6.02   
2           1      10  190820  000533.000     4.5  177.53    11.77     6.35   
3           1      10  190820  000534.000     4.5  177.53    12.02     6.49   
4           1      10  190820  000535.000     4.4  177.53    12.02     6.49   
...       ...     ...     ...         ...     ...     ...      ...      ...   
27934       1       9  190820  010053.000    -6.6  129.11    19.59    10.57   
27935       1       9  190820  010054.000    -6.4  129.65    18.69    10.09   
27936       1       9  190820  010056.000    -6.3  129.76    18.66    10.07   
27937       1       9  190820  010057.000    -6.2   129.1    20.11    10.85   
27938       1       9  190820  010059.000    -6.9  129.33    20.11    14.29   

      RMCMode RMCStts  ...                              file     dat_cln  \
0           A       A  ...  CAPA1009_190820_000231.084_0.csv  2020-08-19   
1           A       A  ...  CAPA1009_190820_000231.084_0.csv  2020-08-19   
2           A       A  ...  CAPA1009_190820_000231.084_0.csv  2020-08-19   
3           A       A  ...  CAPA1009_190820_000231.084_0.csv  2020-08-19   
4           A       A  ...  CAPA1009_190820_000231.084_0.csv  2020-08-19   
...       ...     ...  ...                               ...         ...   
27934       D       A  ...  CAPA1060_180820_234531.311_0.csv  2020-08-19   
27935       D       A  ...  CAPA1060_180820_234531.311_0.csv  2020-08-19   
27936       D       A  ...  CAPA1060_180820_234531.311_0.csv  2020-08-19   
27937       D       A  ...  CAPA1060_180820_234531.311_0.csv  2020-08-19   
27938       9       A  ...  CAPA1060_180820_234531.311_0.csv  2020-08-19   

                   dttm_tc              dttm_lc               tz     date_lc  \
0      2020-08-19 00:05:00  2020-08-18 19:05:00  America/Chicago  2020-08-18   
1      2020-08-19 00:05:00  2020-08-18 19:05:00  America/Chicago  2020-08-18   
2      2020-08-19 00:05:00  2020-08-18 19:05:00  America/Chicago  2020-08-18   
3      2020-08-19 00:05:00  2020-08-18 19:05:00  America/Chicago  2020-08-18   
4      2020-08-19 00:05:00  2020-08-18 19:05:00  America/Chicago  2020-08-18   
...                    ...                  ...              ...         ...   
27934  2020-08-19 01:00:00  2020-08-18 20:00:00  America/Chicago  2020-08-18   
27935  2020-08-19 01:00:00  2020-08-18 20:00:00  America/Chicago  2020-08-18   
27936  2020-08-19 01:00:00  2020-08-18 20:00:00  America/Chicago  2020-08-18   
27937  2020-08-19 01:00:00  2020-08-18 20:00:00  America/Chicago  2020-08-18   
27938  2020-08-19 01:00:00  2020-08-18 20:00:00  America/Chicago  2020-08-18   

                   strt_tm              end_tim  trav_id  \
0      2020-08-18 19:00:00  2020-08-18 20:00:00       pm   
1      2020-08-18 19:00:00  2020-08-18 20:00:00       pm   
2      2020-08-18 19:00:00  2020-08-18 20:00:00       pm   
3      2020-08-18 19:00:00  2020-08-18 20:00:00       pm   
4      2020-08-18 19:00:00  2020-08-18 20:00:00       pm   
...                    ...                  ...      ...   
27934  2020-08-18 19:00:00  2020-08-18 20:00:00       pm   
27935  2020-08-18 19:00:00  2020-08-18 20:00:00       pm   
27936  2020-08-18 19:00:00  2020-08-18 20:00:00       pm   
27937  2020-08-18 19:00:00  2020-08-18 20:00:00       pm   
27938  2020-08-18 19:00:00  2020-08-18 20:00:00       pm   

                         geometry  
0       POINT (-90.04802 30.0296)  
1      POINT (-90.04801 30.02958)  
2      POINT (-90.04801 30.02954)  
3      POINT (-90.04801 30.02951)  
4        POINT (-90.048 30.02948)  
...                           ...  
27934  POINT (-90.07867 29.97278)  
27935  POINT (-90.07863 29.97275)  
27936  POINT (-90.07855 29.97269)  
27937   POINT (-90.0785 29.97265)  
27938  POINT (-90.07839 29.97257)  

[27939 rows x 29 columns]"
170,"Oakland and Berkeley, CA",af,af_trav.shp,"/groups/LORTIZUR/heat-watch-data/clean/Heat Watch Oakland and Berkeley, CA/traverses_chw_oakland_berkeley/af_trav.shp",20144,20144,temp_f,POINT (-122.22198483789548 37.8139497636779),67.74326945988881,68.18,3.1562509389689595,60.08,93.56,33.480000000000004,65.66,69.62,3.960000000000008,[73.94 73.94 74.12 ... 65.84 65.84 65.84],"       hasFix stlltsU   date    time altitud  course  spdKmhr  spdKnts  \
0           1       7  70919  220023       6  234.31     9.81     5.30   
1           1       7  70919  220025     6.3  226.41    14.04     7.58   
2           1       7  70919  220027     6.6  227.32    20.82    11.23   
3           1       7  70919  220028     6.7  225.57    16.69     9.01   
4           1       7  70919  220029     6.6  235.37    16.69     2.35   
...       ...     ...    ...     ...     ...     ...      ...      ...   
20139       1       8  70919  225956    70.7   351.8    23.95    12.93   
20140       1       7  70919  225957    70.8  354.72    23.95    13.91   
20141       1       8  70919  225958    71.2  354.72    23.95    13.91   
20142       1       8  70919  225959    71.6  356.95    26.37    14.23   
20143       1       8  70919  230000    71.7  356.34    25.09    13.54   

      RMCMode RMCStts  ...                        file     dat_cln  \
0           A       A  ...  CAPA15_070919_215234_000_0  2019-09-07   
1           A       A  ...  CAPA15_070919_215234_000_0  2019-09-07   
2           A       A  ...  CAPA15_070919_215234_000_0  2019-09-07   
3           A       A  ...  CAPA15_070919_215234_000_0  2019-09-07   
4           A       A  ...  CAPA15_070919_215234_000_0  2019-09-07   
...       ...     ...  ...                         ...         ...   
20139       D       A  ...  CAPA25_070919_215625_092_0  2019-09-07   
20140       D       A  ...  CAPA25_070919_215625_092_0  2019-09-07   
20141       D       A  ...  CAPA25_070919_215625_092_0  2019-09-07   
20142       D       A  ...  CAPA25_070919_215625_092_0  2019-09-07   
20143       D       A  ...  CAPA25_070919_215625_092_0  2019-09-07   

                   dttm_tc              dttm_lc                   tz  \
0      2019-09-07 22:00:23  2019-09-07 15:00:23  America/Los_Angeles   
1      2019-09-07 22:00:25  2019-09-07 15:00:25  America/Los_Angeles   
2      2019-09-07 22:00:27  2019-09-07 15:00:27  America/Los_Angeles   
3      2019-09-07 22:00:28  2019-09-07 15:00:28  America/Los_Angeles   
4      2019-09-07 22:00:29  2019-09-07 15:00:29  America/Los_Angeles   
...                    ...                  ...                  ...   
20139  2019-09-07 22:59:56  2019-09-07 15:59:56  America/Los_Angeles   
20140  2019-09-07 22:59:57  2019-09-07 15:59:57  America/Los_Angeles   
20141  2019-09-07 22:59:58  2019-09-07 15:59:58  America/Los_Angeles   
20142  2019-09-07 22:59:59  2019-09-07 15:59:59  America/Los_Angeles   
20143  2019-09-07 23:00:00  2019-09-07 16:00:00  America/Los_Angeles   

          date_lc              strt_tm              end_tim  trav_id  \
0      2019-09-07  2019-09-07 15:00:00  2019-09-07 16:00:00       af   
1      2019-09-07  2019-09-07 15:00:00  2019-09-07 16:00:00       af   
2      2019-09-07  2019-09-07 15:00:00  2019-09-07 16:00:00       af   
3      2019-09-07  2019-09-07 15:00:00  2019-09-07 16:00:00       af   
4      2019-09-07  2019-09-07 15:00:00  2019-09-07 16:00:00       af   
...           ...                  ...                  ...      ...   
20139  2019-09-07  2019-09-07 15:00:00  2019-09-07 16:00:00       af   
20140  2019-09-07  2019-09-07 15:00:00  2019-09-07 16:00:00       af   
20141  2019-09-07  2019-09-07 15:00:00  2019-09-07 16:00:00       af   
20142  2019-09-07  2019-09-07 15:00:00  2019-09-07 16:00:00       af   
20143  2019-09-07  2019-09-07 15:00:00  2019-09-07 16:00:00       af   

                          geometry  
0        POINT (-122.234 37.78538)  
1      POINT (-122.23406 37.78532)  
2      POINT (-122.23416 37.78526)  
3      POINT (-122.23419 37.78524)  
4       POINT (-122.2342 37.78523)  
...                            ...  
20139  POINT (-122.26694 37.87898)  
20140  POINT (-122.26694 37.87904)  
20141   POINT (-122.26695 37.8791)  
20142  POINT (-122.26695 37.87917)  
20143  POINT (-122.26695 37.87924)  

[20144 rows x 29 columns]"
171,"Oakland and Berkeley, CA",am,am_trav.shp,"/groups/LORTIZUR/heat-watch-data/clean/Heat Watch Oakland and Berkeley, CA/traverses_chw_oakland_berkeley/am_trav.shp",18495,18495,temp_f,POINT (-122.22553185037894 37.825010477578594),58.9716301703163,59.540000000000006,1.6694966589872402,55.040000000000006,65.30000000000001,10.260000000000005,57.74,60.26,2.519999999999996,[60.62 60.62 60.44 ... 56.12 56.12 56.12],"       hasFix stlltsU   date    time altitud  course  spdKmhr  spdKnts  \
0           1       7  70919  130000    34.6  305.25    29.25    16.23   
1           1       7  70919  130001    34.5  306.14    29.34    15.83   
2           1       7  70919  130002    34.3  306.06    30.01    16.20   
3           1       7  70919  130003      34  306.06    30.01    16.20   
4           1       7  70919  130005    33.9  302.89    32.06    17.30   
...       ...     ...    ...     ...     ...     ...      ...      ...   
18490       1       7  70919  135955   266.2  221.44    33.12    17.87   
18491       1       7  70919  135956   266.2  217.51    31.46    16.98   
18492       1       7  70919  135957   266.2  217.51    31.46    16.98   
18493       1       7  70919  135959   266.3  191.13    29.97    16.18   
18494       1       7  70919  140000   266.3  178.24    26.44    14.27   

      RMCMode RMCStts  ...                        file     dat_cln  \
0           A       A  ...  CAPA15_070919_125800_208_0  2019-09-07   
1           A       A  ...  CAPA15_070919_125800_208_0  2019-09-07   
2           A       A  ...  CAPA15_070919_125800_208_0  2019-09-07   
3           A       A  ...  CAPA15_070919_125800_208_0  2019-09-07   
4           A       A  ...  CAPA15_070919_125800_208_0  2019-09-07   
...       ...     ...  ...                         ...         ...   
18490       D       A  ...  CAPA25_070919_125818_203_0  2019-09-07   
18491       D       A  ...  CAPA25_070919_125818_203_0  2019-09-07   
18492       D       A  ...  CAPA25_070919_125818_203_0  2019-09-07   
18493       D       A  ...  CAPA25_070919_125818_203_0  2019-09-07   
18494       D       A  ...  CAPA25_070919_125818_203_0  2019-09-07   

                   dttm_tc              dttm_lc                   tz  \
0      2019-09-07 13:00:00  2019-09-07 06:00:00  America/Los_Angeles   
1      2019-09-07 13:00:01  2019-09-07 06:00:01  America/Los_Angeles   
2      2019-09-07 13:00:02  2019-09-07 06:00:02  America/Los_Angeles   
3      2019-09-07 13:00:03  2019-09-07 06:00:03  America/Los_Angeles   
4      2019-09-07 13:00:05  2019-09-07 06:00:05  America/Los_Angeles   
...                    ...                  ...                  ...   
18490  2019-09-07 13:59:55  2019-09-07 06:59:55  America/Los_Angeles   
18491  2019-09-07 13:59:56  2019-09-07 06:59:56  America/Los_Angeles   
18492  2019-09-07 13:59:57  2019-09-07 06:59:57  America/Los_Angeles   
18493  2019-09-07 13:59:59  2019-09-07 06:59:59  America/Los_Angeles   
18494  2019-09-07 14:00:00  2019-09-07 07:00:00  America/Los_Angeles   

          date_lc              strt_tm              end_tim  trav_id  \
0      2019-09-07  2019-09-07 06:00:00  2019-09-07 07:00:00       am   
1      2019-09-07  2019-09-07 06:00:00  2019-09-07 07:00:00       am   
2      2019-09-07  2019-09-07 06:00:00  2019-09-07 07:00:00       am   
3      2019-09-07  2019-09-07 06:00:00  2019-09-07 07:00:00       am   
4      2019-09-07  2019-09-07 06:00:00  2019-09-07 07:00:00       am   
...           ...                  ...                  ...      ...   
18490  2019-09-07  2019-09-07 06:00:00  2019-09-07 07:00:00       am   
18491  2019-09-07  2019-09-07 06:00:00  2019-09-07 07:00:00       am   
18492  2019-09-07  2019-09-07 06:00:00  2019-09-07 07:00:00       am   
18493  2019-09-07  2019-09-07 06:00:00  2019-09-07 07:00:00       am   
18494  2019-09-07  2019-09-07 06:00:00  2019-09-07 07:00:00       am   

                          geometry  
0      POINT (-122.22566 37.79321)  
1      POINT (-122.22574 37.79325)  
2       POINT (-122.22582 37.7933)  
3       POINT (-122.2259 37.79334)  
4      POINT (-122.22606 37.79343)  
...                            ...  
18490   POINT (-122.25293 37.8943)  
18491    POINT (-122.253 37.89424)  
18492  POINT (-122.25304 37.89417)  
18493  POINT (-122.25311 37.89402)  
18494  POINT (-122.25311 37.89395)  

[18495 rows x 29 columns]"
172,"Oakland and Berkeley, CA",pm,pm_trav.shp,"/groups/LORTIZUR/heat-watch-data/clean/Heat Watch Oakland and Berkeley, CA/traverses_chw_oakland_berkeley/pm_trav.shp",21512,21512,temp_f,POINT (-122.22219647257398 37.81633313812069),62.93767571587951,63.14,2.4736421590714834,57.74,78.08000000000001,20.34000000000001,61.88,63.86,1.9799999999999969,[65.3  65.3  65.3  ... 65.66 65.66 65.66],"       hasFix stlltsU     date   time altitud  course  spdKmhr  spdKnts  \
0           1      12    80919  20027     9.3  126.57     8.76     4.73   
1           1      12    80919  20027     9.3  126.57     8.76     4.73   
2           1      12    80919  20029     9.3  127.12    16.58     8.95   
3           1      12    80919  20030     9.2  127.51    18.31     9.88   
4           1      12    80919  20032     9.3  163.14    18.31     9.00   
...       ...     ...      ...    ...     ...     ...      ...      ...   
21507       1      10    80919  25949      -1  347.74    22.87    12.34   
21508       1      10    80919  25951     0.5  345.78    18.88    10.19   
21509       1      10    80919  25952     1.3  347.23    15.94     8.60   
21510       1      10  080919M  25953     1.7  342.45    15.94     4.72   
21511       1      10  080919M  25954     1.9  342.45    15.94     4.72   

      RMCMode RMCStts  ...                        file     dat_cln  \
0           D       A  ...  CAPA15_080919_014727_000_0  2019-09-08   
1           D       A  ...  CAPA15_080919_014727_000_0  2019-09-08   
2           D       A  ...  CAPA15_080919_014727_000_0  2019-09-08   
3           D       A  ...  CAPA15_080919_014727_000_0  2019-09-08   
4           M       A  ...  CAPA15_080919_014727_000_0  2019-09-08   
...       ...     ...  ...                         ...         ...   
21507       D       A  ...  CAPA25_080919_015519_096_0  2019-09-08   
21508       D       A  ...  CAPA25_080919_015519_096_0  2019-09-08   
21509       D       A  ...  CAPA25_080919_015519_096_0  2019-09-08   
21510       N       A  ...  CAPA25_080919_015519_096_0  2019-09-08   
21511       N       A  ...  CAPA25_080919_015519_096_0  2019-09-08   

                   dttm_tc              dttm_lc                   tz  \
0      2019-09-08 02:00:27  2019-09-07 19:00:27  America/Los_Angeles   
1      2019-09-08 02:00:27  2019-09-07 19:00:27  America/Los_Angeles   
2      2019-09-08 02:00:29  2019-09-07 19:00:29  America/Los_Angeles   
3      2019-09-08 02:00:30  2019-09-07 19:00:30  America/Los_Angeles   
4      2019-09-08 02:00:32  2019-09-07 19:00:32  America/Los_Angeles   
...                    ...                  ...                  ...   
21507  2019-09-08 02:59:49  2019-09-07 19:59:49  America/Los_Angeles   
21508  2019-09-08 02:59:51  2019-09-07 19:59:51  America/Los_Angeles   
21509  2019-09-08 02:59:52  2019-09-07 19:59:52  America/Los_Angeles   
21510  2019-09-08 02:59:53  2019-09-07 19:59:53  America/Los_Angeles   
21511  2019-09-08 02:59:54  2019-09-07 19:59:54  America/Los_Angeles   

          date_lc              strt_tm              end_tim  trav_id  \
0      2019-09-08  2019-09-07 19:00:00  2019-09-07 20:00:00       pm   
1      2019-09-08  2019-09-07 19:00:00  2019-09-07 20:00:00       pm   
2      2019-09-08  2019-09-07 19:00:00  2019-09-07 20:00:00       pm   
3      2019-09-08  2019-09-07 19:00:00  2019-09-07 20:00:00       pm   
4      2019-09-08  2019-09-07 19:00:00  2019-09-07 20:00:00       pm   
...           ...                  ...                  ...      ...   
21507  2019-09-08  2019-09-07 19:00:00  2019-09-07 20:00:00       pm   
21508  2019-09-08  2019-09-07 19:00:00  2019-09-07 20:00:00       pm   
21509  2019-09-08  2019-09-07 19:00:00  2019-09-07 20:00:00       pm   
21510  2019-09-08  2019-09-07 19:00:00  2019-09-07 20:00:00       pm   
21511  2019-09-08  2019-09-07 19:00:00  2019-09-07 20:00:00       pm   

                          geometry  
0      POINT (-122.22701 37.77612)  
1      POINT (-122.22701 37.77612)  
2      POINT (-122.22693 37.77607)  
3      POINT (-122.22689 37.77604)  
4      POINT (-122.22682 37.77598)  
...                            ...  
21507  POINT (-122.29878 37.88967)  
21508  POINT (-122.29881 37.88976)  
21509  POINT (-122.29882 37.88979)  
21510  POINT (-122.29884 37.88981)  
21511  POINT (-122.29884 37.88983)  

[21512 rows x 29 columns]"
173,"Oklahoma City, OK",af,af_trav.shp,"/groups/LORTIZUR/heat-watch-data/clean/Heat Watch Oklahoma City, OK/traverses_chw_oklahoma_city_101623/af_trav.shp",71168,71168,temp_f,POINT (-97.54068561464298 35.503210914115726),92.1300767198741,92.4,2.1307290616223638,84.0,98.1,14.099999999999994,91.0,93.5,2.5,[90.6 90.5 91.5 ... 96.3 96.2 96.2],"       temp_f    rh   hi_f                    geometry
0        90.6  43.6   93.0  POINT (-97.52858 35.49336)
1        90.5  43.4   92.7  POINT (-97.52905 35.49335)
2        91.5  42.1   93.9  POINT (-97.52992 35.49335)
3        91.3  42.5   93.7  POINT (-97.53005 35.49335)
4        92.2  41.4   94.6  POINT (-97.53074 35.49336)
...       ...   ...    ...                         ...
71163    96.6  43.5  104.3  POINT (-97.54949 35.61776)
71164    96.6  43.4  104.3  POINT (-97.54951 35.61782)
71165    96.3  43.7  103.8  POINT (-97.54967 35.61788)
71166    96.2  43.9  103.8  POINT (-97.54981 35.61789)
71167    96.2  44.0  103.9  POINT (-97.54986 35.61789)

[71168 rows x 4 columns]"
174,"Oklahoma City, OK",am,am_trav.shp,"/groups/LORTIZUR/heat-watch-data/clean/Heat Watch Oklahoma City, OK/traverses_chw_oklahoma_city_101623/am_trav.shp",81298,81298,temp_f,POINT (-97.54597106963169 35.497962969563574),84.95620310462742,85.3,1.6127424582949785,74.0,88.7,14.700000000000003,84.3,86.0,1.7000000000000028,[85.7 85.8 85.7 ... 86.2 86.4 86.5],"       temp_f    rh  hi_f                    geometry
0        85.7  42.9  85.7  POINT (-97.56554 35.49391)
1        85.8  42.9  85.8    POINT (-97.56558 35.494)
2        85.7  43.1  85.8  POINT (-97.56544 35.49404)
3        85.6  43.1  85.7  POINT (-97.56531 35.49405)
4        85.6  43.3  85.7  POINT (-97.56521 35.49405)
...       ...   ...   ...                         ...
81293    86.6  44.8  87.3  POINT (-97.56946 35.60144)
81294    86.6  44.8  87.4  POINT (-97.56945 35.60137)
81295    86.2  44.9  86.8   POINT (-97.5693 35.60025)
81296    86.4  45.3  87.2  POINT (-97.57084 35.59981)
81297    86.5  46.0  87.5  POINT (-97.57554 35.60107)

[81298 rows x 4 columns]"
175,"Oklahoma City, OK",pm,pm_trav.shp,"/groups/LORTIZUR/heat-watch-data/clean/Heat Watch Oklahoma City, OK/traverses_chw_oklahoma_city_101623/pm_trav.shp",71386,71386,temp_f,POINT (-97.54578155352782 35.50254487352454),83.11822766368755,83.4,2.003111573042469,76.3,87.6,11.299999999999997,81.7,84.7,3.0,[85.2 85.2 85.3 ... 84.8 84.9 84.9],"       temp_f    rh  hi_f                    geometry
0        85.2  55.5  88.2  POINT (-97.56299 35.49315)
1        85.2  55.6  88.3  POINT (-97.56288 35.49315)
2        85.3  55.5  88.5  POINT (-97.56278 35.49314)
3        85.3  55.2  88.4  POINT (-97.56268 35.49314)
4        85.3  55.4  88.4  POINT (-97.56258 35.49314)
...       ...   ...   ...                         ...
71381    84.7  62.1  89.4  POINT (-97.55784 35.60985)
71382    84.8  62.1  89.5  POINT (-97.55793 35.60985)
71383    84.8  62.1  89.6  POINT (-97.55801 35.60986)
71384    84.9  62.1  89.8  POINT (-97.55809 35.60986)
71385    84.9  62.2  89.8  POINT (-97.55812 35.60986)

[71386 rows x 4 columns]"
176,"Omaha, NE",af,af_trav.shp,"/groups/LORTIZUR/heat-watch-data/clean/Heat Watch Omaha, NE/traverses_chw_omaha_092022/af_trav.shp",13582,13582,temp_f,POINT (-95.99957622441485 41.24262779278929),98.50289353556178,98.4,1.3723669259842985,94.8,102.9,8.100000000000009,97.4,99.5,2.0999999999999943,[95.2 95.2 95.6 ... 97.1 97.1 97.7],"       temp_f      rh    hi_f                    geometry
0        95.2 -9999.0 -9999.0  POINT (-95.96748 41.24517)
1        95.2 -9999.0 -9999.0  POINT (-95.96732 41.24518)
2        95.6 -9999.0 -9999.0  POINT (-95.96715 41.24518)
3        95.6 -9999.0 -9999.0    POINT (-95.967 41.24518)
4        96.7 -9999.0 -9999.0  POINT (-95.96684 41.24517)
...       ...     ...     ...                         ...
13577    97.3    41.5   106.8  POINT (-95.96613 41.32023)
13578    97.3    41.5   106.8  POINT (-95.96612 41.32032)
13579    97.1    39.5   105.0  POINT (-95.96606 41.32066)
13580    97.1    39.5   105.0  POINT (-95.96608 41.32074)
13581    97.7    39.5   106.1  POINT (-95.96608 41.32085)

[13582 rows x 4 columns]"
177,"Omaha, NE",am,am_trav.shp,"/groups/LORTIZUR/heat-watch-data/clean/Heat Watch Omaha, NE/traverses_chw_omaha_092022/am_trav.shp",14600,14600,temp_f,POINT (-95.98463214794508 41.2377249934933),79.63522602739727,79.6,0.617843867657539,77.4,81.4,4.0,79.3,80.0,0.7000000000000028,[79.5 79.5 78.6 ... 79.3 79.3 79.3],"       temp_f      rh    hi_f                    geometry
0        79.5 -9999.0 -9999.0  POINT (-95.97258 41.24516)
1        79.5 -9999.0 -9999.0  POINT (-95.97254 41.24516)
2        78.6 -9999.0 -9999.0  POINT (-95.96828 41.24521)
3        78.6 -9999.0 -9999.0  POINT (-95.96819 41.24521)
4        78.6 -9999.0 -9999.0  POINT (-95.96808 41.24521)
...       ...     ...     ...                         ...
14595    79.1    85.5    80.9  POINT (-96.01914 41.26184)
14596    79.1    85.5    80.9  POINT (-96.01914 41.26174)
14597    79.3    86.5    81.1  POINT (-96.01913 41.26164)
14598    79.3    86.5    81.1  POINT (-96.01913 41.26155)
14599    79.3    86.5    81.1  POINT (-96.01913 41.26146)

[14600 rows x 4 columns]"
178,"Omaha, NE",pm,pm_trav.shp,"/groups/LORTIZUR/heat-watch-data/clean/Heat Watch Omaha, NE/traverses_chw_omaha_092022/pm_trav.shp",15532,15532,temp_f,POINT (-95.99378857884805 41.245494936689774),97.9152652588205,97.9,1.4385818742271357,93.5,102.9,9.400000000000006,96.8,99.0,2.200000000000003,[96.  96.  95.1 ... 97.2 97.2 97. ],"       temp_f      rh    hi_f                    geometry
0        96.0 -9999.0 -9999.0  POINT (-95.95629 41.24522)
1        96.0 -9999.0 -9999.0   POINT (-95.9562 41.24522)
2        95.1 -9999.0 -9999.0  POINT (-95.95614 41.24523)
3        95.1 -9999.0 -9999.0   POINT (-95.9561 41.24523)
4        96.2 -9999.0 -9999.0   POINT (-95.95585 41.2433)
...       ...     ...     ...                         ...
15527    97.0 -9999.0 -9999.0  POINT (-95.92937 41.24774)
15528    97.0 -9999.0 -9999.0  POINT (-95.92937 41.24764)
15529    97.2 -9999.0 -9999.0  POINT (-95.92937 41.24753)
15530    97.2 -9999.0 -9999.0  POINT (-95.92937 41.24743)
15531    97.0 -9999.0 -9999.0  POINT (-95.92938 41.24732)

[15532 rows x 4 columns]"
179,"Palo Alto, CA",af,af_trav.shp,"/groups/LORTIZUR/heat-watch-data/clean/Heat Watch Palo Alto, CA/traverses_chw_palo_alto_090424/af_trav.shp",8998,8998,temp_f,POINT (-122.14769378440057 37.44213236387849),91.56999333185152,91.8,2.1103571423428256,83.6,97.5,13.900000000000006,90.3,93.2,2.9000000000000057,[88.2 89.2 88.8 ... 91.8 92.4 92.9],"      temp_f    rh  hi_f                     geometry
0       88.2  33.9  86.7  POINT (-122.14181 37.45555)
1       89.2  27.2  86.5   POINT (-122.11875 37.4503)
2       88.8  27.5  86.2  POINT (-122.11852 37.45047)
3       84.3  43.9  84.3  POINT (-122.10795 37.45708)
4       90.3  26.8  87.6  POINT (-122.12737 37.44839)
...      ...   ...   ...                          ...
8993    91.8  23.6  88.7  POINT (-122.16397 37.45451)
8994    91.8  23.5  88.7  POINT (-122.16379 37.45442)
8995    91.8  23.5  88.6  POINT (-122.16362 37.45433)
8996    92.4  23.2  89.2  POINT (-122.16344 37.45425)
8997    92.9  22.8  89.7  POINT (-122.16315 37.45439)

[8998 rows x 4 columns]"
180,"Palo Alto, CA",am,am_trav.shp,"/groups/LORTIZUR/heat-watch-data/clean/Heat Watch Palo Alto, CA/traverses_chw_palo_alto_090424/am_trav.shp",9044,9044,temp_f,POINT (-122.14764825100376 37.442731862330476),57.345765148164524,57.3,1.2878368066468975,53.1,62.3,9.199999999999996,56.4,58.2,1.8000000000000043,[55.9 57.9 58.3 ... 57.7 57.5 57.5],"      temp_f    rh  hi_f                     geometry
0       55.9  84.3  55.1  POINT (-122.13836 37.45165)
1       57.9  81.4  57.2  POINT (-122.12496 37.45701)
2       58.3  81.1  57.6  POINT (-122.10994 37.45483)
3       56.5  82.7  55.8  POINT (-122.11493 37.43204)
4       55.9  83.8  55.1  POINT (-122.12859 37.44858)
...      ...   ...   ...                          ...
9039    57.7  80.8  57.0  POINT (-122.16408 37.45453)
9040    57.8  80.5  57.1  POINT (-122.16389 37.45443)
9041    57.7  80.4  56.9  POINT (-122.16372 37.45435)
9042    57.5  80.6  56.7  POINT (-122.16356 37.45427)
9043    57.5  81.2  56.8  POINT (-122.16316 37.45432)

[9044 rows x 4 columns]"
181,"Palo Alto, CA",pm,pm_trav.shp,"/groups/LORTIZUR/heat-watch-data/clean/Heat Watch Palo Alto, CA/traverses_chw_palo_alto_090424/pm_trav.shp",9144,9144,temp_f,POINT (-122.14749258086633 37.44205800411011),82.04267279090114,82.1,3.3044517991013653,73.7,88.9,15.200000000000003,79.1,85.2,6.1000000000000085,[77.3 75.5 73.9 ... 84.8 84.8 84.2],"      temp_f    rh  hi_f                     geometry
0       77.3  44.3  76.8    POINT (-122.141 37.45602)
1       75.5  54.8  75.3   POINT (-122.11044 37.4539)
2       73.9  59.9  73.8  POINT (-122.10979 37.45557)
3       74.0  57.4  73.8  POINT (-122.10916 37.45616)
4       73.8  58.9  73.7  POINT (-122.10792 37.45761)
...      ...   ...   ...                          ...
9139    85.0  39.3  84.2  POINT (-122.16403 37.45451)
9140    85.0  39.3  84.2  POINT (-122.16387 37.45443)
9141    84.8  39.6  84.0  POINT (-122.16372 37.45436)
9142    84.8  39.8  84.1  POINT (-122.16353 37.45427)
9143    84.2  40.7  83.6  POINT (-122.16318 37.45434)

[9144 rows x 4 columns]"
182,"Petersburg, VA",af,af_trav.shp,"/groups/LORTIZUR/heat-watch-data/clean/Heat Watch Petersburg, VA/traverses_chw_petersburg_102921/af_trav.shp",7967,7742,temp_f,POINT (-77.39483153094159 37.20803420117454),91.57255489537587,91.54,1.026829451174443,88.82,94.31,5.490000000000009,90.91,92.24,1.3299999999999983,[93.39 93.39 93.03 ... 93.58 94.12 94.12],"                 datetime  temp_f    hi_f     rh  \
0     2021-07-15 15:00:01   93.39  105.11  55.44   
1     2021-07-15 15:00:02   93.39  105.11  55.44   
2     2021-07-15 15:00:03   93.03  103.54  54.44   
3     2021-07-15 15:00:04   93.03  103.54  54.44   
4     2021-07-15 15:00:05   93.03  103.54  54.45   
...                   ...     ...     ...    ...   
7962  2021-07-15 15:49:46   93.40   97.56  42.92   
7963  2021-07-15 15:49:48   93.58   97.89  42.93   
7964  2021-07-15 15:49:49   93.58   97.89  42.93   
7965  2021-07-15 15:49:56   94.12   98.38  41.94   
7966  2021-07-15 15:49:57   94.12   98.38  41.95   

                              file   kmph trav_id                    geometry  
0     1081_150721_184432.000_0.csv  26.38      af  POINT (-77.36568 37.23864)  
1     1081_150721_184432.000_0.csv  26.36      af  POINT (-77.36576 37.23863)  
2     1081_150721_184432.000_0.csv  26.44      af  POINT (-77.36584 37.23862)  
3     1081_150721_184432.000_0.csv  26.44      af  POINT (-77.36592 37.23861)  
4     1081_150721_184432.000_0.csv  26.46      af   POINT (-77.36601 37.2386)  
...                            ...    ...     ...                         ...  
7962       1096_150721_18572_0.csv   8.54      af  POINT (-77.40438 37.23336)  
7963       1096_150721_18572_0.csv   9.11      af  POINT (-77.40444 37.23334)  
7964       1096_150721_18572_0.csv   9.11      af  POINT (-77.40446 37.23334)  
7965       1096_150721_18572_0.csv  11.35      af  POINT (-77.40451 37.23317)  
7966       1096_150721_18572_0.csv  12.69      af  POINT (-77.40451 37.23314)  

[7967 rows x 8 columns]"
183,"Petersburg, VA",am,am_trav.shp,"/groups/LORTIZUR/heat-watch-data/clean/Heat Watch Petersburg, VA/traverses_chw_petersburg_102921/am_trav.shp",7446,7136,temp_f,POINT (-77.39586035374619 37.206062777478756),72.95240610986546,72.89,0.8218764236883107,70.91,75.08,4.170000000000002,72.45,73.43,0.980000000000004,[72.88 72.52 72.52 ... 74.61 74.79 74.79],"                 datetime  temp_f   hi_f     rh                          file  \
0     2021-07-15 06:01:37   72.88  74.21  92.34  1081_150721_100121.000_0.csv   
1     2021-07-15 06:01:38   72.52  73.81  92.34  1081_150721_100121.000_0.csv   
2     2021-07-15 06:01:39   72.52  73.81  92.34  1081_150721_100121.000_0.csv   
3     2021-07-15 06:01:40   72.34  73.61  92.34  1081_150721_100121.000_0.csv   
4     2021-07-15 06:01:41   72.34  73.61  92.34  1081_150721_100121.000_0.csv   
...                   ...     ...    ...    ...                           ...   
7441  2021-07-15 06:52:56   74.61  75.89  87.75  1096_150721_095303.000_0.csv   
7442  2021-07-15 06:52:57   74.61  75.84  86.75  1096_150721_095303.000_0.csv   
7443  2021-07-15 06:52:58   74.61  75.84  86.75  1096_150721_095303.000_0.csv   
7444  2021-07-15 06:52:59   74.79  76.04  86.75  1096_150721_095303.000_0.csv   
7445  2021-07-15 06:53:00   74.79  76.04  86.75  1096_150721_095303.000_0.csv   

       kmph trav_id                    geometry  
0     14.84      am   POINT (-77.36494 37.2386)  
1     18.65      am  POINT (-77.36499 37.23861)  
2     24.35      am   POINT (-77.36505 37.2386)  
3     26.61      am  POINT (-77.36514 37.23858)  
4     28.16      am  POINT (-77.36523 37.23855)  
...     ...     ...                         ...  
7441  22.74      am  POINT (-77.40347 37.23265)  
7442  18.18      am  POINT (-77.40341 37.23265)  
7443  18.18      am  POINT (-77.40336 37.23265)  
7444  12.55      am  POINT (-77.40331 37.23266)  
7445   9.22      am  POINT (-77.40328 37.23266)  

[7446 rows x 8 columns]"
184,"Petersburg, VA",pm,pm_trav.shp,"/groups/LORTIZUR/heat-watch-data/clean/Heat Watch Petersburg, VA/traverses_chw_petersburg_102921/pm_trav.shp",6959,6881,temp_f,POINT (-77.39730754523623 37.20513072882164),87.98254759482634,88.1,1.6687417512047011,83.59,92.03,8.439999999999998,86.87,89.0,2.1299999999999955,[91.41 91.23 91.23 ... 90.81 90.81 90.81],"                 datetime  temp_f   hi_f     rh                          file  \
0     2021-07-15 19:00:00   91.41  98.82  52.76  1081_150721_224953.000_0.csv   
1     2021-07-15 19:00:02   91.23  97.90  51.75  1081_150721_224953.000_0.csv   
2     2021-07-15 19:00:03   91.23  97.89  51.75  1081_150721_224953.000_0.csv   
3     2021-07-15 19:00:04   91.23  97.89  51.75  1081_150721_224953.000_0.csv   
4     2021-07-15 19:00:05   91.24  97.89  51.74  1081_150721_224953.000_0.csv   
...                   ...     ...    ...    ...                           ...   
6954  2021-07-15 19:49:19   90.81  95.52  48.71  1096_150721_225528.000_0.csv   
6955  2021-07-15 19:49:24   90.81  95.52  48.69  1096_150721_225528.000_0.csv   
6956  2021-07-15 19:49:25   90.81  95.52  48.68  1096_150721_225528.000_0.csv   
6957  2021-07-15 19:49:26   90.81  95.52  48.68  1096_150721_225528.000_0.csv   
6958  2021-07-15 19:49:27   90.81  95.52  48.68  1096_150721_225528.000_0.csv   

       kmph trav_id                    geometry  
0     27.94      pm  POINT (-77.40134 37.23283)  
1     19.01      pm  POINT (-77.40146 37.23284)  
2     16.05      pm  POINT (-77.40149 37.23287)  
3     11.62      pm  POINT (-77.40151 37.23292)  
4     19.33      pm  POINT (-77.40152 37.23298)  
...     ...     ...                         ...  
6954  10.62      pm  POINT (-77.40451 37.23325)  
6955  10.43      pm  POINT (-77.40453 37.23313)  
6956  11.90      pm   POINT (-77.40453 37.2331)  
6957   9.44      pm  POINT (-77.40452 37.23308)  
6958   9.44      pm  POINT (-77.40452 37.23306)  

[6959 rows x 8 columns]"
185,"Philadelphia, PA",af,af_trav.shp,"/groups/LORTIZUR/heat-watch-data/clean/Heat Watch Philadelphia, PA/traverses_chw_philadelphia_092122/af_trav.shp",10104,10104,temp_f,POINT (-75.16100744556609 39.988385610649125),89.66372723673791,89.8,1.7688056421969658,85.2,95.0,9.799999999999997,88.3,90.92500000000001,2.625000000000014,[90.5 91.2 90.9 ... 91.7 91.7 91.7],"       temp_f      rh    hi_f                    geometry
0        90.5 -9999.0 -9999.0  POINT (-75.15087 39.90988)
1        91.2 -9999.0 -9999.0  POINT (-75.15527 39.92123)
2        90.9 -9999.0 -9999.0  POINT (-75.15526 39.92129)
3        91.9 -9999.0 -9999.0  POINT (-75.15304 39.92239)
4        91.9 -9999.0 -9999.0  POINT (-75.15301 39.92246)
...       ...     ...     ...                         ...
10099    91.7    27.5    89.4   POINT (-75.0313 40.06632)
10100    91.7    27.5    89.4  POINT (-75.03123 40.06627)
10101    91.7    27.5    89.4  POINT (-75.03116 40.06623)
10102    91.7    27.5    89.4  POINT (-75.03107 40.06618)
10103    91.7    27.5    89.4  POINT (-75.03098 40.06612)

[10104 rows x 4 columns]"
186,"Philadelphia, PA",am,am_trav.shp,"/groups/LORTIZUR/heat-watch-data/clean/Heat Watch Philadelphia, PA/traverses_chw_philadelphia_092122/am_trav.shp",19910,19910,temp_f,POINT (-75.14609159743844 39.998281128411065),74.02526368658965,74.1,1.3297370118279341,70.5,77.2,6.700000000000003,73.1,74.8,1.7000000000000028,[76.  75.8 75.8 ... 74.7 74.7 74.7],"       temp_f      rh    hi_f                    geometry
0        76.0 -9999.0 -9999.0   POINT (-75.1668 39.91356)
1        75.8 -9999.0 -9999.0  POINT (-75.16668 39.91357)
2        75.8 -9999.0 -9999.0   POINT (-75.1666 39.91356)
3        75.8 -9999.0 -9999.0  POINT (-75.16584 39.91342)
4        75.8 -9999.0 -9999.0  POINT (-75.16564 39.91338)
...       ...     ...     ...                         ...
19905    74.9    78.2    76.2  POINT (-75.22996 39.95438)
19906    74.7    78.2    76.0  POINT (-75.22994 39.95447)
19907    74.7    78.2    76.0  POINT (-75.22992 39.95456)
19908    74.7    78.2    76.0   POINT (-75.2299 39.95464)
19909    74.7    78.2    76.0  POINT (-75.22988 39.95472)

[19910 rows x 4 columns]"
187,"Philadelphia, PA",pm,pm_trav.shp,"/groups/LORTIZUR/heat-watch-data/clean/Heat Watch Philadelphia, PA/traverses_chw_philadelphia_092122/pm_trav.shp",8558,8558,temp_f,POINT (-75.13402598971744 40.0087010062709),87.47196774947417,87.6,1.598562287244358,81.2,91.7,10.5,86.625,88.4,1.7750000000000057,[89.7 89.7 89.8 ... 88.8 88.8 88.8],"      temp_f      rh    hi_f                    geometry
0       89.7 -9999.0 -9999.0  POINT (-75.19236 39.95282)
1       89.7 -9999.0 -9999.0  POINT (-75.19244 39.95282)
2       89.8 -9999.0 -9999.0   POINT (-75.20204 39.9539)
3       89.8 -9999.0 -9999.0   POINT (-75.20216 39.9539)
4       89.8 -9999.0 -9999.0    POINT (-75.2022 39.9539)
...      ...     ...     ...                         ...
8553    88.8    28.5    85.8   POINT (-75.0562 40.02379)
8554    88.8    28.5    85.8  POINT (-75.05622 40.02377)
8555    88.8    28.5    85.8  POINT (-75.05624 40.02376)
8556    88.8    28.5    85.8  POINT (-75.05628 40.02374)
8557    88.8    28.5    85.8   POINT (-75.0563 40.02373)

[8558 rows x 4 columns]"
188,"Pierce County, WA",af,af_trav.shp,"/groups/LORTIZUR/heat-watch-data/clean/Heat Watch Pierce County, WA/traverses_chw_pierce_county_082724/af_trav.shp",40752,40752,temp_f,POINT (-122.3615108548956 47.17246377406371),82.62569199057715,82.9,1.9263643160007344,74.6,88.8,14.200000000000003,81.5,84.0,2.5,[84.5 83.4 81.5 ... 81.9 82.2 81.4],"       temp_f    rh  hi_f                     geometry
0        84.5  36.6  83.3   POINT (-122.3255 47.17656)
1        83.4  38.4  82.4  POINT (-122.30429 47.16218)
2        81.5  41.0  81.1  POINT (-122.29933 47.16171)
3        84.7  38.0  83.7  POINT (-122.28409 47.15496)
4        83.8  36.7  82.7  POINT (-122.29267 47.14751)
...       ...   ...   ...                          ...
40747    82.5  35.2  81.4  POINT (-122.18387 47.17552)
40748    82.0  35.7  81.0  POINT (-122.18396 47.17565)
40749    81.9  35.9  80.9  POINT (-122.18399 47.17579)
40750    82.2  35.9  81.2  POINT (-122.18399 47.17592)
40751    81.4  36.4  80.6  POINT (-122.18508 47.17613)

[40752 rows x 4 columns]"
189,"Pierce County, WA",am,am_trav.shp,"/groups/LORTIZUR/heat-watch-data/clean/Heat Watch Pierce County, WA/traverses_chw_pierce_county_082724/am_trav.shp",42489,42489,temp_f,POINT (-122.36036376097358 47.173443098827185),58.028049612840974,57.9,1.1598154758178871,52.0,62.1,10.100000000000001,57.2,58.7,1.5,[57.1 59.  58.5 ... 58.4 58.4 58.7],"       temp_f    rh  hi_f                     geometry
0        57.1  87.5  56.6   POINT (-122.32717 47.1897)
1        59.0  84.4  58.6  POINT (-122.27987 47.16965)
2        58.5  85.5  58.0  POINT (-122.30379 47.14941)
3        56.8  87.1  56.3  POINT (-122.32711 47.18861)
4        56.8  86.8  56.3  POINT (-122.32711 47.18889)
...       ...   ...   ...                          ...
42484    58.5  86.0  58.1  POINT (-122.18382 47.17547)
42485    58.4  86.3  58.0  POINT (-122.18394 47.17564)
42486    58.4  86.1  58.0   POINT (-122.18396 47.1758)
42487    58.4  86.2  58.0  POINT (-122.18397 47.17592)
42488    58.7  85.7  58.3   POINT (-122.1849 47.17614)

[42489 rows x 4 columns]"
190,"Pierce County, WA",pm,pm_trav.shp,"/groups/LORTIZUR/heat-watch-data/clean/Heat Watch Pierce County, WA/traverses_chw_pierce_county_082724/pm_trav.shp",40450,40450,temp_f,POINT (-122.36192462568555 47.17295937619513),80.30842768850432,80.4,1.9431567158297187,73.1,85.6,12.5,78.9,81.7,2.799999999999997,[81.6 80.9 80.6 ... 81.3 81.3 81.7],"       temp_f    rh  hi_f                     geometry
0        81.6  39.7  81.1   POINT (-122.2995 47.16178)
1        80.9  42.0  80.7  POINT (-122.25156 47.14579)
2        80.6  39.9  80.3   POINT (-122.3254 47.17657)
3        80.4  41.6  80.3  POINT (-122.31474 47.16218)
4        82.2  39.5  81.5  POINT (-122.29293 47.16188)
...       ...   ...   ...                          ...
40445    81.6  42.7  81.4   POINT (-122.1839 47.17555)
40446    81.5  43.0  81.4  POINT (-122.18398 47.17567)
40447    81.3  43.1  81.2    POINT (-122.184 47.17578)
40448    81.3  43.1  81.2  POINT (-122.18399 47.17591)
40449    81.7  43.1  81.5  POINT (-122.18511 47.17614)

[40450 rows x 4 columns]"
191,"Raleigh and Durham, NC",af,af_trav.shp,"/groups/LORTIZUR/heat-watch-data/clean/Heat Watch Raleigh and Durham, NC/traverses_chw_raleigh_durham_110821/af_trav.shp",28654,28654,temp_f,POINT (-78.73978616233983 35.880587274795595),84.16687722482028,84.33,1.44504527427396,80.11,88.75,8.64,83.29,85.13,1.8399999999999892,[84.91 84.73 84.73 ... 82.3  82.3  82.48],"                  datetime  temp_f   hi_f     rh  \
0      2021-07-23 15:01:45   84.91  85.19  44.96   
1      2021-07-23 15:01:46   84.73  84.97  44.96   
2      2021-07-23 15:01:47   84.73  84.97  44.96   
3      2021-07-23 15:01:48   84.91  85.19  44.96   
4      2021-07-23 15:01:49   84.91  85.19  44.96   
...                    ...     ...    ...    ...   
28649  2021-07-23 15:24:03   82.84  84.34  53.48   
28650  2021-07-23 15:24:04   82.84  84.34  53.48   
28651  2021-07-23 15:24:05   82.30  83.50  52.48   
28652  2021-07-23 15:24:06   82.30  83.50  52.48   
28653  2021-07-23 15:24:07   82.48  83.71  52.48   

                                    file   kmph trav_id  \
0           1006_230721_185750.000_0.csv   8.90      af   
1           1006_230721_185750.000_0.csv  11.71      af   
2           1006_230721_185750.000_0.csv  12.99      af   
3           1006_230721_185750.000_0.csv  12.99      af   
4           1006_230721_185750.000_0.csv  16.91      af   
...                                  ...    ...     ...   
28649  CAPA1035B_230721_190157.000_0.csv  19.45      af   
28650  CAPA1035B_230721_190157.000_0.csv  16.24      af   
28651  CAPA1035B_230721_190157.000_0.csv  16.24      af   
28652  CAPA1035B_230721_190157.000_0.csv  13.40      af   
28653  CAPA1035B_230721_190157.000_0.csv  10.69      af   

                         geometry  
0      POINT (-78.58884 35.87398)  
1      POINT (-78.58881 35.87397)  
2      POINT (-78.58878 35.87398)  
3        POINT (-78.58875 35.874)  
4      POINT (-78.58875 35.87404)  
...                           ...  
28649  POINT (-78.68842 35.79453)  
28650  POINT (-78.68847 35.79456)  
28651  POINT (-78.68851 35.79459)  
28652  POINT (-78.68854 35.79461)  
28653  POINT (-78.68858 35.79464)  

[28654 rows x 8 columns]"
192,"Raleigh and Durham, NC",am,am_trav.shp,"/groups/LORTIZUR/heat-watch-data/clean/Heat Watch Raleigh and Durham, NC/traverses_chw_raleigh_durham_110821/am_trav.shp",35202,35202,temp_f,POINT (-78.73139912666488 35.862307906571566),67.82275183228226,67.7,1.256832936572323,64.38,71.87,7.490000000000009,66.96,68.57,1.6099999999999994,[67.5  67.86 67.86 ... 66.89 66.89 66.89],"                  datetime  temp_f   hi_f     rh  \
0      2021-07-23 06:04:47   67.50  68.06  87.55   
1      2021-07-23 06:04:48   67.86  68.46  87.55   
2      2021-07-23 06:04:49   67.86  68.46  87.55   
3      2021-07-23 06:04:50   67.50  68.06  87.55   
4      2021-07-23 06:04:51   67.50  68.06  87.55   
...                    ...     ...    ...    ...   
35197  2021-07-23 06:50:44   66.71  67.16  86.69   
35198  2021-07-23 06:50:45   66.71  67.16  86.69   
35199  2021-07-23 06:50:51   66.89  67.35  86.69   
35200  2021-07-23 06:50:52   66.89  67.35  86.69   
35201  2021-07-23 06:50:53   66.89  67.35  86.69   

                                    file   kmph trav_id  \
0           1006_230721_100102.000_0.csv  18.95      am   
1           1006_230721_100102.000_0.csv  20.59      am   
2           1006_230721_100102.000_0.csv  22.49      am   
3           1006_230721_100102.000_0.csv  23.82      am   
4           1006_230721_100102.000_0.csv  23.82      am   
...                                  ...    ...     ...   
35197  CAPA1035B_230721_100359.000_0.csv   8.86      am   
35198  CAPA1035B_230721_100359.000_0.csv   8.86      am   
35199  CAPA1035B_230721_100359.000_0.csv   9.23      am   
35200  CAPA1035B_230721_100359.000_0.csv   8.80      am   
35201  CAPA1035B_230721_100359.000_0.csv   8.36      am   

                         geometry  
0      POINT (-78.63078 35.81482)  
1      POINT (-78.63072 35.81482)  
2      POINT (-78.63066 35.81481)  
3       POINT (-78.63058 35.8148)  
4      POINT (-78.63051 35.81478)  
...                           ...  
35197  POINT (-78.70345 35.80798)  
35198  POINT (-78.70346 35.80796)  
35199  POINT (-78.70359 35.80794)  
35200  POINT (-78.70362 35.80795)  
35201  POINT (-78.70364 35.80795)  

[35202 rows x 8 columns]"
193,"Raleigh and Durham, NC",pm,pm_trav.shp,"/groups/LORTIZUR/heat-watch-data/clean/Heat Watch Raleigh and Durham, NC/traverses_chw_raleigh_durham_110821/pm_trav.shp",35419,35419,temp_f,POINT (-78.73427326111891 35.870162226911376),81.07071374121234,81.32,1.6894500372950938,75.91,86.29,10.38000000000001,79.99,82.3,2.3100000000000023,[83.68 83.68 83.68 ... 80.4  80.22 79.14],"                  datetime  temp_f   hi_f     rh  \
0      2021-07-23 19:00:00   83.68  85.13  51.94   
1      2021-07-23 19:00:01   83.68  85.13  51.94   
2      2021-07-23 19:00:02   83.68  85.13  51.94   
3      2021-07-23 19:00:03   83.68  85.13  51.94   
4      2021-07-23 19:00:04   83.68  85.13  51.94   
...                    ...     ...    ...    ...   
35414  2021-07-23 19:49:15   79.68  80.25  61.71   
35415  2021-07-23 19:49:16   80.40  82.51  61.71   
35416  2021-07-23 19:49:17   80.40  82.51  61.70   
35417  2021-07-23 19:49:18   80.22  82.39  62.70   
35418  2021-07-23 19:49:22   79.14  79.75  63.69   

                                    file   kmph trav_id  \
0           1006_230721_225132.000_0.csv  19.24      pm   
1           1006_230721_225132.000_0.csv  26.87      pm   
2           1006_230721_225132.000_0.csv  30.27      pm   
3           1006_230721_225132.000_0.csv  32.32      pm   
4           1006_230721_225132.000_0.csv  33.93      pm   
...                                  ...    ...     ...   
35414  CAPA1035B_230721_225233.000_0.csv  25.58      pm   
35415  CAPA1035B_230721_225233.000_0.csv  24.55      pm   
35416  CAPA1035B_230721_225233.000_0.csv  24.62      pm   
35417  CAPA1035B_230721_225233.000_0.csv  23.52      pm   
35418  CAPA1035B_230721_225233.000_0.csv  21.02      pm   

                         geometry  
0      POINT (-78.58891 35.87446)  
1      POINT (-78.58886 35.87452)  
2       POINT (-78.5888 35.87458)  
3      POINT (-78.58873 35.87465)  
4      POINT (-78.58867 35.87472)  
...                           ...  
35414   POINT (-78.6838 35.78852)  
35415  POINT (-78.68373 35.78848)  
35416  POINT (-78.68367 35.78844)  
35417   POINT (-78.68361 35.7884)  
35418   POINT (-78.6834 35.78828)  

[35419 rows x 8 columns]"
194,Rhode Island,af,af_trav.shp,/groups/LORTIZUR/heat-watch-data/clean/Heat Watch Rhode Island/traverses_chw_ri_100620/af_trav.shp,15153,15153,temp_f,POINT (-71.3887593308432 41.82990576004322),88.12036032468816,87.98,2.21166489335897,82.04,94.64,12.599999999999994,86.54,89.42,2.8799999999999955,[88.52 88.52 88.52 ... 90.86 90.86 90.86],"       hasFix stlltsU    date    time altitud  course  spdKmhr  spdKnts  \
0           1       9  290720  190000    36.1  117.07    21.37    11.53   
1           1       9  290720  190001    35.6  103.54    24.25    13.08   
2           1       9  290720  190002    35.1   95.69    26.97    14.55   
3           1       9  290720  190003    34.4   95.69    26.97    14.55   
4           1       9  290720  190004    33.8   91.16    30.66    16.55   
...       ...     ...     ...     ...     ...     ...      ...      ...   
15148       1       8  290720  195954       7   11.64    17.15     9.25   
15149       1       8  290720  195955     6.8   10.95    21.37    11.53   
15150       1       7  290720  195956     6.6    9.84    22.68    12.24   
15151       1       8  290720  195957     6.6    9.71    21.34    11.52   
15152       1       9  290720  195959     7.3     9.5    19.42    10.48   

      RMCMode RMCStts  ...                              file     dat_cln  \
0           D       A  ...  CAPA1061_290720_184855.087_0.csv  2020-07-29   
1           D       A  ...  CAPA1061_290720_184855.087_0.csv  2020-07-29   
2           D       A  ...  CAPA1061_290720_184855.087_0.csv  2020-07-29   
3           D       A  ...  CAPA1061_290720_184855.087_0.csv  2020-07-29   
4           D       A  ...  CAPA1061_290720_184855.087_0.csv  2020-07-29   
...       ...     ...  ...                               ...         ...   
15148       D       A  ...  CAPA1085_290720_185401.090_0.csv  2020-07-29   
15149       D       A  ...  CAPA1085_290720_185401.090_0.csv  2020-07-29   
15150       D       A  ...  CAPA1085_290720_185401.090_0.csv  2020-07-29   
15151       D       A  ...  CAPA1085_290720_185401.090_0.csv  2020-07-29   
15152       D       A  ...  CAPA1085_290720_185401.090_0.csv  2020-07-29   

                   dttm_tc              dttm_lc                tz     date_lc  \
0      2020-07-29 19:00:00  2020-07-29 15:00:00  America/New_York  2020-07-29   
1      2020-07-29 19:00:01  2020-07-29 15:00:01  America/New_York  2020-07-29   
2      2020-07-29 19:00:02  2020-07-29 15:00:02  America/New_York  2020-07-29   
3      2020-07-29 19:00:03  2020-07-29 15:00:03  America/New_York  2020-07-29   
4      2020-07-29 19:00:04  2020-07-29 15:00:04  America/New_York  2020-07-29   
...                    ...                  ...               ...         ...   
15148  2020-07-29 19:59:54  2020-07-29 15:59:54  America/New_York  2020-07-29   
15149  2020-07-29 19:59:55  2020-07-29 15:59:55  America/New_York  2020-07-29   
15150  2020-07-29 19:59:56  2020-07-29 15:59:56  America/New_York  2020-07-29   
15151  2020-07-29 19:59:57  2020-07-29 15:59:57  America/New_York  2020-07-29   
15152  2020-07-29 19:59:59  2020-07-29 15:59:59  America/New_York  2020-07-29   

                   strt_tm              end_tim  trav_id  \
0      2020-07-29 15:00:00  2020-07-29 16:00:00       af   
1      2020-07-29 15:00:00  2020-07-29 16:00:00       af   
2      2020-07-29 15:00:00  2020-07-29 16:00:00       af   
3      2020-07-29 15:00:00  2020-07-29 16:00:00       af   
4      2020-07-29 15:00:00  2020-07-29 16:00:00       af   
...                    ...                  ...      ...   
15148  2020-07-29 15:00:00  2020-07-29 16:00:00       af   
15149  2020-07-29 15:00:00  2020-07-29 16:00:00       af   
15150  2020-07-29 15:00:00  2020-07-29 16:00:00       af   
15151  2020-07-29 15:00:00  2020-07-29 16:00:00       af   
15152  2020-07-29 15:00:00  2020-07-29 16:00:00       af   

                         geometry  
0      POINT (-71.35352 41.86282)  
1       POINT (-71.35344 41.8628)  
2      POINT (-71.35336 41.86279)  
3      POINT (-71.35326 41.86278)  
4      POINT (-71.35315 41.86278)  
...                           ...  
15148  POINT (-71.41336 41.84553)  
15149  POINT (-71.41335 41.84558)  
15150  POINT (-71.41334 41.84564)  
15151  POINT (-71.41332 41.84569)  
15152  POINT (-71.41329 41.84579)  

[15153 rows x 29 columns]"
195,Rhode Island,am,am_trav.shp,/groups/LORTIZUR/heat-watch-data/clean/Heat Watch Rhode Island/traverses_chw_ri_100620/am_trav.shp,14999,14999,temp_f,POINT (-71.38798294161498 41.828454018444425),71.69862257483832,71.78,2.0759821457849097,65.48,76.46000000000001,10.980000000000004,70.52,73.4,2.8800000000000097,[71.24 71.24 71.24 ... 73.94 73.94 73.94],"       hasFix stlltsU    date    time altitud  course  spdKmhr  spdKnts  \
0           1      10  290720  100001      29  267.16    36.18    19.53   
1           1      10  290720  100002      29  267.82    34.89    18.83   
2           1      10  290720  100003    28.8   267.9    33.17    17.90   
3           1      10  290720  100004    28.8   267.9    33.17    17.90   
4           1      10  290720  100005    28.9  269.16    33.23    17.93   
...       ...     ...     ...     ...     ...     ...      ...      ...   
14994       1      10  290720  105918    22.6   10.54    33.65    18.16   
14995       1      10  290720  105919    22.6   10.54    33.65    18.16   
14996       1      10  290720  105920    22.3   12.77    22.58    12.18   
14997       1      10  290720  105921    21.9   11.23    16.43     8.86   
14998       1      10  290720  105922    21.6    7.52     9.89     5.34   

      RMCMode RMCStts  ...                              file     dat_cln  \
0           D       A  ...  CAPA1061_290720_095119.093_0.csv  2020-07-29   
1           D       A  ...  CAPA1061_290720_095119.093_0.csv  2020-07-29   
2           D       A  ...  CAPA1061_290720_095119.093_0.csv  2020-07-29   
3           D       A  ...  CAPA1061_290720_095119.093_0.csv  2020-07-29   
4           D       A  ...  CAPA1061_290720_095119.093_0.csv  2020-07-29   
...       ...     ...  ...                               ...         ...   
14994       D       A  ...  CAPA1085_290720_094701.300_0.csv  2020-07-29   
14995       D       A  ...  CAPA1085_290720_094701.300_0.csv  2020-07-29   
14996       D       A  ...  CAPA1085_290720_094701.300_0.csv  2020-07-29   
14997       D       A  ...  CAPA1085_290720_094701.300_0.csv  2020-07-29   
14998       D       A  ...  CAPA1085_290720_094701.300_0.csv  2020-07-29   

                   dttm_tc              dttm_lc                tz     date_lc  \
0      2020-07-29 10:00:01  2020-07-29 06:00:01  America/New_York  2020-07-29   
1      2020-07-29 10:00:02  2020-07-29 06:00:02  America/New_York  2020-07-29   
2      2020-07-29 10:00:03  2020-07-29 06:00:03  America/New_York  2020-07-29   
3      2020-07-29 10:00:04  2020-07-29 06:00:04  America/New_York  2020-07-29   
4      2020-07-29 10:00:05  2020-07-29 06:00:05  America/New_York  2020-07-29   
...                    ...                  ...               ...         ...   
14994  2020-07-29 10:59:18  2020-07-29 06:59:18  America/New_York  2020-07-29   
14995  2020-07-29 10:59:19  2020-07-29 06:59:19  America/New_York  2020-07-29   
14996  2020-07-29 10:59:20  2020-07-29 06:59:20  America/New_York  2020-07-29   
14997  2020-07-29 10:59:21  2020-07-29 06:59:21  America/New_York  2020-07-29   
14998  2020-07-29 10:59:22  2020-07-29 06:59:22  America/New_York  2020-07-29   

                   strt_tm              end_tim  trav_id  \
0      2020-07-29 06:00:00  2020-07-29 07:00:00       am   
1      2020-07-29 06:00:00  2020-07-29 07:00:00       am   
2      2020-07-29 06:00:00  2020-07-29 07:00:00       am   
3      2020-07-29 06:00:00  2020-07-29 07:00:00       am   
4      2020-07-29 06:00:00  2020-07-29 07:00:00       am   
...                    ...                  ...      ...   
14994  2020-07-29 06:00:00  2020-07-29 07:00:00       am   
14995  2020-07-29 06:00:00  2020-07-29 07:00:00       am   
14996  2020-07-29 06:00:00  2020-07-29 07:00:00       am   
14997  2020-07-29 06:00:00  2020-07-29 07:00:00       am   
14998  2020-07-29 06:00:00  2020-07-29 07:00:00       am   

                         geometry  
0      POINT (-71.35521 41.86094)  
1      POINT (-71.35533 41.86094)  
2      POINT (-71.35544 41.86094)  
3      POINT (-71.35556 41.86094)  
4      POINT (-71.35567 41.86094)  
...                           ...  
14994  POINT (-71.41312 41.85127)  
14995   POINT (-71.4131 41.85135)  
14996  POINT (-71.41308 41.85141)  
14997  POINT (-71.41307 41.85146)  
14998  POINT (-71.41306 41.85149)  

[14999 rows x 29 columns]"
196,Rhode Island,pm,pm_trav.shp,/groups/LORTIZUR/heat-watch-data/clean/Heat Watch Rhode Island/traverses_chw_ri_100620/pm_trav.shp,15603,15603,temp_f,POINT (-71.39027231063866 41.830478614335625),82.17973851182465,82.4,2.126123198386125,77.36,88.88,11.519999999999996,80.78,83.84,3.0600000000000023,[84.2  84.2  84.2  ... 82.58 82.58 82.58],"       hasFix stlltsU    date    time altitud  course  spdKmhr  spdKnts  \
0           1       5  290720  230035    29.5  102.61    30.75    16.59   
1           1       5  290720  230036    29.6   99.44    30.18    16.29   
2           1       5  290720  230037    29.7  100.39    27.41    14.79   
3           1       5  290720  230039    29.9  118.51    16.36     8.83   
4           1       5  290720  230040    29.9  130.81    14.92     8.05   
...       ...     ...     ...     ...     ...     ...      ...      ...   
15598       1       8  290720  235737    28.4  352.49    17.39     9.39   
15599       1       8  290720  235738    28.2   355.5    16.46     8.88   
15600       1       8  290720  235739      28  355.43    14.12     7.62   
15601       1       8  290720  235740    27.5  353.25    10.90     5.88   
15602       1       8  290720  235741    27.1  353.25    10.90     5.88   

      RMCMode RMCStts  ...                              file     dat_cln  \
0           A       A  ...  CAPA1061_290720_225924.309_0.csv  2020-07-29   
1           A       A  ...  CAPA1061_290720_225924.309_0.csv  2020-07-29   
2           A       A  ...  CAPA1061_290720_225924.309_0.csv  2020-07-29   
3           A       A  ...  CAPA1061_290720_225924.309_0.csv  2020-07-29   
4           A       A  ...  CAPA1061_290720_225924.309_0.csv  2020-07-29   
...       ...     ...  ...                               ...         ...   
15598       D       A  ...  CAPA1085_290720_225630.211_0.csv  2020-07-29   
15599       D       A  ...  CAPA1085_290720_225630.211_0.csv  2020-07-29   
15600       D       A  ...  CAPA1085_290720_225630.211_0.csv  2020-07-29   
15601       D       A  ...  CAPA1085_290720_225630.211_0.csv  2020-07-29   
15602       D       A  ...  CAPA1085_290720_225630.211_0.csv  2020-07-29   

                   dttm_tc              dttm_lc                tz     date_lc  \
0      2020-07-29 23:00:35  2020-07-29 19:00:35  America/New_York  2020-07-29   
1      2020-07-29 23:00:36  2020-07-29 19:00:36  America/New_York  2020-07-29   
2      2020-07-29 23:00:37  2020-07-29 19:00:37  America/New_York  2020-07-29   
3      2020-07-29 23:00:39  2020-07-29 19:00:39  America/New_York  2020-07-29   
4      2020-07-29 23:00:40  2020-07-29 19:00:40  America/New_York  2020-07-29   
...                    ...                  ...               ...         ...   
15598  2020-07-29 23:57:37  2020-07-29 19:57:37  America/New_York  2020-07-29   
15599  2020-07-29 23:57:38  2020-07-29 19:57:38  America/New_York  2020-07-29   
15600  2020-07-29 23:57:39  2020-07-29 19:57:39  America/New_York  2020-07-29   
15601  2020-07-29 23:57:40  2020-07-29 19:57:40  America/New_York  2020-07-29   
15602  2020-07-29 23:57:41  2020-07-29 19:57:41  America/New_York  2020-07-29   

                   strt_tm              end_tim  trav_id  \
0      2020-07-29 19:00:00  2020-07-29 20:00:00       pm   
1      2020-07-29 19:00:00  2020-07-29 20:00:00       pm   
2      2020-07-29 19:00:00  2020-07-29 20:00:00       pm   
3      2020-07-29 19:00:00  2020-07-29 20:00:00       pm   
4      2020-07-29 19:00:00  2020-07-29 20:00:00       pm   
...                    ...                  ...      ...   
15598  2020-07-29 19:00:00  2020-07-29 20:00:00       pm   
15599  2020-07-29 19:00:00  2020-07-29 20:00:00       pm   
15600  2020-07-29 19:00:00  2020-07-29 20:00:00       pm   
15601  2020-07-29 19:00:00  2020-07-29 20:00:00       pm   
15602  2020-07-29 19:00:00  2020-07-29 20:00:00       pm   

                         geometry  
0      POINT (-71.35386 41.86618)  
1      POINT (-71.35376 41.86617)  
2      POINT (-71.35367 41.86616)  
3      POINT (-71.35353 41.86613)  
4      POINT (-71.35349 41.86611)  
...                           ...  
15598  POINT (-71.41051 41.86839)  
15599  POINT (-71.41051 41.86843)  
15600  POINT (-71.41051 41.86847)  
15601   POINT (-71.41052 41.8685)  
15602  POINT (-71.41052 41.86852)  

[15603 rows x 29 columns]"
197,"Richmond, IN",af,af_trav.shp,"/groups/LORTIZUR/heat-watch-data/clean/Heat Watch Richmond, IN/traverses_chw_richmond_in_111521/af_trav.shp",10615,10615,temp_f,POINT (-84.89054212705243 39.833585850063216),88.63254922279793,88.67,1.069598205869897,85.29,91.78,6.489999999999995,87.97,89.37,1.4000000000000057,[89.   88.64 88.64 ... 85.51 85.69 85.69],"                  datetime  temp_f   hi_f    rh  \
0      2021-08-23 15:00:00   89.00  94.72  53.8   
1      2021-08-23 15:00:01   88.64  94.01  53.8   
2      2021-08-23 15:00:02   88.64  94.01  53.8   
3      2021-08-23 15:00:03   88.46  93.67  53.8   
4      2021-08-23 15:00:04   88.46  93.67  53.8   
...                    ...     ...    ...   ...   
10610  2021-08-23 15:36:57   85.51  90.70  62.0   
10611  2021-08-23 15:36:58   85.51  91.40  64.0   
10612  2021-08-23 15:37:00   85.51  91.40  64.0   
10613  2021-08-23 15:37:03   85.69  92.52  66.0   
10614  2021-08-23 15:37:04   85.69  92.52  66.0   

                                   file   kmph trav_id  \
0          1040_230821_185235.000_0.csv  29.45      af   
1          1040_230821_185235.000_0.csv  29.45      af   
2          1040_230821_185235.000_0.csv  27.03      af   
3          1040_230821_185235.000_0.csv  15.99      af   
4          1040_230821_185235.000_0.csv   9.33      af   
...                                 ...    ...     ...   
10610  CAPA1022B_050180_184730.22_0.csv  16.45      af   
10611  CAPA1022B_050180_184730.22_0.csv  16.40      af   
10612  CAPA1022B_050180_184730.22_0.csv  16.48      af   
10613  CAPA1022B_050180_184730.22_0.csv  16.02      af   
10614  CAPA1022B_050180_184730.22_0.csv  16.34      af   

                         geometry  
0      POINT (-84.88511 39.83153)  
1      POINT (-84.88502 39.83153)  
2      POINT (-84.88494 39.83154)  
3      POINT (-84.88489 39.83154)  
4      POINT (-84.88485 39.83154)  
...                           ...  
10610  POINT (-84.90518 39.85816)  
10611  POINT (-84.90522 39.85819)  
10612   POINT (-84.9053 39.85825)  
10613  POINT (-84.90542 39.85833)  
10614  POINT (-84.90546 39.85836)  

[10615 rows x 8 columns]"
198,"Richmond, IN",am,am_trav.shp,"/groups/LORTIZUR/heat-watch-data/clean/Heat Watch Richmond, IN/traverses_chw_richmond_in_111521/am_trav.shp",12581,12581,temp_f,POINT (-84.89097218113479 39.83374294721486),68.43808123360623,68.24,1.52315126260548,64.7,72.7,8.0,67.29,69.53,2.239999999999995,[70.57 70.57 70.57 ... 65.9  65.9  65.9 ],"                  datetime  temp_f   hi_f    rh  \
0      2021-08-23 06:00:34   70.57  71.99  96.2   
1      2021-08-23 06:00:35   70.57  71.99  96.2   
2      2021-08-23 06:00:36   70.57  71.99  96.2   
3      2021-08-23 06:00:37   70.21  71.55  95.2   
4      2021-08-23 06:00:38   70.22  71.55  95.2   
...                    ...     ...    ...   ...   
12576  2021-08-23 06:47:26   66.08  66.42  88.0   
12577  2021-08-23 06:47:27   66.08  66.42  88.0   
12578  2021-08-23 06:47:28   65.90  66.22  88.0   
12579  2021-08-23 06:47:29   65.90  66.22  88.0   
12580  2021-08-23 06:47:30   65.90  66.22  88.0   

                                    file   kmph trav_id  \
0           1040_230821_095052.000_0.csv  13.50      am   
1           1040_230821_095052.000_0.csv  17.12      am   
2           1040_230821_095052.000_0.csv  20.34      am   
3           1040_230821_095052.000_0.csv  20.29      am   
4           1040_230821_095052.000_0.csv  22.29      am   
...                                  ...    ...     ...   
12576  CAPA1022B_230821_094600.300_0.csv  12.10      am   
12577  CAPA1022B_230821_094600.300_0.csv  12.10      am   
12578  CAPA1022B_230821_094600.300_0.csv  12.10      am   
12579  CAPA1022B_230821_094600.300_0.csv  12.27      am   
12580  CAPA1022B_230821_094600.300_0.csv  11.24      am   

                         geometry  
0      POINT (-84.90345 39.84069)  
1      POINT (-84.90339 39.84068)  
2      POINT (-84.90332 39.84067)  
3      POINT (-84.90326 39.84066)  
4      POINT (-84.90318 39.84065)  
...                           ...  
12576  POINT (-84.91257 39.86927)  
12577   POINT (-84.91256 39.8693)  
12578  POINT (-84.91255 39.86933)  
12579  POINT (-84.91255 39.86936)  
12580  POINT (-84.91254 39.86938)  

[12581 rows x 8 columns]"
199,"Richmond, IN",pm,pm_trav.shp,"/groups/LORTIZUR/heat-watch-data/clean/Heat Watch Richmond, IN/traverses_chw_richmond_in_111521/pm_trav.shp",12258,12258,temp_f,POINT (-84.89217772697505 39.83446157912697),83.6910988742046,84.19,2.605906701859499,76.78,89.31,12.530000000000001,81.92,85.55,3.6299999999999955,[84.38 84.38 84.38 ... 78.64 78.64 78.64],"                  datetime  temp_f   hi_f    rh  \
0      2021-08-23 19:00:23   84.38  91.12  67.2   
1      2021-08-23 19:00:24   84.38  91.47  68.2   
2      2021-08-23 19:00:25   84.38  91.47  68.2   
3      2021-08-23 19:00:26   84.20  91.08  68.2   
4      2021-08-23 19:00:27   84.20  91.08  68.2   
...                    ...     ...    ...   ...   
12253  2021-08-23 19:53:16   78.64  79.98  90.0   
12254  2021-08-23 19:53:17   78.64  79.98  90.0   
12255  2021-08-23 19:53:18   78.64  79.98  90.0   
12256  2021-08-23 19:53:19   78.64  79.98  90.0   
12257  2021-08-23 19:53:20   78.64  79.98  90.0   

                                    file   kmph trav_id  \
0           1040_230821_225303.000_0.csv  18.13      pm   
1           1040_230821_225303.000_0.csv  21.16      pm   
2           1040_230821_225303.000_0.csv  21.16      pm   
3           1040_230821_225303.000_0.csv  24.08      pm   
4           1040_230821_225303.000_0.csv  25.30      pm   
...                                  ...    ...     ...   
12253  CAPA1022B_230821_225928.000_0.csv   8.15      pm   
12254  CAPA1022B_230821_225928.000_0.csv   8.28      pm   
12255  CAPA1022B_230821_225928.000_0.csv   8.71      pm   
12256  CAPA1022B_230821_225928.000_0.csv   8.71      pm   
12257  CAPA1022B_230821_225928.000_0.csv   9.07      pm   

                         geometry  
0       POINT (-84.9035 39.84068)  
1      POINT (-84.90343 39.84068)  
2      POINT (-84.90336 39.84068)  
3      POINT (-84.90328 39.84067)  
4      POINT (-84.90319 39.84066)  
...                           ...  
12253  POINT (-84.90726 39.85977)  
12254  POINT (-84.90723 39.85976)  
12255   POINT (-84.9072 39.85975)  
12256  POINT (-84.90717 39.85974)  
12257  POINT (-84.90714 39.85974)  

[12258 rows x 8 columns]"
200,"Richmond, VA",af,af_trav.shp,"/groups/LORTIZUR/heat-watch-data/clean/Heat Watch Richmond, VA/traverses_chw_richmond_va_110121_2021/af_trav.shp",29465,28204,temp_f,POINT (-77.45748158493049 37.5476729452573),91.10652318820026,91.18,1.6063304672402308,86.45,95.49,9.039999999999992,90.15,92.15,2.0,[92.77 92.77 93.49 ... 89.85 89.85 89.85],"                  datetime  temp_f   hi_f     rh  \
0      2021-07-15 15:06:59   92.77  96.56  43.28   
1      2021-07-15 15:07:00   92.77  96.56  43.28   
2      2021-07-15 15:07:01   93.49  97.90  43.28   
3      2021-07-15 15:07:02   93.49  97.90  43.27   
4      2021-07-15 15:07:03   93.85  98.58  43.27   
...                    ...     ...    ...    ...   
29460  2021-07-15 15:59:54   89.85  93.33  47.73   
29461  2021-07-15 15:59:56   89.85  92.92  46.73   
29462  2021-07-15 15:59:57   89.85  92.52  45.73   
29463  2021-07-15 15:59:58   89.85  92.52  45.73   
29464  2021-07-15 15:59:59   89.85  92.92  46.73   

                               file   kmph trav_id                    geometry  
0      1072_150721_185431.099_0.csv  12.74      af  POINT (-77.45047 37.55439)  
1      1072_150721_185431.099_0.csv  15.31      af  POINT (-77.45051 37.55441)  
2      1072_150721_185431.099_0.csv  17.50      af  POINT (-77.45056 37.55442)  
3      1072_150721_185431.099_0.csv  17.50      af  POINT (-77.45061 37.55445)  
4      1072_150721_185431.099_0.csv  19.58      af  POINT (-77.45066 37.55448)  
...                             ...    ...     ...                         ...  
29460  1104_150721_185250.000_0.csv  39.58      af  POINT (-77.45832 37.47121)  
29461  1104_150721_185250.000_0.csv  37.91      af  POINT (-77.45808 37.47128)  
29462  1104_150721_185250.000_0.csv  40.89      af  POINT (-77.45794 37.47132)  
29463  1104_150721_185250.000_0.csv  40.25      af  POINT (-77.45782 37.47136)  
29464  1104_150721_185250.000_0.csv  40.25      af   POINT (-77.4577 37.47139)  

[29465 rows x 8 columns]"
201,"Richmond, VA",am,am_trav.shp,"/groups/LORTIZUR/heat-watch-data/clean/Heat Watch Richmond, VA/traverses_chw_richmond_va_110121_2021/am_trav.shp",30883,30840,temp_f,POINT (-77.46228100856369 37.54757409853646),72.8042837224384,72.76,1.218530083120827,69.47,76.16,6.689999999999998,71.99,73.67,1.6800000000000068,[73.25 73.25 73.25 ... 72.01 72.01 72.19],"                  datetime  temp_f   hi_f     rh  \
0      2021-07-15 06:00:01   73.25  74.63  92.66   
1      2021-07-15 06:00:08   73.25  74.63  92.67   
2      2021-07-15 06:00:10   73.25  74.63  92.67   
3      2021-07-15 06:00:11   73.07  74.43  92.67   
4      2021-07-15 06:00:12   73.07  74.43  92.67   
...                    ...     ...    ...    ...   
30878  2021-07-15 06:59:36   72.01  73.36  94.70   
30879  2021-07-15 06:59:37   72.01  73.36  94.70   
30880  2021-07-15 06:59:38   72.01  73.36  94.70   
30881  2021-07-15 06:59:39   72.01  73.36  94.70   
30882  2021-07-15 06:59:40   72.19  73.56  94.70   

                               file   kmph trav_id                    geometry  
0           1072_1_095722.000_0.csv  15.52      am    POINT (-77.5208 37.5173)  
1           1072_1_095722.000_0.csv  11.47      am   POINT (-77.5207 37.51737)  
2           1072_1_095722.000_0.csv  18.33      am  POINT (-77.52072 37.51744)  
3           1072_1_095722.000_0.csv  18.33      am  POINT (-77.52074 37.51749)  
4           1072_1_095722.000_0.csv  21.78      am  POINT (-77.52077 37.51754)  
...                             ...    ...     ...                         ...  
30878  1104_150721_100700.206_0.csv  28.58      am  POINT (-77.46946 37.46875)  
30879  1104_150721_100700.206_0.csv  24.27      am  POINT (-77.46944 37.46882)  
30880  1104_150721_100700.206_0.csv  20.51      am  POINT (-77.46942 37.46887)  
30881  1104_150721_100700.206_0.csv  15.72      am  POINT (-77.46939 37.46891)  
30882  1104_150721_100700.206_0.csv  15.72      am  POINT (-77.46938 37.46894)  

[30883 rows x 8 columns]"
202,"Richmond, VA",pm,pm_trav.shp,"/groups/LORTIZUR/heat-watch-data/clean/Heat Watch Richmond, VA/traverses_chw_richmond_va_110121_2021/pm_trav.shp",27615,27411,temp_f,POINT (-77.45244049548454 37.550404028403506),88.47810842362554,88.57,1.5169527322827312,83.7,92.95,9.25,87.57,89.58,2.010000000000005,[86.72 86.72 86.55 ... 87.88 87.7  87.73],"                  datetime  temp_f   hi_f     rh  \
0      2021-07-15 19:04:34   86.72  91.34  56.93   
1      2021-07-15 19:04:35   86.72  91.34  56.93   
2      2021-07-15 19:04:36   86.55  91.01  56.92   
3      2021-07-15 19:04:37   86.55  91.01  56.92   
4      2021-07-15 19:04:38   86.91  91.30  55.92   
...                    ...     ...    ...    ...   
27610  2021-07-15 19:51:41   87.88  93.55  56.92   
27611  2021-07-15 19:51:42   87.88  93.98  57.92   
27612  2021-07-15 19:51:43   87.88  93.98  57.91   
27613  2021-07-15 19:51:44   87.70  93.61  57.91   
27614  2021-07-15 19:52:24   87.73  93.63  57.81   

                               file   kmph trav_id                    geometry  
0      1072_150721_230428.000_0.csv  17.74      pm   POINT (-77.52052 37.5172)  
1      1072_150721_230428.000_0.csv  22.10      pm  POINT (-77.52047 37.51723)  
2      1072_150721_230428.000_0.csv  24.88      pm  POINT (-77.52038 37.51726)  
3      1072_150721_230428.000_0.csv  28.26      pm  POINT (-77.52028 37.51728)  
4      1072_150721_230428.000_0.csv  31.80      pm  POINT (-77.52019 37.51734)  
...                             ...    ...     ...                         ...  
27610  1104_150721_225759.000_0.csv  16.34      pm  POINT (-77.47759 37.47144)  
27611  1104_150721_225759.000_0.csv  14.26      pm  POINT (-77.47764 37.47144)  
27612  1104_150721_225759.000_0.csv  11.61      pm  POINT (-77.47767 37.47145)  
27613  1104_150721_225759.000_0.csv  11.61      pm  POINT (-77.47769 37.47146)  
27614  1104_150721_225759.000_0.csv   8.24      pm  POINT (-77.47767 37.47153)  

[27615 rows x 8 columns]"
203,"Roanoke, VA",af,af_trav.shp,"/groups/LORTIZUR/heat-watch-data/clean/Heat Watch Roanoke, VA/traverses_chw_roanoke_110320/af_trav.shp",10335,10335,temp_f,POINT (-79.95703824413914 37.28990483595456),81.3473962264151,80.42,2.6247884948533193,75.92,90.86000000000001,14.940000000000012,79.52,83.30000000000001,3.7800000000000153,[80.24 80.06 80.06 ... 82.04 81.86 81.86],"       hasFix stlltsU    date        time altitud course  spdKmhr  spdKnts  \
0           1       5  100820  190000.000   343.1  20.25    28.96    15.63   
1           1       5  100820  190001.000   343.5  21.29    28.87    15.58   
2           1       5  100820  190002.000   343.8  23.95    30.20    16.30   
3           1       5  100820  190003.000   344.2  23.95    30.20    16.30   
4           1       5  100820  190004.000   344.6  28.63    29.11    15.71   
...       ...     ...     ...         ...     ...    ...      ...      ...   
10330       1       6  100820  200055.000   351.5  37.87    52.06    28.10   
10331       1       6  100820  200056.000   351.6  37.87    52.06    28.10   
10332       1       6  100820  200057.000   351.6  39.52    47.83    25.81   
10333       1       6  100820  200058.000   351.7  42.67    46.14    24.90   
10334       1       6  100820  200059.000   351.7  43.29    46.93    25.32   

      RMCMode RMCStts  ...                              file     dat_cln  \
0           A       A  ...  CAPA1010_100820_185722.000_0.csv  2020-08-10   
1           A       A  ...  CAPA1010_100820_185722.000_0.csv  2020-08-10   
2           A       A  ...  CAPA1010_100820_185722.000_0.csv  2020-08-10   
3           A       A  ...  CAPA1010_100820_185722.000_0.csv  2020-08-10   
4           A       A  ...  CAPA1010_100820_185722.000_0.csv  2020-08-10   
...       ...     ...  ...                               ...         ...   
10330       D       A  ...  CAPA1105_100820_185450.084_0.csv  2020-08-10   
10331       D       A  ...  CAPA1105_100820_185450.084_0.csv  2020-08-10   
10332       D       A  ...  CAPA1105_100820_185450.084_0.csv  2020-08-10   
10333       D       A  ...  CAPA1105_100820_185450.084_0.csv  2020-08-10   
10334       D       A  ...  CAPA1105_100820_185450.084_0.csv  2020-08-10   

                   dttm_tc              dttm_lc                tz     date_lc  \
0      2020-08-10 19:00:00  2020-08-10 15:00:00  America/New_York  2020-08-10   
1      2020-08-10 19:00:00  2020-08-10 15:00:00  America/New_York  2020-08-10   
2      2020-08-10 19:00:00  2020-08-10 15:00:00  America/New_York  2020-08-10   
3      2020-08-10 19:00:00  2020-08-10 15:00:00  America/New_York  2020-08-10   
4      2020-08-10 19:00:00  2020-08-10 15:00:00  America/New_York  2020-08-10   
...                    ...                  ...               ...         ...   
10330  2020-08-10 20:00:00  2020-08-10 16:00:00  America/New_York  2020-08-10   
10331  2020-08-10 20:00:00  2020-08-10 16:00:00  America/New_York  2020-08-10   
10332  2020-08-10 20:00:00  2020-08-10 16:00:00  America/New_York  2020-08-10   
10333  2020-08-10 20:00:00  2020-08-10 16:00:00  America/New_York  2020-08-10   
10334  2020-08-10 20:00:00  2020-08-10 16:00:00  America/New_York  2020-08-10   

                   strt_tm              end_tim  trav_id  \
0      2020-08-10 15:00:00  2020-08-10 16:00:00       af   
1      2020-08-10 15:00:00  2020-08-10 16:00:00       af   
2      2020-08-10 15:00:00  2020-08-10 16:00:00       af   
3      2020-08-10 15:00:00  2020-08-10 16:00:00       af   
4      2020-08-10 15:00:00  2020-08-10 16:00:00       af   
...                    ...                  ...      ...   
10330  2020-08-10 15:00:00  2020-08-10 16:00:00       af   
10331  2020-08-10 15:00:00  2020-08-10 16:00:00       af   
10332  2020-08-10 15:00:00  2020-08-10 16:00:00       af   
10333  2020-08-10 15:00:00  2020-08-10 16:00:00       af   
10334  2020-08-10 15:00:00  2020-08-10 16:00:00       af   

                         geometry  
0       POINT (-79.9152 37.31322)  
1      POINT (-79.91517 37.31329)  
2      POINT (-79.91513 37.31336)  
3      POINT (-79.91509 37.31342)  
4      POINT (-79.91505 37.31348)  
...                           ...  
10330  POINT (-79.97773 37.24378)  
10331  POINT (-79.97763 37.24388)  
10332  POINT (-79.97753 37.24397)  
10333  POINT (-79.97744 37.24406)  
10334  POINT (-79.97734 37.24414)  

[10335 rows x 29 columns]"
204,"Roanoke, VA",am,am_trav.shp,"/groups/LORTIZUR/heat-watch-data/clean/Heat Watch Roanoke, VA/traverses_chw_roanoke_110320/am_trav.shp",10381,10381,temp_f,POINT (-79.95603061200623 37.28813289973969),67.65035160389174,67.82,1.162889817125626,64.22,71.24000000000001,7.02000000000001,66.92,68.36,1.4399999999999977,[66.56 66.56 66.56 ... 65.66 65.66 65.66],"       hasFix stlltsU    date        time altitud  course  spdKmhr  spdKnts  \
0           1       8  100820  100000.000   337.3  193.71    49.36    26.64   
1           1       8  100820  100001.000   336.3  195.32    46.75    25.23   
2           1       8  100820  100002.000   335.5  193.54    45.49    24.55   
3           1       8  100820  100003.000   334.9  194.40    44.83    24.20   
4           1       8  100820  100005.000   333.9  194.54    42.94    23.17   
...       ...     ...     ...         ...     ...     ...      ...      ...   
10376       1       8  100820  110053.000   330.4  252.06    30.37    16.39   
10377       1       8  100820  110054.000   330.9  252.06    30.37    16.39   
10378       1       8  100820  110056.000   331.6  251.89    21.06    11.37   
10379       1       8  100820  110057.000   331.7  254.34    14.18     7.65   
10380       1       8  100820  110058.000   331.8  244.49     9.64     5.20   

      RMCMode RMCStts  ...                              file     dat_cln  \
0           A       A  ...  CAPA1010_100820_094431.097_0.csv  2020-08-10   
1           A       A  ...  CAPA1010_100820_094431.097_0.csv  2020-08-10   
2           A       A  ...  CAPA1010_100820_094431.097_0.csv  2020-08-10   
3           A       A  ...  CAPA1010_100820_094431.097_0.csv  2020-08-10   
4           A       A  ...  CAPA1010_100820_094431.097_0.csv  2020-08-10   
...       ...     ...  ...                               ...         ...   
10376       D       A  ...  CAPA1105_100820_095021.000_0.csv  2020-08-10   
10377       D       A  ...  CAPA1105_100820_095021.000_0.csv  2020-08-10   
10378       D       A  ...  CAPA1105_100820_095021.000_0.csv  2020-08-10   
10379       D       A  ...  CAPA1105_100820_095021.000_0.csv  2020-08-10   
10380       D       A  ...  CAPA1105_100820_095021.000_0.csv  2020-08-10   

                   dttm_tc              dttm_lc                tz     date_lc  \
0      2020-08-10 10:00:00  2020-08-10 06:00:00  America/New_York  2020-08-10   
1      2020-08-10 10:00:00  2020-08-10 06:00:00  America/New_York  2020-08-10   
2      2020-08-10 10:00:00  2020-08-10 06:00:00  America/New_York  2020-08-10   
3      2020-08-10 10:00:00  2020-08-10 06:00:00  America/New_York  2020-08-10   
4      2020-08-10 10:00:00  2020-08-10 06:00:00  America/New_York  2020-08-10   
...                    ...                  ...               ...         ...   
10376  2020-08-10 11:00:00  2020-08-10 07:00:00  America/New_York  2020-08-10   
10377  2020-08-10 11:00:00  2020-08-10 07:00:00  America/New_York  2020-08-10   
10378  2020-08-10 11:00:00  2020-08-10 07:00:00  America/New_York  2020-08-10   
10379  2020-08-10 11:00:00  2020-08-10 07:00:00  America/New_York  2020-08-10   
10380  2020-08-10 11:00:00  2020-08-10 07:00:00  America/New_York  2020-08-10   

                   strt_tm              end_tim  trav_id  \
0      2020-08-10 06:00:00  2020-08-10 07:00:00       am   
1      2020-08-10 06:00:00  2020-08-10 07:00:00       am   
2      2020-08-10 06:00:00  2020-08-10 07:00:00       am   
3      2020-08-10 06:00:00  2020-08-10 07:00:00       am   
4      2020-08-10 06:00:00  2020-08-10 07:00:00       am   
...                    ...                  ...      ...   
10376  2020-08-10 06:00:00  2020-08-10 07:00:00       am   
10377  2020-08-10 06:00:00  2020-08-10 07:00:00       am   
10378  2020-08-10 06:00:00  2020-08-10 07:00:00       am   
10379  2020-08-10 06:00:00  2020-08-10 07:00:00       am   
10380  2020-08-10 06:00:00  2020-08-10 07:00:00       am   

                         geometry  
0      POINT (-79.92313 37.31392)  
1       POINT (-79.92316 37.3138)  
2       POINT (-79.9232 37.31369)  
3      POINT (-79.92323 37.31358)  
4       POINT (-79.9233 37.31336)  
...                           ...  
10376   POINT (-79.98623 37.2491)  
10377  POINT (-79.98631 37.24908)  
10378  POINT (-79.98642 37.24906)  
10379  POINT (-79.98646 37.24905)  
10380  POINT (-79.98648 37.24904)  

[10381 rows x 29 columns]"
205,"Roanoke, VA",pm,pm_trav.shp,"/groups/LORTIZUR/heat-watch-data/clean/Heat Watch Roanoke, VA/traverses_chw_roanoke_110320/pm_trav.shp",10386,10386,temp_f,POINT (-79.95607168069543 37.2893085142407),83.98242634315424,84.02,1.5399776063101978,78.62,89.24000000000001,10.620000000000005,82.94,85.1,2.1599999999999966,[83.48 83.48 83.48 ... 79.52 79.7  79.7 ],"       hasFix stlltsU    date        time altitud  course  spdKmhr  spdKnts  \
0           1       7  100820  230000.000   342.8  220.90    19.74    10.66   
1           1       7  100820  230001.000   342.8  259.63    16.18     8.73   
2           1       7  100820  230002.000   342.8  281.19    17.26     9.32   
3           1       7  100820  230003.000   342.5  296.72    18.88    10.19   
4           1       7  100820  230004.000   342.5  301.39    20.61    11.12   
...       ...     ...     ...         ...     ...     ...      ...      ...   
10381       1       8  110820  000055.000   339.2   59.53    41.71    22.51   
10382       1       8  110820  000056.000   338.8   59.53    41.71    22.51   
10383       1       7  110820  000057.000   338.6   60.36    42.59    22.99   
10384       1       8  110820  000058.000   338.6   63.28    43.45    23.45   
10385       1       8  110820  000059.000   338.3   60.64    44.16    23.83   

      RMCMode RMCStts  ...                              file     dat_cln  \
0           A       A  ...  CAPA1010_100820_225401.092_0.csv  2020-08-10   
1           A       A  ...  CAPA1010_100820_225401.092_0.csv  2020-08-10   
2           A       A  ...  CAPA1010_100820_225401.092_0.csv  2020-08-10   
3           A       A  ...  CAPA1010_100820_225401.092_0.csv  2020-08-10   
4           A       A  ...  CAPA1010_100820_225401.092_0.csv  2020-08-10   
...       ...     ...  ...                               ...         ...   
10381       D       A  ...  CAPA1105_100820_225254.218_0.csv  2020-08-11   
10382       D       A  ...  CAPA1105_100820_225254.218_0.csv  2020-08-11   
10383       D       A  ...  CAPA1105_100820_225254.218_0.csv  2020-08-11   
10384       D       A  ...  CAPA1105_100820_225254.218_0.csv  2020-08-11   
10385       D       A  ...  CAPA1105_100820_225254.218_0.csv  2020-08-11   

                   dttm_tc              dttm_lc                tz     date_lc  \
0      2020-08-10 23:00:00  2020-08-10 19:00:00  America/New_York  2020-08-10   
1      2020-08-10 23:00:00  2020-08-10 19:00:00  America/New_York  2020-08-10   
2      2020-08-10 23:00:00  2020-08-10 19:00:00  America/New_York  2020-08-10   
3      2020-08-10 23:00:00  2020-08-10 19:00:00  America/New_York  2020-08-10   
4      2020-08-10 23:00:00  2020-08-10 19:00:00  America/New_York  2020-08-10   
...                    ...                  ...               ...         ...   
10381  2020-08-11 00:00:00  2020-08-10 20:00:00  America/New_York  2020-08-10   
10382  2020-08-11 00:00:00  2020-08-10 20:00:00  America/New_York  2020-08-10   
10383  2020-08-11 00:00:00  2020-08-10 20:00:00  America/New_York  2020-08-10   
10384  2020-08-11 00:00:00  2020-08-10 20:00:00  America/New_York  2020-08-10   
10385  2020-08-11 00:00:00  2020-08-10 20:00:00  America/New_York  2020-08-10   

                   strt_tm              end_tim  trav_id  \
0      2020-08-10 19:00:00  2020-08-10 20:00:00       pm   
1      2020-08-10 19:00:00  2020-08-10 20:00:00       pm   
2      2020-08-10 19:00:00  2020-08-10 20:00:00       pm   
3      2020-08-10 19:00:00  2020-08-10 20:00:00       pm   
4      2020-08-10 19:00:00  2020-08-10 20:00:00       pm   
...                    ...                  ...      ...   
10381  2020-08-10 19:00:00  2020-08-10 20:00:00       pm   
10382  2020-08-10 19:00:00  2020-08-10 20:00:00       pm   
10383  2020-08-10 19:00:00  2020-08-10 20:00:00       pm   
10384  2020-08-10 19:00:00  2020-08-10 20:00:00       pm   
10385  2020-08-10 19:00:00  2020-08-10 20:00:00       pm   

                         geometry  
0      POINT (-79.92214 37.31733)  
1      POINT (-79.92219 37.31733)  
2      POINT (-79.92224 37.31734)  
3      POINT (-79.92228 37.31736)  
4       POINT (-79.92232 37.3174)  
...                           ...  
10381    POINT (-79.974 37.24561)  
10382  POINT (-79.97389 37.24567)  
10383  POINT (-79.97377 37.24572)  
10384  POINT (-79.97365 37.24577)  
10385  POINT (-79.97353 37.24582)  

[10386 rows x 29 columns]"
206,"Sacramento, CA",af,af_trav.shp,"/groups/LORTIZUR/heat-watch-data/clean/Heat Watch Sacramento, CA/traverses_chw_sacramento/af_trav.shp",20739,20739,temp_f,POINT (-121.37928053065757 38.58163472707856),100.61693042094605,100.4,1.617027508661687,95.0,106.88000000000001,11.88000000000001,99.68,101.48,1.7999999999999972,[101.84 101.84 101.84 ... 103.82 104.   104.  ],"       hasFix stlltsU     date        time altitud  course  spdKmhr  spdKnts  \
0           1       9   140819  220046.000     2.1  154.97     9.29     5.01   
1           1       9   140819  220047.000     2.1  139.49     8.20     4.43   
2           1       9   140819  220050.000       2   99.31     9.55     5.15   
3           1       9   140819  220051.000       2   87.94     9.03     4.88   
4           1       9   140819  220052.000       2   86.54     9.63     5.20   
...       ...     ...      ...         ...     ...     ...      ...      ...   
20734       1      10  140819M  225720.000     3.1  272.49    19.86     8.91   
20735       1      10  140819M  225721.000     3.3  273.33    19.86     8.02   
20736       1      10  140819M  225722.000     3.5  273.33    19.86     8.02   
20737       1      10   140819  225722.000     3.5  266.16    19.86     6.61   
20738       1      10   140819  225724.000     3.7  232.73     9.75     5.26   

      RMCMode RMCStts  ...                                file     dat_cln  \
0           D       A  ...  Bicycle_CAPA56_140819_215431_303_0  2019-08-14   
1           D       A  ...  Bicycle_CAPA56_140819_215431_303_0  2019-08-14   
2           D       A  ...  Bicycle_CAPA56_140819_215431_303_0  2019-08-14   
3           D       A  ...  Bicycle_CAPA56_140819_215431_303_0  2019-08-14   
4           D       A  ...  Bicycle_CAPA56_140819_215431_303_0  2019-08-14   
...       ...     ...  ...                                 ...         ...   
20734       N       A  ...          CAPA25_140819_220149_097_0  2019-08-14   
20735       N       A  ...          CAPA25_140819_220149_097_0  2019-08-14   
20736       N       A  ...          CAPA25_140819_220149_097_0  2019-08-14   
20737       N       A  ...          CAPA25_140819_220149_097_0  2019-08-14   
20738       D       A  ...          CAPA25_140819_220149_097_0  2019-08-14   

                   dttm_tc              dttm_lc                   tz  \
0      2019-08-14 22:00:00  2019-08-14 15:00:00  America/Los_Angeles   
1      2019-08-14 22:00:00  2019-08-14 15:00:00  America/Los_Angeles   
2      2019-08-14 22:00:00  2019-08-14 15:00:00  America/Los_Angeles   
3      2019-08-14 22:00:00  2019-08-14 15:00:00  America/Los_Angeles   
4      2019-08-14 22:00:00  2019-08-14 15:00:00  America/Los_Angeles   
...                    ...                  ...                  ...   
20734  2019-08-14 22:57:00  2019-08-14 15:57:00  America/Los_Angeles   
20735  2019-08-14 22:57:00  2019-08-14 15:57:00  America/Los_Angeles   
20736  2019-08-14 22:57:00  2019-08-14 15:57:00  America/Los_Angeles   
20737  2019-08-14 22:57:00  2019-08-14 15:57:00  America/Los_Angeles   
20738  2019-08-14 22:57:00  2019-08-14 15:57:00  America/Los_Angeles   

          date_lc              strt_tm              end_tim  trav_id  \
0      2019-08-14  2019-08-14 15:00:00  2019-08-14 16:00:00       af   
1      2019-08-14  2019-08-14 15:00:00  2019-08-14 16:00:00       af   
2      2019-08-14  2019-08-14 15:00:00  2019-08-14 16:00:00       af   
3      2019-08-14  2019-08-14 15:00:00  2019-08-14 16:00:00       af   
4      2019-08-14  2019-08-14 15:00:00  2019-08-14 16:00:00       af   
...           ...                  ...                  ...      ...   
20734  2019-08-14  2019-08-14 15:00:00  2019-08-14 16:00:00       af   
20735  2019-08-14  2019-08-14 15:00:00  2019-08-14 16:00:00       af   
20736  2019-08-14  2019-08-14 15:00:00  2019-08-14 16:00:00       af   
20737  2019-08-14  2019-08-14 15:00:00  2019-08-14 16:00:00       af   
20738  2019-08-14  2019-08-14 15:00:00  2019-08-14 16:00:00       af   

                          geometry  
0      POINT (-121.45594 38.54935)  
1      POINT (-121.45593 38.54933)  
2      POINT (-121.45586 38.54929)  
3      POINT (-121.45583 38.54929)  
4       POINT (-121.4558 38.54929)  
...                            ...  
20734    POINT (-121.416 38.59244)  
20735  POINT (-121.41605 38.59245)  
20736   POINT (-121.4161 38.59245)  
20737   POINT (-121.4161 38.59245)  
20738  POINT (-121.41616 38.59244)  

[20739 rows x 29 columns]"
207,"Sacramento, CA",am,am_trav.shp,"/groups/LORTIZUR/heat-watch-data/clean/Heat Watch Sacramento, CA/traverses_chw_sacramento/am_trav.shp",20969,20969,temp_f,POINT (-121.3977593388517 38.571643781320894),67.10129619915112,67.1,2.263291390607828,60.44,75.02,14.579999999999998,66.02,68.53999999999999,2.519999999999996,[67.64 67.64 67.64 ... 75.02 75.02 75.02],"       hasFix stlltsU    date        time altitud  course  spdKmhr  spdKnts  \
0           1      11  140819  130006.000     8.9   80.74    12.50     6.75   
1           1      11  140819  130007.000     8.9   80.74    12.50     6.75   
2           1      11  140819  130008.000     8.9   76.64    12.10     6.53   
3           1      11  140819  130009.000     8.8   66.64    12.33     6.66   
4           1      11  140819  130010.000     8.8   85.59    15.24     8.22   
...       ...     ...     ...         ...     ...     ...      ...      ...   
20964       1      10  140819  135708.000     9.5  157.78    13.37     7.21   
20965       1      10  140819  135709.000     9.1  127.03    11.98     6.47   
20966       1      10  140819  135710.000     8.1  105.14    11.88     6.41   
20967       1      10  140819  135711.000     8.1   76.22    10.45     5.64   
20968       1      10  140819  135712.000     7.9   76.22    10.45     5.64   

      RMCMode RMCStts  ...                                file     dat_cln  \
0           D       A  ...  Bicycle_CAPA56_140819_124519_090_0  2019-08-14   
1           D       A  ...  Bicycle_CAPA56_140819_124519_090_0  2019-08-14   
2           D       A  ...  Bicycle_CAPA56_140819_124519_090_0  2019-08-14   
3           D       A  ...  Bicycle_CAPA56_140819_124519_090_0  2019-08-14   
4           D       A  ...  Bicycle_CAPA56_140819_124519_090_0  2019-08-14   
...       ...     ...  ...                                 ...         ...   
20964       A       A  ...          CAPA25_140819_135131_086_0  2019-08-14   
20965       A       A  ...          CAPA25_140819_135131_086_0  2019-08-14   
20966       A       A  ...          CAPA25_140819_135131_086_0  2019-08-14   
20967       A       A  ...          CAPA25_140819_135131_086_0  2019-08-14   
20968       A       A  ...          CAPA25_140819_135131_086_0  2019-08-14   

                   dttm_tc              dttm_lc                   tz  \
0      2019-08-14 13:00:00  2019-08-14 06:00:00  America/Los_Angeles   
1      2019-08-14 13:00:00  2019-08-14 06:00:00  America/Los_Angeles   
2      2019-08-14 13:00:00  2019-08-14 06:00:00  America/Los_Angeles   
3      2019-08-14 13:00:00  2019-08-14 06:00:00  America/Los_Angeles   
4      2019-08-14 13:00:00  2019-08-14 06:00:00  America/Los_Angeles   
...                    ...                  ...                  ...   
20964  2019-08-14 13:57:00  2019-08-14 06:57:00  America/Los_Angeles   
20965  2019-08-14 13:57:00  2019-08-14 06:57:00  America/Los_Angeles   
20966  2019-08-14 13:57:00  2019-08-14 06:57:00  America/Los_Angeles   
20967  2019-08-14 13:57:00  2019-08-14 06:57:00  America/Los_Angeles   
20968  2019-08-14 13:57:00  2019-08-14 06:57:00  America/Los_Angeles   

          date_lc              strt_tm              end_tim  trav_id  \
0      2019-08-14  2019-08-14 06:00:00  2019-08-14 07:00:00       am   
1      2019-08-14  2019-08-14 06:00:00  2019-08-14 07:00:00       am   
2      2019-08-14  2019-08-14 06:00:00  2019-08-14 07:00:00       am   
3      2019-08-14  2019-08-14 06:00:00  2019-08-14 07:00:00       am   
4      2019-08-14  2019-08-14 06:00:00  2019-08-14 07:00:00       am   
...           ...                  ...                  ...      ...   
20964  2019-08-14  2019-08-14 06:00:00  2019-08-14 07:00:00       am   
20965  2019-08-14  2019-08-14 06:00:00  2019-08-14 07:00:00       am   
20966  2019-08-14  2019-08-14 06:00:00  2019-08-14 07:00:00       am   
20967  2019-08-14  2019-08-14 06:00:00  2019-08-14 07:00:00       am   
20968  2019-08-14  2019-08-14 06:00:00  2019-08-14 07:00:00       am   

                          geometry  
0      POINT (-121.45609 38.54933)  
1      POINT (-121.45605 38.54934)  
2      POINT (-121.45601 38.54934)  
3      POINT (-121.45597 38.54936)  
4      POINT (-121.45592 38.54936)  
...                            ...  
20964  POINT (-121.46537 38.57184)  
20965  POINT (-121.46534 38.57182)  
20966  POINT (-121.46531 38.57181)  
20967  POINT (-121.46527 38.57181)  
20968  POINT (-121.46525 38.57182)  

[20969 rows x 29 columns]"
208,"Sacramento, CA",pm,pm_trav.shp,"/groups/LORTIZUR/heat-watch-data/clean/Heat Watch Sacramento, CA/traverses_chw_sacramento/pm_trav.shp",24220,24220,temp_f,POINT (-121.36719242582824 38.58064329589314),95.38373740710158,96.26,3.7352587712152023,82.4,104.53999999999999,22.139999999999986,93.56,98.06,4.5,[97.34 97.34 97.34 ... 99.32 99.32 99.14],"       hasFix stlltsU    date        time altitud  course  spdKmhr  spdKnts  \
0           1      11  150819  020031.000     4.7  131.30     8.34     4.50   
1           1      11  150819  020032.000     4.7  141.52     8.78     4.74   
2           1      11  150819  020036.000     4.4   80.64     9.38     5.06   
3           1      11  150819  020037.000     4.3   89.44    11.06     5.97   
4           1      11  150819  020038.000     4.3   92.67    11.94     6.44   
...       ...     ...     ...         ...     ...     ...      ...      ...   
24215       1      10  150819  024556.000    13.9  339.86    12.93     6.98   
24216       1      10  150819  024557.000    13.8  344.37    14.18     7.65   
24217       1      10  150819  024559.000    13.9  301.33    15.05     8.12   
24218       1      10  150819  024602.000      14  253.82    13.57     7.32   
24219       1      10  150819  024605.000      14  244.81    13.57     0.17   

      RMCMode RMCStts  ...                                file     dat_cln  \
0           D       A  ...  Bicycle_CAPA56_150819_015502_000_0  2019-08-15   
1           D       A  ...  Bicycle_CAPA56_150819_015502_000_0  2019-08-15   
2           D       A  ...  Bicycle_CAPA56_150819_015502_000_0  2019-08-15   
3           D       A  ...  Bicycle_CAPA56_150819_015502_000_0  2019-08-15   
4           D       A  ...  Bicycle_CAPA56_150819_015502_000_0  2019-08-15   
...       ...     ...  ...                                 ...         ...   
24215       D       A  ...          CAPA25_150819_015700_090_0  2019-08-15   
24216       D       A  ...          CAPA25_150819_015700_090_0  2019-08-15   
24217       D       A  ...          CAPA25_150819_015700_090_0  2019-08-15   
24218       D       A  ...          CAPA25_150819_015700_090_0  2019-08-15   
24219       7       A  ...          CAPA25_150819_015700_090_0  2019-08-15   

                   dttm_tc              dttm_lc                   tz  \
0      2019-08-15 02:00:00  2019-08-14 19:00:00  America/Los_Angeles   
1      2019-08-15 02:00:00  2019-08-14 19:00:00  America/Los_Angeles   
2      2019-08-15 02:00:00  2019-08-14 19:00:00  America/Los_Angeles   
3      2019-08-15 02:00:00  2019-08-14 19:00:00  America/Los_Angeles   
4      2019-08-15 02:00:00  2019-08-14 19:00:00  America/Los_Angeles   
...                    ...                  ...                  ...   
24215  2019-08-15 02:45:00  2019-08-14 19:45:00  America/Los_Angeles   
24216  2019-08-15 02:45:00  2019-08-14 19:45:00  America/Los_Angeles   
24217  2019-08-15 02:45:00  2019-08-14 19:45:00  America/Los_Angeles   
24218  2019-08-15 02:46:00  2019-08-14 19:46:00  America/Los_Angeles   
24219  2019-08-15 02:46:00  2019-08-14 19:46:00  America/Los_Angeles   

          date_lc              strt_tm              end_tim  trav_id  \
0      2019-08-15  2019-08-14 19:00:00  2019-08-14 20:00:00       pm   
1      2019-08-15  2019-08-14 19:00:00  2019-08-14 20:00:00       pm   
2      2019-08-15  2019-08-14 19:00:00  2019-08-14 20:00:00       pm   
3      2019-08-15  2019-08-14 19:00:00  2019-08-14 20:00:00       pm   
4      2019-08-15  2019-08-14 19:00:00  2019-08-14 20:00:00       pm   
...           ...                  ...                  ...      ...   
24215  2019-08-15  2019-08-14 19:00:00  2019-08-14 20:00:00       pm   
24216  2019-08-15  2019-08-14 19:00:00  2019-08-14 20:00:00       pm   
24217  2019-08-15  2019-08-14 19:00:00  2019-08-14 20:00:00       pm   
24218  2019-08-15  2019-08-14 19:00:00  2019-08-14 20:00:00       pm   
24219  2019-08-15  2019-08-14 19:00:00  2019-08-14 20:00:00       pm   

                          geometry  
0       POINT (-121.45603 38.5493)  
1      POINT (-121.45601 38.54928)  
2      POINT (-121.45591 38.54925)  
3      POINT (-121.45588 38.54925)  
4      POINT (-121.45584 38.54925)  
...                            ...  
24215  POINT (-121.42192 38.59597)  
24216    POINT (-121.42193 38.596)  
24217  POINT (-121.42198 38.59606)  
24218   POINT (-121.4221 38.59606)  
24219  POINT (-121.42217 38.59603)  

[24220 rows x 29 columns]"
209,"Salem, VA",af,af_trav.shp,"/groups/LORTIZUR/heat-watch-data/clean/Heat Watch Salem, VA/traverses_chw_salem_102921/af_trav.shp",7354,6987,temp_f,POINT (-80.0590307462178 37.28690939802825),89.45521396879921,89.44,1.2431443000873437,86.04,92.84,6.799999999999997,88.66,90.28,1.6200000000000045,[92.74 92.56 92.56 ... 89.32 89.31 89.31],"                 datetime   temp_f     hi_f     rh  \
0     2021-07-15 15:00:06    92.74    91.81  31.63   
1     2021-07-15 15:00:08 -9999.00 -9999.00  31.64   
2     2021-07-15 15:00:12    92.56    91.89  32.64   
3     2021-07-15 15:00:13    92.56    91.88  32.65   
4     2021-07-15 15:00:14    92.56    91.88  32.65   
...                   ...      ...      ...    ...   
7349  2021-07-15 15:57:51    89.32    89.53  39.45   
7350  2021-07-15 15:57:52    89.32    89.23  38.45   
7351  2021-07-15 15:57:53    89.32    89.23  38.45   
7352  2021-07-15 15:57:54    89.31    89.23  38.46   
7353  2021-07-15 15:57:55    89.31    89.23  38.46   

                              file   kmph trav_id                    geometry  
0     1058_150721_185832.000_0.csv  10.00      af  POINT (-80.06767 37.28117)  
1     1058_150721_185832.000_0.csv  11.13      af  POINT (-80.06774 37.28118)  
2     1058_150721_185832.000_0.csv  11.30      af  POINT (-80.06784 37.28116)  
3     1058_150721_185832.000_0.csv  14.60      af  POINT (-80.06786 37.28113)  
4     1058_150721_185832.000_0.csv  19.70      af  POINT (-80.06786 37.28109)  
...                            ...    ...     ...                         ...  
7349  1061_150721_190450.000_0.csv  21.48      af   POINT (-80.0536 37.29823)  
7350  1061_150721_190450.000_0.csv  18.24      af  POINT (-80.05353 37.29823)  
7351  1061_150721_190450.000_0.csv  14.31      af  POINT (-80.05348 37.29822)  
7352  1061_150721_190450.000_0.csv  11.49      af  POINT (-80.05346 37.29819)  
7353  1061_150721_190450.000_0.csv  11.49      af  POINT (-80.05344 37.29817)  

[7354 rows x 8 columns]"
210,"Salem, VA",am,am_trav.shp,"/groups/LORTIZUR/heat-watch-data/clean/Heat Watch Salem, VA/traverses_chw_salem_102921/am_trav.shp",7976,7831,temp_f,POINT (-80.0583708576825 37.285418134760775),71.31509896564934,71.42,0.7811739263067914,69.41,73.18,3.7700000000000102,70.88,71.85,0.9699999999999989,[72.03 72.03 72.03 ... 70.91 70.91 70.91],"                 datetime  temp_f   hi_f     rh                          file  \
0     2021-07-15 06:00:12   72.03  73.25  91.84  1058_150721_095401.088_0.csv   
1     2021-07-15 06:00:13   72.03  73.25  91.84  1058_150721_095401.088_0.csv   
2     2021-07-15 06:00:14   72.03  73.25  91.84  1058_150721_095401.088_0.csv   
3     2021-07-15 06:00:15   72.03  73.25  91.84  1058_150721_095401.088_0.csv   
4     2021-07-15 06:00:17   72.03  73.25  91.84  1058_150721_095401.088_0.csv   
...                   ...     ...    ...    ...                           ...   
7971  2021-07-15 06:55:33   70.91  71.94  90.35  1061_050180_095530.090_0.csv   
7972  2021-07-15 06:55:34   70.91  71.94  90.35  1061_050180_095530.090_0.csv   
7973  2021-07-15 06:55:35   70.91  71.94  90.34  1061_050180_095530.090_0.csv   
7974  2021-07-15 06:55:36   70.91  71.94  90.34  1061_050180_095530.090_0.csv   
7975  2021-07-15 06:55:37   70.91  71.94  90.34  1061_050180_095530.090_0.csv   

       kmph trav_id                    geometry  
0     11.20      am  POINT (-80.06782 37.28122)  
1     14.80      am  POINT (-80.06784 37.28118)  
2     17.71      am  POINT (-80.06785 37.28114)  
3     17.71      am  POINT (-80.06785 37.28109)  
4     24.35      am  POINT (-80.06786 37.28097)  
...     ...     ...                         ...  
7971  23.32      am  POINT (-80.07393 37.28407)  
7972  23.66      am  POINT (-80.07386 37.28405)  
7973  23.66      am   POINT (-80.0738 37.28402)  
7974  17.86      am  POINT (-80.07376 37.28397)  
7975  13.60      am  POINT (-80.07375 37.28393)  

[7976 rows x 8 columns]"
211,"Salem, VA",pm,pm_trav.shp,"/groups/LORTIZUR/heat-watch-data/clean/Heat Watch Salem, VA/traverses_chw_salem_102921/pm_trav.shp",7805,7483,temp_f,POINT (-80.05833655825502 37.28615528109875),86.78162234397969,87.0,1.9313663590651353,81.22,92.29,11.070000000000007,85.64,88.17,2.530000000000001,[92.27 92.1  92.1  ... 84.66 84.84 84.84],"                 datetime   temp_f     hi_f     rh  \
0     2021-07-15 19:00:06 -9999.00 -9999.00  39.64   
1     2021-07-15 19:00:07 -9999.00 -9999.00  42.64   
2     2021-07-15 19:00:08 -9999.00 -9999.00  42.64   
3     2021-07-15 19:00:09 -9999.00 -9999.00  45.64   
4     2021-07-15 19:00:10 -9999.00 -9999.00  45.64   
...                   ...      ...      ...    ...   
7800  2021-07-15 19:53:09    84.48    84.82  45.63   
7801  2021-07-15 19:53:10    84.66    85.24  46.63   
7802  2021-07-15 19:53:11    84.66    85.24  46.63   
7803  2021-07-15 19:53:12    84.84    85.47  46.63   
7804  2021-07-15 19:53:14    84.84    85.47  46.63   

                              file   kmph trav_id                    geometry  
0     1058_150721_225021.000_0.csv  13.34      pm  POINT (-80.06788 37.28124)  
1     1058_150721_225021.000_0.csv  17.66      pm  POINT (-80.06789 37.28121)  
2     1058_150721_225021.000_0.csv  17.66      pm   POINT (-80.0679 37.28116)  
3     1058_150721_225021.000_0.csv  24.76      pm   POINT (-80.06789 37.2811)  
4     1058_150721_225021.000_0.csv  27.65      pm  POINT (-80.06788 37.28104)  
...                            ...    ...     ...                         ...  
7800  1061_150721_225602.000_0.csv  22.43      pm  POINT (-80.07384 37.28402)  
7801  1061_150721_225602.000_0.csv  22.43      pm    POINT (-80.07378 37.284)  
7802  1061_150721_225602.000_0.csv  18.37      pm  POINT (-80.07374 37.28396)  
7803  1061_150721_225602.000_0.csv  17.09      pm  POINT (-80.07372 37.28393)  
7804  1061_150721_225602.000_0.csv  11.43      pm   POINT (-80.0737 37.28388)  

[7805 rows x 8 columns]"
212,"Salt Lake City, UT",af,af_trav.shp,"/groups/LORTIZUR/heat-watch-data/clean/Heat Watch Salt Lake City, UT/traverses_chw_salt_lake_city_091923/af_trav.shp",20339,20339,temp_f,POINT (-111.91048161048617 40.7578314618012),92.34217021485816,92.5,1.5149500103751277,86.8,98.7,11.900000000000006,91.5,93.3,1.7999999999999972,[93.7 93.4 93.5 ... 92.7 92.7 92.7],"          ID             datetime  temp_f  hi_f    rh  \
0         24  2023-07-15 15:00:42    93.7  89.2  13.6   
1         26  2023-07-15 15:00:44    93.4  88.9  12.8   
2         28  2023-07-15 15:00:46    93.5  89.0  12.6   
3         38  2023-07-15 15:00:56    94.0  89.6  13.9   
4         40  2023-07-15 15:00:58    93.9  89.4  13.1   
...      ...                  ...     ...   ...   ...   
20334  26344  2023-07-15 15:59:55    92.9  88.4  11.6   
20335  26345  2023-07-15 15:59:56    92.8  88.3  11.6   
20336  26346  2023-07-15 15:59:57    92.7  88.3  11.6   
20337  26347  2023-07-15 15:59:58    92.7  88.2  11.7   
20338  26348  2023-07-15 15:59:59    92.7  88.2  11.7   

                           file trav_id  speedmph                     geometry  
0      CAPA2051_150723_204947_0      af      12.7    POINT (-111.9685 40.7288)  
1      CAPA2051_150723_204947_0      af      14.2  POINT (-111.96864 40.72878)  
2      CAPA2051_150723_204947_0      af      14.8   POINT (-111.9688 40.72878)  
3      CAPA2051_150723_204947_0      af      13.6   POINT (-111.9696 40.72875)  
4      CAPA2051_150723_204947_0      af      14.2  POINT (-111.96974 40.72874)  
...                         ...     ...       ...                          ...  
20334  CAPA2159_150723_204845_0      af      15.4  POINT (-111.91831 40.80274)  
20335  CAPA2159_150723_204845_0      af      16.0  POINT (-111.91831 40.80264)  
20336  CAPA2159_150723_204845_0      af      16.1  POINT (-111.91831 40.80257)  
20337  CAPA2159_150723_204845_0      af      15.9  POINT (-111.91831 40.80251)  
20338  CAPA2159_150723_204845_0      af      15.5  POINT (-111.91831 40.80248)  

[20339 rows x 9 columns]"
213,"Salt Lake City, UT",am,am_trav.shp,"/groups/LORTIZUR/heat-watch-data/clean/Heat Watch Salt Lake City, UT/traverses_chw_salt_lake_city_091923/am_trav.shp",20845,20845,temp_f,POINT (-111.91191853839248 40.75840367250122),65.70629407531781,66.2,2.5461225320200844,56.6,71.6,14.999999999999993,64.2,67.6,3.3999999999999915,[70.8 70.9 71.  ... 66.8 65.8 65.9],"          ID             datetime  temp_f  hi_f    rh  \
0          4  2023-07-15 06:00:10    70.8  68.9  28.8   
1         12  2023-07-15 06:00:18    70.9  69.1  28.8   
2         14  2023-07-15 06:00:20    71.0  69.1  28.8   
3         24  2023-07-15 06:00:32    71.1  69.3  28.5   
4         25  2023-07-15 06:00:33    71.2  69.3  28.5   
...      ...                  ...     ...   ...   ...   
20840  27466  2023-07-15 06:54:41    66.7  64.5  31.0   
20841  27467  2023-07-15 06:54:42    66.7  64.6  30.9   
20842  27468  2023-07-15 06:54:43    66.8  64.6  30.9   
20843  27513  2023-07-15 06:55:28    65.8  63.7  32.4   
20844  27516  2023-07-15 06:55:31    65.9  63.7  32.4   

                           file trav_id  speedmph                     geometry  
0      CAPA2051_150723_115040_0      am      11.6  POINT (-111.91685 40.77241)  
1      CAPA2051_150723_115040_0      am      14.0  POINT (-111.91694 40.77192)  
2      CAPA2051_150723_115040_0      am      11.8  POINT (-111.91695 40.77182)  
3      CAPA2051_150723_115040_0      am      21.7  POINT (-111.91745 40.77164)  
4      CAPA2051_150723_115040_0      am      23.2  POINT (-111.91757 40.77164)  
...                         ...     ...       ...                          ...  
20840  CAPA2159_150723_115148_0      am      18.8  POINT (-111.92074 40.81079)  
20841  CAPA2159_150723_115148_0      am      19.5  POINT (-111.92074 40.81071)  
20842  CAPA2159_150723_115148_0      am      19.7  POINT (-111.92074 40.81067)  
20843  CAPA2159_150723_115148_0      am      16.9  POINT (-111.92082 40.80584)  
20844  CAPA2159_150723_115148_0      am       7.5   POINT (-111.9208 40.80569)  

[20845 rows x 9 columns]"
214,"Salt Lake City, UT",pm,pm_trav.shp,"/groups/LORTIZUR/heat-watch-data/clean/Heat Watch Salt Lake City, UT/traverses_chw_salt_lake_city_091923/pm_trav.shp",17523,17523,temp_f,POINT (-111.89478811563936 40.755292187846564),91.33769331735432,91.8,1.8732493558589618,80.9,95.7,14.799999999999997,90.3,92.7,2.4000000000000057,[93.5 93.4 93.4 ... 90.4 89.7 89.3],"          ID             datetime  temp_f  hi_f    rh  \
0          9  2023-07-15 19:00:35    93.5  89.0  13.1   
1         10  2023-07-15 19:00:36    93.4  89.0  13.1   
2         11  2023-07-15 19:00:37    93.4  88.9  13.3   
3         12  2023-07-15 19:00:38    93.3  88.8  13.0   
4         13  2023-07-15 19:00:39    93.2  88.8  13.3   
...      ...                  ...     ...   ...   ...   
17518  23512  2023-07-15 19:58:50    90.0  86.0  13.8   
17519  23514  2023-07-15 19:58:52    90.2  86.1  14.1   
17520  23534  2023-07-15 19:59:12    90.4  86.3  14.8   
17521  23538  2023-07-15 19:59:21    89.7  85.7  15.1   
17522  23544  2023-07-15 19:59:27    89.3  85.4  16.3   

                           file trav_id  speedmph                     geometry  
0      CAPA2051_160723_010016_0      pm      21.1  POINT (-111.96925 40.72873)  
1      CAPA2051_160723_010016_0      pm      22.0  POINT (-111.96937 40.72872)  
2      CAPA2051_160723_010016_0      pm      22.4  POINT (-111.96949 40.72871)  
3      CAPA2051_160723_010016_0      pm      22.9   POINT (-111.96961 40.7287)  
4      CAPA2051_160723_010016_0      pm      23.4  POINT (-111.96973 40.72868)  
...                         ...     ...       ...                          ...  
17518  CAPA2159_160723_003945_0      pm       6.8  POINT (-111.89246 40.77839)  
17519  CAPA2159_160723_003945_0      pm       9.4  POINT (-111.89246 40.77833)  
17520  CAPA2159_160723_003945_0      pm      10.0  POINT (-111.89201 40.77746)  
17521  CAPA2159_160723_003945_0      pm       8.2  POINT (-111.89192 40.77729)  
17522  CAPA2159_160723_003945_0      pm       8.3  POINT (-111.89182 40.77711)  

[17523 rows x 9 columns]"
215,"San Bernardino, CA",af,af_trav.shp,"/groups/LORTIZUR/heat-watch-data/clean/Heat Watch San Bernardino, CA/traverses_chw_san_bernardino/af_trav.shp",10593,10593,temp_f,POINT (-117.27085124910818 34.12112895059312),86.52062871707732,86.53999999999999,1.2874308833142338,82.4,95.18,12.780000000000001,85.64,87.25999999999999,1.6199999999999903,[89.06 89.06 89.06 ... 85.46 85.46 85.82],"       hasFix stlltsU    date    time altitud  course  spdKmhr  spdKnts  \
0           1      10  121019  220000   321.4   180.9    34.46    18.60   
1           1      10  121019  220001   321.1  180.49    33.72    18.20   
2           1      10  121019  220002     321  180.49    33.72    18.20   
3           1      10  121019  220003     321  180.54    30.44    16.43   
4           1      10  121019  220004     321  179.82    28.40    15.32   
...       ...     ...     ...     ...     ...     ...      ...      ...   
10588       1      11  121019  225955   443.1  286.07    46.50    25.09   
10589       1      11  121019  225957   443.8  285.22    35.05    18.91   
10590       1      11  121019  225958     444   285.8    31.92    17.23   
10591       1      11  121019  225959   444.2  286.34    29.20    15.76   
10592       1      11  121019  230000   444.9  286.34    29.20    15.76   

      RMCMode RMCStts  ...                            file     dat_cln  \
0           D       A  ...  CAPA15_121019_215228.000_0.csv  2019-10-12   
1           D       A  ...  CAPA15_121019_215228.000_0.csv  2019-10-12   
2           D       A  ...  CAPA15_121019_215228.000_0.csv  2019-10-12   
3           D       A  ...  CAPA15_121019_215228.000_0.csv  2019-10-12   
4           D       A  ...  CAPA15_121019_215228.000_0.csv  2019-10-12   
...       ...     ...  ...                             ...         ...   
10588       D       A  ...     PR4_121019_215704.000_0.csv  2019-10-12   
10589       D       A  ...     PR4_121019_215704.000_0.csv  2019-10-12   
10590       D       A  ...     PR4_121019_215704.000_0.csv  2019-10-12   
10591       D       A  ...     PR4_121019_215704.000_0.csv  2019-10-12   
10592       D       A  ...     PR4_121019_215704.000_0.csv  2019-10-12   

                   dttm_tc              dttm_lc                   tz  \
0      2019-10-12 22:00:00  2019-10-12 15:00:00  America/Los_Angeles   
1      2019-10-12 22:00:01  2019-10-12 15:00:01  America/Los_Angeles   
2      2019-10-12 22:00:02  2019-10-12 15:00:02  America/Los_Angeles   
3      2019-10-12 22:00:03  2019-10-12 15:00:03  America/Los_Angeles   
4      2019-10-12 22:00:04  2019-10-12 15:00:04  America/Los_Angeles   
...                    ...                  ...                  ...   
10588  2019-10-12 22:59:55  2019-10-12 15:59:55  America/Los_Angeles   
10589  2019-10-12 22:59:57  2019-10-12 15:59:57  America/Los_Angeles   
10590  2019-10-12 22:59:58  2019-10-12 15:59:58  America/Los_Angeles   
10591  2019-10-12 22:59:59  2019-10-12 15:59:59  America/Los_Angeles   
10592  2019-10-12 23:00:00  2019-10-12 16:00:00  America/Los_Angeles   

          date_lc              strt_tm              end_tim  trav_id  \
0      2019-10-12  2019-10-12 15:00:00  2019-10-12 16:00:00       af   
1      2019-10-12  2019-10-12 15:00:00  2019-10-12 16:00:00       af   
2      2019-10-12  2019-10-12 15:00:00  2019-10-12 16:00:00       af   
3      2019-10-12  2019-10-12 15:00:00  2019-10-12 16:00:00       af   
4      2019-10-12  2019-10-12 15:00:00  2019-10-12 16:00:00       af   
...           ...                  ...                  ...      ...   
10588  2019-10-12  2019-10-12 15:00:00  2019-10-12 16:00:00       af   
10589  2019-10-12  2019-10-12 15:00:00  2019-10-12 16:00:00       af   
10590  2019-10-12  2019-10-12 15:00:00  2019-10-12 16:00:00       af   
10591  2019-10-12  2019-10-12 15:00:00  2019-10-12 16:00:00       af   
10592  2019-10-12  2019-10-12 15:00:00  2019-10-12 16:00:00       af   

                          geometry  
0        POINT (-117.3139 34.1016)  
1       POINT (-117.3139 34.10152)  
2      POINT (-117.31391 34.10144)  
3      POINT (-117.31391 34.10136)  
4      POINT (-117.31391 34.10128)  
...                            ...  
10588  POINT (-117.29977 34.17799)  
10589      POINT (-117.3 34.17804)  
10590   POINT (-117.3001 34.17806)  
10591  POINT (-117.30018 34.17808)  
10592   POINT (-117.30026 34.1781)  

[10593 rows x 29 columns]"
216,"San Bernardino, CA",am,am_trav.shp,"/groups/LORTIZUR/heat-watch-data/clean/Heat Watch San Bernardino, CA/traverses_chw_san_bernardino/am_trav.shp",12777,12777,temp_f,POINT (-117.26407361543137 34.12054063406204),53.74733035923926,52.7,5.299077600874986,43.34,69.08000000000001,25.74000000000001,49.82,56.66,6.839999999999996,[59.9  59.72 59.72 ... 62.96 62.78 62.78],"       hasFix stlltsU    date    time altitud  course  spdKmhr  spdKnts  \
0           1       6  121019  131006   373.6  186.78    10.74     5.80   
1           1       6  121019  131006   373.6     174    10.74     7.56   
2           1       6  121019  131008   372.6  177.74    10.74     9.06   
3           1       6  121019  131009   374.5  179.78    10.74     8.70   
4           1       6  121019  131010     375  180.69    16.06     8.67   
...       ...     ...     ...     ...     ...     ...      ...      ...   
12772       1       7  121019  135956   545.8   208.3    52.87    28.53   
12773       1       7  121019  135957   545.5  207.75    47.71    25.75   
12774       1       7  121019  135958   545.3  207.75    47.71    25.75   
12775       1       7  121019  135959     545  208.76    43.71    23.59   
12776       1       7  121019  140000   544.9  208.36    35.93    19.39   

      RMCMode RMCStts  ...                            file     dat_cln  \
0           A       A  ...  CAPA15_121019_131001.088_0.csv  2019-10-12   
1           A       A  ...  CAPA15_121019_131001.088_0.csv  2019-10-12   
2           A       A  ...  CAPA15_121019_131001.088_0.csv  2019-10-12   
3           A       A  ...  CAPA15_121019_131001.088_0.csv  2019-10-12   
4           A       A  ...  CAPA15_121019_131001.088_0.csv  2019-10-12   
...       ...     ...  ...                             ...         ...   
12772       D       A  ...     PR4_121019_130127.000_0.csv  2019-10-12   
12773       D       A  ...     PR4_121019_130127.000_0.csv  2019-10-12   
12774       D       A  ...     PR4_121019_130127.000_0.csv  2019-10-12   
12775       D       A  ...     PR4_121019_130127.000_0.csv  2019-10-12   
12776       D       A  ...     PR4_121019_130127.000_0.csv  2019-10-12   

                   dttm_tc              dttm_lc                   tz  \
0      2019-10-12 13:10:06  2019-10-12 06:10:06  America/Los_Angeles   
1      2019-10-12 13:10:06  2019-10-12 06:10:06  America/Los_Angeles   
2      2019-10-12 13:10:08  2019-10-12 06:10:08  America/Los_Angeles   
3      2019-10-12 13:10:09  2019-10-12 06:10:09  America/Los_Angeles   
4      2019-10-12 13:10:10  2019-10-12 06:10:10  America/Los_Angeles   
...                    ...                  ...                  ...   
12772  2019-10-12 13:59:56  2019-10-12 06:59:56  America/Los_Angeles   
12773  2019-10-12 13:59:57  2019-10-12 06:59:57  America/Los_Angeles   
12774  2019-10-12 13:59:58  2019-10-12 06:59:58  America/Los_Angeles   
12775  2019-10-12 13:59:59  2019-10-12 06:59:59  America/Los_Angeles   
12776  2019-10-12 14:00:00  2019-10-12 07:00:00  America/Los_Angeles   

          date_lc              strt_tm              end_tim  trav_id  \
0      2019-10-12  2019-10-12 06:00:00  2019-10-12 07:00:00       am   
1      2019-10-12  2019-10-12 06:00:00  2019-10-12 07:00:00       am   
2      2019-10-12  2019-10-12 06:00:00  2019-10-12 07:00:00       am   
3      2019-10-12  2019-10-12 06:00:00  2019-10-12 07:00:00       am   
4      2019-10-12  2019-10-12 06:00:00  2019-10-12 07:00:00       am   
...           ...                  ...                  ...      ...   
12772  2019-10-12  2019-10-12 06:00:00  2019-10-12 07:00:00       am   
12773  2019-10-12  2019-10-12 06:00:00  2019-10-12 07:00:00       am   
12774  2019-10-12  2019-10-12 06:00:00  2019-10-12 07:00:00       am   
12775  2019-10-12  2019-10-12 06:00:00  2019-10-12 07:00:00       am   
12776  2019-10-12  2019-10-12 06:00:00  2019-10-12 07:00:00       am   

                          geometry  
0      POINT (-117.30703 34.13635)  
1      POINT (-117.30703 34.13635)  
2        POINT (-117.307 34.13628)  
3      POINT (-117.30699 34.13623)  
4        POINT (-117.307 34.13619)  
...                            ...  
12772  POINT (-117.37036 34.20163)  
12773  POINT (-117.37043 34.20152)  
12774  POINT (-117.37049 34.20142)  
12775  POINT (-117.37056 34.20133)  
12776  POINT (-117.37061 34.20125)  

[12777 rows x 29 columns]"
217,"San Bernardino, CA",pm,pm_trav.shp,"/groups/LORTIZUR/heat-watch-data/clean/Heat Watch San Bernardino, CA/traverses_chw_san_bernardino/pm_trav.shp",10906,10906,temp_f,POINT (-117.27291115338996 34.12438582396103),72.44366953970292,72.5,1.9511443022284558,64.03999999999999,79.52,15.480000000000004,71.24000000000001,73.75999999999999,2.519999999999982,[76.64 76.64 76.64 ... 70.16 70.16 70.16],"       hasFix stlltsU    date   time altitud  course  spdKmhr  spdKnts  \
0           1      10  131019  20000   333.1   180.8    47.09    25.42   
1           1      10  131019  20001     333  180.24    47.09    25.17   
2           1      10  131019  20002   333.5  181.22    44.04    23.77   
3           1      10  131019  20003   333.3     178    40.17    21.68   
4           1      10  131019  20004   333.8  177.39    31.42    16.95   
...       ...     ...     ...    ...     ...     ...      ...      ...   
10901       1       9  131019  25933   442.2  288.74    29.76    16.06   
10902       1       9  131019  25934   442.3  288.74    29.76    16.06   
10903       1       9  131019  25935   442.4  298.07    18.14     9.79   
10904       1       9  131019  25936   442.5  294.46    14.11     7.61   
10905       1       9  131019  25937   442.5  296.36     8.32     4.49   

      RMCMode RMCStts  ...                            file     dat_cln  \
0           D       A  ...  CAPA15_131019_014922.000_0.csv  2019-10-13   
1           D       A  ...  CAPA15_131019_014922.000_0.csv  2019-10-13   
2           D       A  ...  CAPA15_131019_014922.000_0.csv  2019-10-13   
3           D       A  ...  CAPA15_131019_014922.000_0.csv  2019-10-13   
4           D       A  ...  CAPA15_131019_014922.000_0.csv  2019-10-13   
...       ...     ...  ...                             ...         ...   
10901       D       A  ...     PR4_131019_020125.090_0.csv  2019-10-13   
10902       D       A  ...     PR4_131019_020125.090_0.csv  2019-10-13   
10903       D       A  ...     PR4_131019_020125.090_0.csv  2019-10-13   
10904       D       A  ...     PR4_131019_020125.090_0.csv  2019-10-13   
10905       D       A  ...     PR4_131019_020125.090_0.csv  2019-10-13   

                   dttm_tc              dttm_lc                   tz  \
0      2019-10-13 02:00:00  2019-10-12 19:00:00  America/Los_Angeles   
1      2019-10-13 02:00:01  2019-10-12 19:00:01  America/Los_Angeles   
2      2019-10-13 02:00:02  2019-10-12 19:00:02  America/Los_Angeles   
3      2019-10-13 02:00:03  2019-10-12 19:00:03  America/Los_Angeles   
4      2019-10-13 02:00:04  2019-10-12 19:00:04  America/Los_Angeles   
...                    ...                  ...                  ...   
10901  2019-10-13 02:59:33  2019-10-12 19:59:33  America/Los_Angeles   
10902  2019-10-13 02:59:34  2019-10-12 19:59:34  America/Los_Angeles   
10903  2019-10-13 02:59:35  2019-10-12 19:59:35  America/Los_Angeles   
10904  2019-10-13 02:59:36  2019-10-12 19:59:36  America/Los_Angeles   
10905  2019-10-13 02:59:37  2019-10-12 19:59:37  America/Los_Angeles   

          date_lc              strt_tm              end_tim  trav_id  \
0      2019-10-12  2019-10-12 19:00:00  2019-10-12 20:00:00       pm   
1      2019-10-12  2019-10-12 19:00:00  2019-10-12 20:00:00       pm   
2      2019-10-12  2019-10-12 19:00:00  2019-10-12 20:00:00       pm   
3      2019-10-12  2019-10-12 19:00:00  2019-10-12 20:00:00       pm   
4      2019-10-12  2019-10-12 19:00:00  2019-10-12 20:00:00       pm   
...           ...                  ...                  ...      ...   
10901  2019-10-12  2019-10-12 19:00:00  2019-10-12 20:00:00       pm   
10902  2019-10-12  2019-10-12 19:00:00  2019-10-12 20:00:00       pm   
10903  2019-10-12  2019-10-12 19:00:00  2019-10-12 20:00:00       pm   
10904  2019-10-12  2019-10-12 19:00:00  2019-10-12 20:00:00       pm   
10905  2019-10-12  2019-10-12 19:00:00  2019-10-12 20:00:00       pm   

                          geometry  
0       POINT (-117.3139 34.10163)  
1       POINT (-117.3139 34.10152)  
2        POINT (-117.3139 34.1014)  
3        POINT (-117.3139 34.1013)  
4       POINT (-117.3139 34.10121)  
...                            ...  
10901  POINT (-117.29717 34.17732)  
10902  POINT (-117.29724 34.17734)  
10903  POINT (-117.29729 34.17736)  
10904  POINT (-117.29733 34.17738)  
10905  POINT (-117.29736 34.17739)  

[10906 rows x 29 columns]"
218,"San Diego, CA",af,af_trav.shp,"/groups/LORTIZUR/heat-watch-data/clean/Heat Watch San Diego, CA/traverses_chw_san_diego_120721/af_trav.shp",30858,30858,temp_f,POINT (-117.10893929617613 32.7020614504017),76.62963121394776,76.48,3.4538976640783963,69.54,85.08,15.539999999999992,73.61,79.74,6.1299999999999955,[73.51 73.51 73.51 ... 76.66 76.66 76.3 ],"                  datetime  temp_f   hi_f    rh  \
0      2021-09-13 15:00:00   73.51  74.70  92.4   
1      2021-09-13 15:00:01   73.51  74.70  92.4   
2      2021-09-13 15:00:02   73.51  74.70  92.4   
3      2021-09-13 15:00:03   73.51  74.70  92.4   
4      2021-09-13 15:00:04   73.51  74.70  92.4   
...                    ...     ...    ...   ...   
30853  2021-09-13 15:13:17   77.02  78.95  98.6   
30854  2021-09-13 15:13:18   77.02  78.95  98.6   
30855  2021-09-13 15:13:19   76.66  78.56  98.6   
30856  2021-09-13 15:13:20   76.66  78.56  98.6   
30857  2021-09-13 15:13:21   76.30  78.16  98.6   

                                   file   kmph trav_id  value  \
0          1025_130921_215303.000_0.csv  36.00      af      1   
1          1025_130921_215303.000_0.csv  35.56      af      2   
2          1025_130921_215303.000_0.csv  35.51      af      3   
3          1025_130921_215303.000_0.csv  35.08      af      4   
4          1025_130921_215303.000_0.csv  35.08      af      5   
...                                 ...    ...     ...    ...   
30853  fix_1115_130921_213427.000_0.csv  27.05      af  30854   
30854  fix_1115_130921_213427.000_0.csv  24.08      af  30855   
30855  fix_1115_130921_213427.000_0.csv  22.24      af  30856   
30856  fix_1115_130921_213427.000_0.csv  25.32      af  30857   
30857  fix_1115_130921_213427.000_0.csv  25.32      af  30858   

                          geometry  
0       POINT (-117.08416 32.5474)  
1      POINT (-117.08416 32.54731)  
2      POINT (-117.08416 32.54722)  
3      POINT (-117.08416 32.54714)  
4      POINT (-117.08416 32.54705)  
...                            ...  
30853  POINT (-117.13366 32.69383)  
30854   POINT (-117.1336 32.69383)  
30855  POINT (-117.13352 32.69383)  
30856  POINT (-117.13344 32.69384)  
30857  POINT (-117.13339 32.69383)  

[30858 rows x 9 columns]"
219,"San Diego, CA",am,am_trav.shp,"/groups/LORTIZUR/heat-watch-data/clean/Heat Watch San Diego, CA/traverses_chw_san_diego_120721/am_trav.shp",30869,30869,temp_f,POINT (-117.11879284430606 32.70978773852479),64.16061064498365,64.03,1.195104397539902,61.08,67.8,6.719999999999999,63.2,65.11,1.9099999999999966,[65.65 65.65 65.65 ... 63.75 63.39 63.39],"                  datetime  temp_f   hi_f    rh  \
0      2021-09-13 06:00:28   65.65  66.43  93.4   
1      2021-09-13 06:00:30   65.65  66.43  93.4   
2      2021-09-13 06:00:31   65.65  66.43  93.4   
3      2021-09-13 06:00:32   65.65  66.43  93.4   
4      2021-09-13 06:00:33   65.65  66.43  93.4   
...                    ...     ...    ...   ...   
30864  2021-09-13 06:53:01   63.39  63.37  86.4   
30865  2021-09-13 06:53:02   63.39  63.37  86.4   
30866  2021-09-13 06:53:03   63.75  63.77  86.4   
30867  2021-09-13 06:53:05   63.39  63.37  86.4   
30868  2021-09-13 06:53:06   63.39  63.37  86.4   

                                   file   kmph trav_id  value  \
0          1025_130921_125304.000_0.csv   9.37      am      1   
1          1025_130921_125304.000_0.csv   9.37      am      2   
2          1025_130921_125304.000_0.csv  11.93      am      3   
3          1025_130921_125304.000_0.csv  11.53      am      4   
4          1025_130921_125304.000_0.csv  11.55      am      5   
...                                 ...    ...     ...    ...   
30864  fix_1118_130921_125332.000_0.csv  35.70      am  30865   
30865  fix_1118_130921_125332.000_0.csv  37.53      am  30866   
30866  fix_1118_130921_125332.000_0.csv  38.71      am  30867   
30867  fix_1118_130921_125332.000_0.csv  35.35      am  30868   
30868  fix_1118_130921_125332.000_0.csv  32.03      am  30869   

                          geometry  
0      POINT (-117.20083 32.76748)  
1      POINT (-117.20088 32.76751)  
2      POINT (-117.20091 32.76753)  
3      POINT (-117.20094 32.76755)  
4      POINT (-117.20096 32.76757)  
...                            ...  
30864  POINT (-117.05811 32.71534)  
30865  POINT (-117.05812 32.71525)  
30866  POINT (-117.05812 32.71515)  
30867  POINT (-117.05812 32.71496)  
30868  POINT (-117.05812 32.71488)  

[30869 rows x 9 columns]"
220,"San Diego, CA",pm,pm_trav.shp,"/groups/LORTIZUR/heat-watch-data/clean/Heat Watch San Diego, CA/traverses_chw_san_diego_120721/pm_trav.shp",31122,31122,temp_f,POINT (-117.11400308148423 32.70591984421596),68.4559530235846,68.315,1.9017219491306212,64.17,74.55,10.379999999999995,66.96,70.08,3.1200000000000045,[65.65 65.65 65.47 ... 69.12 69.12 69.12],"                  datetime  temp_f   hi_f    rh                          file  \
0      2021-09-13 19:14:16   65.65  66.83  93.4  1025_140921_021205.000_0.csv   
1      2021-09-13 19:14:17   65.65  66.83  93.4  1025_140921_021205.000_0.csv   
2      2021-09-13 19:14:18   65.47  66.63  93.4  1025_140921_021205.000_0.csv   
3      2021-09-13 19:14:19   65.47  66.63  93.4  1025_140921_021205.000_0.csv   
4      2021-09-13 19:14:20   65.47  66.63  93.4  1025_140921_021205.000_0.csv   
...                    ...     ...    ...   ...                           ...   
31117  2021-09-13 19:59:56   69.12  68.96  87.4  1118_140921_020258.000_0.csv   
31118  2021-09-13 19:59:57   69.12  68.96  87.4  1118_140921_020258.000_0.csv   
31119  2021-09-13 19:59:58   69.12  68.96  87.4  1118_140921_020258.000_0.csv   
31120  2021-09-13 19:59:59   69.12  68.96  87.4  1118_140921_020258.000_0.csv   
31121  2021-09-13 20:00:00   69.12  68.96  87.4  1118_140921_020258.000_0.csv   

        kmph trav_id  value                     geometry  
0      25.10      pm      1   POINT (-117.08416 32.5579)  
1      26.53      pm      2  POINT (-117.08416 32.55783)  
2      26.53      pm      3  POINT (-117.08416 32.55776)  
3      31.24      pm      4  POINT (-117.08416 32.55768)  
4      32.83      pm      5  POINT (-117.08416 32.55759)  
...      ...     ...    ...                          ...  
31117  30.31      pm  31118  POINT (-117.06643 32.72247)  
31118  30.34      pm  31119  POINT (-117.06647 32.72254)  
31119  29.67      pm  31120   POINT (-117.06652 32.7226)  
31120  29.67      pm  31121  POINT (-117.06656 32.72267)  
31121  29.87      pm  31122   POINT (-117.0666 32.72274)  

[31122 rows x 9 columns]"
221,"San Francisco, CA",af,af_trav.shp,"/groups/LORTIZUR/heat-watch-data/clean/Heat Watch San Francisco, CA/traverses_chw_san_francisco_110122/af_trav.shp",19357,19357,temp_f,POINT (-122.43590004374009 37.759978125139746),68.12737510977941,68.0,2.434907025627534,62.8,75.9,13.100000000000009,66.1,69.8,3.700000000000003,[65.7 65.5 65.5 ... 66.5 66.5 66.3],"       temp_f      rh    hi_f                     geometry
0        65.7 -9999.0 -9999.0  POINT (-122.50482 37.75116)
1        65.5 -9999.0 -9999.0  POINT (-122.50491 37.75116)
2        65.5 -9999.0 -9999.0  POINT (-122.50498 37.75115)
3        65.5 -9999.0 -9999.0  POINT (-122.50504 37.75115)
4        65.5 -9999.0 -9999.0  POINT (-122.50508 37.75115)
...       ...     ...     ...                          ...
19352    66.3    82.0    66.1  POINT (-122.47134 37.77539)
19353    66.3    82.0    66.1  POINT (-122.47134 37.77548)
19354    66.5    82.0    66.3  POINT (-122.47136 37.77558)
19355    66.5    82.0    66.3  POINT (-122.47136 37.77568)
19356    66.3    82.0    66.1  POINT (-122.47137 37.77579)

[19357 rows x 4 columns]"
222,"San Francisco, CA",am,am_trav.shp,"/groups/LORTIZUR/heat-watch-data/clean/Heat Watch San Francisco, CA/traverses_chw_san_francisco_110122/am_trav.shp",19729,19729,temp_f,POINT (-122.43906968954308 37.75358297100723),55.73397029753156,55.7,0.8822060135144316,53.4,59.4,6.0,55.1,56.3,1.1999999999999957,[57.1 56.8 56.8 ... 55.8 55.4 55.4],"       temp_f      rh    hi_f                     geometry
0        57.1 -9999.0 -9999.0   POINT (-122.4988 37.75145)
1        56.8 -9999.0 -9999.0  POINT (-122.49893 37.75144)
2        56.8 -9999.0 -9999.0  POINT (-122.49901 37.75144)
3        56.8 -9999.0 -9999.0   POINT (-122.4991 37.75144)
4        56.6 -9999.0 -9999.0   POINT (-122.4992 37.75144)
...       ...     ...     ...                          ...
19724    55.8    79.0    54.0  POINT (-122.48176 37.77265)
19725    55.8    79.0    54.0  POINT (-122.48162 37.77266)
19726    55.8    79.0    54.0  POINT (-122.48147 37.77266)
19727    55.4    79.0    53.6  POINT (-122.48132 37.77266)
19728    55.4    79.0    53.6  POINT (-122.48118 37.77266)

[19729 rows x 4 columns]"
223,"San Francisco, CA",pm,pm_trav.shp,"/groups/LORTIZUR/heat-watch-data/clean/Heat Watch San Francisco, CA/traverses_chw_san_francisco_110122/pm_trav.shp",20724,20724,temp_f,POINT (-122.43949134063612 37.75812353824862),62.342043041883805,62.1,1.5528469396279596,58.5,68.5,10.0,61.2,63.3,2.0999999999999943,[67.2 67.2 66.3 ... 60.4 60.4 60.4],"       temp_f      rh    hi_f                     geometry
0        67.2 -9999.0 -9999.0  POINT (-122.49811 37.75146)
1        67.2 -9999.0 -9999.0  POINT (-122.49822 37.75145)
2        66.3 -9999.0 -9999.0  POINT (-122.49851 37.75143)
3        66.3 -9999.0 -9999.0  POINT (-122.49864 37.75142)
4        66.6 -9999.0 -9999.0  POINT (-122.49868 37.75142)
...       ...     ...     ...                          ...
20719    60.3    80.0    58.8  POINT (-122.47297 37.80169)
20720    60.4    80.0    59.0  POINT (-122.47295 37.80163)
20721    60.4    80.0    59.0  POINT (-122.47293 37.80155)
20722    60.4    80.0    59.0  POINT (-122.47291 37.80147)
20723    60.4    80.0    59.0   POINT (-122.4729 37.80138)

[20724 rows x 4 columns]"
224,"San Jose and Santa Clara, CA",af,af_trav.shp,"/groups/LORTIZUR/heat-watch-data/clean/Heat Watch San Jose and Santa Clara, CA/traverses_chw_san_jose_santa_clara_110520/af_trav.shp",49918,49918,temp_f,POINT (-121.87711656490742 37.32029653734215),75.69099563283784,76.1,2.6977547662488193,67.64,84.38,16.739999999999995,73.75999999999999,77.72,3.960000000000008,[75.02 75.02 75.02 ... 73.04 73.22 73.22],"       hasFix stlltsU    date        time altitud  course  spdKmhr  spdKnts  \
0           1       7  260820  220115.000     6.1   59.94    15.21    13.70   
1           1       7  260820  220116.000     6.0   57.28    29.35    15.84   
2           1       7  260820  220117.000     5.7   58.81    32.12    17.34   
3           1       7  260820  220118.000     5.2   58.81    32.12    17.34   
4           1       7  260820  220120.000     4.7   66.98    35.76    19.30   
...       ...     ...     ...         ...     ...     ...      ...      ...   
49913       1       9  260820  230055.000    17.9  205.43    26.37    14.23   
49914       1       9  260820  230056.000    17.9  209.49    28.52    15.39   
49915       1       9  260820  230057.000    17.6  220.28    29.12    15.71   
49916       1       9  260820  230058.000    17.2  220.28    29.12    15.71   
49917       1       9  260820  230059.000    17.1  236.18    29.33    15.83   

      RMCMode RMCStts  ...              dttm_tc              dttm_lc  \
0           K       A  ...  2020-08-26 22:01:00  2020-08-26 15:01:00   
1           A       A  ...  2020-08-26 22:01:00  2020-08-26 15:01:00   
2           A       A  ...  2020-08-26 22:01:00  2020-08-26 15:01:00   
3           A       A  ...  2020-08-26 22:01:00  2020-08-26 15:01:00   
4           A       A  ...  2020-08-26 22:01:00  2020-08-26 15:01:00   
...       ...     ...  ...                  ...                  ...   
49913       D       A  ...  2020-08-26 23:00:00  2020-08-26 16:00:00   
49914       D       A  ...  2020-08-26 23:00:00  2020-08-26 16:00:00   
49915       D       A  ...  2020-08-26 23:00:00  2020-08-26 16:00:00   
49916       D       A  ...  2020-08-26 23:00:00  2020-08-26 16:00:00   
49917       D       A  ...  2020-08-26 23:00:00  2020-08-26 16:00:00   

                        tz     date_lc              strt_tm  \
0      America/Los_Angeles  2020-08-26  2020-08-26 15:00:00   
1      America/Los_Angeles  2020-08-26  2020-08-26 15:00:00   
2      America/Los_Angeles  2020-08-26  2020-08-26 15:00:00   
3      America/Los_Angeles  2020-08-26  2020-08-26 15:00:00   
4      America/Los_Angeles  2020-08-26  2020-08-26 15:00:00   
...                    ...         ...                  ...   
49913  America/Los_Angeles  2020-08-26  2020-08-26 15:00:00   
49914  America/Los_Angeles  2020-08-26  2020-08-26 15:00:00   
49915  America/Los_Angeles  2020-08-26  2020-08-26 15:00:00   
49916  America/Los_Angeles  2020-08-26  2020-08-26 15:00:00   
49917  America/Los_Angeles  2020-08-26  2020-08-26 15:00:00   

                   end_tim trav_id         lon        lat  \
0      2020-08-26 16:00:00      af -121.944657  37.389765   
1      2020-08-26 16:00:00      af -121.944578  37.389802   
2      2020-08-26 16:00:00      af -121.944492  37.389843   
3      2020-08-26 16:00:00      af -121.944395  37.389883   
4      2020-08-26 16:00:00      af -121.944190  37.389953   
...                    ...     ...         ...        ...   
49913  2020-08-26 16:00:00      af -121.935220  37.342968   
49914  2020-08-26 16:00:00      af -121.935262  37.342903   
49915  2020-08-26 16:00:00      af -121.935312  37.342842   
49916  2020-08-26 16:00:00      af -121.935370  37.342792   
49917  2020-08-26 16:00:00      af -121.935440  37.342745   

                          geometry  
0      POINT (-121.94466 37.38976)  
1       POINT (-121.94458 37.3898)  
2      POINT (-121.94449 37.38984)  
3       POINT (-121.9444 37.38988)  
4      POINT (-121.94419 37.38995)  
...                            ...  
49913  POINT (-121.93522 37.34297)  
49914   POINT (-121.93526 37.3429)  
49915  POINT (-121.93531 37.34284)  
49916  POINT (-121.93537 37.34279)  
49917  POINT (-121.93544 37.34274)  

[49918 rows x 27 columns]"
225,"San Jose and Santa Clara, CA",am,am_trav.shp,"/groups/LORTIZUR/heat-watch-data/clean/Heat Watch San Jose and Santa Clara, CA/traverses_chw_san_jose_santa_clara_110520/am_trav.shp",49517,49517,temp_f,POINT (-121.88250469027362 37.328351580446714),62.40395823656522,62.6,1.2826000590352187,57.379999999999995,66.2,8.820000000000007,61.519999999999996,63.31999999999999,1.7999999999999972,[63.5  63.5  63.5  ... 62.78 62.78 62.78],"       hasFix stlltsU    date        time altitud  course  spdKmhr  spdKnts  \
0           1       8  260820  130143.000     2.2   95.22    31.60    17.06   
1           1       8  260820  130144.000     2.4   95.28    28.55    15.41   
2           1       8  260820  130145.000     2.5   95.28    28.55    15.41   
3           1       8  260820  130146.000     2.7   92.99    27.63    14.91   
4           1       8  260820  130147.000     2.7   91.84    29.50    15.92   
...       ...     ...     ...         ...     ...     ...      ...      ...   
49512       1       8  260820  140052.000    26.2  335.78    44.52    24.03   
49513       1       7  260820  140053.000    26.4  335.27    45.23    24.41   
49514       1       8  260820  140057.000    26.7  335.90    45.36    24.48   
49515       1       8  260820  140058.000    26.8  335.57    45.91    24.78   
49516       1       8  260820  140059.000    26.7  335.35    46.70    25.20   

      RMCMode RMCStts  ...              dttm_tc              dttm_lc  \
0           D       A  ...  2020-08-26 13:01:00  2020-08-26 06:01:00   
1           D       A  ...  2020-08-26 13:01:00  2020-08-26 06:01:00   
2           D       A  ...  2020-08-26 13:01:00  2020-08-26 06:01:00   
3           D       A  ...  2020-08-26 13:01:00  2020-08-26 06:01:00   
4           D       A  ...  2020-08-26 13:01:00  2020-08-26 06:01:00   
...       ...     ...  ...                  ...                  ...   
49512       D       A  ...  2020-08-26 14:00:00  2020-08-26 07:00:00   
49513       D       A  ...  2020-08-26 14:00:00  2020-08-26 07:00:00   
49514       D       A  ...  2020-08-26 14:00:00  2020-08-26 07:00:00   
49515       D       A  ...  2020-08-26 14:00:00  2020-08-26 07:00:00   
49516       D       A  ...  2020-08-26 14:00:00  2020-08-26 07:00:00   

                        tz     date_lc              strt_tm  \
0      America/Los_Angeles  2020-08-26  2020-08-26 06:00:00   
1      America/Los_Angeles  2020-08-26  2020-08-26 06:00:00   
2      America/Los_Angeles  2020-08-26  2020-08-26 06:00:00   
3      America/Los_Angeles  2020-08-26  2020-08-26 06:00:00   
4      America/Los_Angeles  2020-08-26  2020-08-26 06:00:00   
...                    ...         ...                  ...   
49512  America/Los_Angeles  2020-08-26  2020-08-26 06:00:00   
49513  America/Los_Angeles  2020-08-26  2020-08-26 06:00:00   
49514  America/Los_Angeles  2020-08-26  2020-08-26 06:00:00   
49515  America/Los_Angeles  2020-08-26  2020-08-26 06:00:00   
49516  America/Los_Angeles  2020-08-26  2020-08-26 06:00:00   

                   end_tim trav_id         lon        lat  \
0      2020-08-26 07:00:00      am -121.942992  37.390017   
1      2020-08-26 07:00:00      am -121.942895  37.390008   
2      2020-08-26 07:00:00      am -121.942805  37.390000   
3      2020-08-26 07:00:00      am -121.942713  37.389993   
4      2020-08-26 07:00:00      am -121.942620  37.389987   
...                    ...     ...         ...        ...   
49512  2020-08-26 07:00:00      am -121.944078  37.341368   
49513  2020-08-26 07:00:00      am -121.944138  37.341482   
49514  2020-08-26 07:00:00      am -121.944373  37.341923   
49515  2020-08-26 07:00:00      am -121.944437  37.342035   
49516  2020-08-26 07:00:00      am -121.944498  37.342150   

                          geometry  
0      POINT (-121.94299 37.39002)  
1       POINT (-121.9429 37.39001)  
2          POINT (-121.9428 37.39)  
3      POINT (-121.94271 37.38999)  
4      POINT (-121.94262 37.38999)  
...                            ...  
49512  POINT (-121.94408 37.34137)  
49513  POINT (-121.94414 37.34148)  
49514  POINT (-121.94437 37.34192)  
49515  POINT (-121.94444 37.34204)  
49516   POINT (-121.9445 37.34215)  

[49517 rows x 27 columns]"
226,"San Jose and Santa Clara, CA",pm,pm_trav.shp,"/groups/LORTIZUR/heat-watch-data/clean/Heat Watch San Jose and Santa Clara, CA/traverses_chw_san_jose_santa_clara_110520/pm_trav.shp",47120,47120,temp_f,POINT (-121.87240316743431 37.32088410673194),65.69077419354839,65.66,1.8054865058663374,61.16,70.7,9.540000000000006,64.4,66.92,2.519999999999996,[66.02 66.02 65.84 ... 64.22 64.22 64.22],"       hasFix stlltsU    date        time altitud  course  spdKmhr  spdKnts  \
0           1       8  270820  020226.000    19.4   55.90    32.89    17.75   
1           1       8  270820  020227.000    19.3   60.68    35.17    18.98   
2           1       8  270820  020228.000    19.1   63.59    34.81    18.79   
3           1       8  270820  020229.000    19.0   67.97    35.14    18.97   
4           1       8  270820  020231.000    18.5   71.85    35.88    19.36   
...       ...     ...     ...         ...     ...     ...      ...      ...   
47115       1       8  270820       25602    50.2  333.05    44.40    23.96   
47116       1       8  270820       25603    49.4  333.05    44.40    23.96   
47117       1       8  270820       25604    48.2  341.81    31.56    17.03   
47118       1       8  270820       25605    46.3  337.45    22.39    12.09   
47119       1       8  270820       25606    45.2  336.23    11.95     6.45   

      RMCMode RMCStts  ...              dttm_tc              dttm_lc  \
0           D       A  ...  2020-08-27 02:02:00  2020-08-26 19:02:00   
1           D       A  ...  2020-08-27 02:02:00  2020-08-26 19:02:00   
2           D       A  ...  2020-08-27 02:02:00  2020-08-26 19:02:00   
3           D       A  ...  2020-08-27 02:02:00  2020-08-26 19:02:00   
4           D       A  ...  2020-08-27 02:02:00  2020-08-26 19:02:00   
...       ...     ...  ...                  ...                  ...   
47115       D       A  ...  2020-08-27 02:56:02  2020-08-26 19:56:02   
47116       D       A  ...  2020-08-27 02:56:03  2020-08-26 19:56:03   
47117       D       A  ...  2020-08-27 02:56:04  2020-08-26 19:56:04   
47118       D       A  ...  2020-08-27 02:56:05  2020-08-26 19:56:05   
47119       D       A  ...  2020-08-27 02:56:06  2020-08-26 19:56:06   

                        tz     date_lc              strt_tm  \
0      America/Los_Angeles  2020-08-26  2020-08-26 19:00:00   
1      America/Los_Angeles  2020-08-26  2020-08-26 19:00:00   
2      America/Los_Angeles  2020-08-26  2020-08-26 19:00:00   
3      America/Los_Angeles  2020-08-26  2020-08-26 19:00:00   
4      America/Los_Angeles  2020-08-26  2020-08-26 19:00:00   
...                    ...         ...                  ...   
47115  America/Los_Angeles  2020-08-26  2020-08-26 19:00:00   
47116  America/Los_Angeles  2020-08-26  2020-08-26 19:00:00   
47117  America/Los_Angeles  2020-08-26  2020-08-26 19:00:00   
47118  America/Los_Angeles  2020-08-26  2020-08-26 19:00:00   
47119  America/Los_Angeles  2020-08-26  2020-08-26 19:00:00   

                   end_tim trav_id         lon        lat  \
0      2020-08-26 20:00:00      pm -121.944362  37.389815   
1      2020-08-26 20:00:00      pm -121.944265  37.389855   
2      2020-08-26 20:00:00      pm -121.944165  37.389893   
3      2020-08-26 20:00:00      pm -121.944058  37.389927   
4      2020-08-26 20:00:00      pm -121.943822  37.389972   
...                    ...     ...         ...        ...   
47115  2020-08-26 20:00:00      pm -121.870227  37.274933   
47116  2020-08-26 20:00:00      pm -121.870277  37.275018   
47117  2020-08-26 20:00:00      pm -121.870312  37.275090   
47118  2020-08-26 20:00:00      pm -121.870347  37.275142   
47119  2020-08-26 20:00:00      pm -121.870358  37.275163   

                          geometry  
0      POINT (-121.94436 37.38982)  
1      POINT (-121.94426 37.38986)  
2      POINT (-121.94416 37.38989)  
3      POINT (-121.94406 37.38993)  
4      POINT (-121.94382 37.38997)  
...                            ...  
47115  POINT (-121.87023 37.27493)  
47116  POINT (-121.87028 37.27502)  
47117  POINT (-121.87031 37.27509)  
47118  POINT (-121.87035 37.27514)  
47119  POINT (-121.87036 37.27516)  

[47120 rows x 27 columns]"
227,"San Juan, PR",af,af_trav.shp,"/groups/LORTIZUR/heat-watch-data/clean/Heat Watch San Juan, PR/traverses_chw_san_juan/af_trav.shp",17312,17312,temp_f,POINT (-66.06507677627494 18.398036753638753),89.74113447319779,89.96,2.195880176168707,84.2,96.62,12.420000000000002,87.8,91.4,3.6000000000000085,[86.72 86.18 86.18 ... 90.86 90.86 90.86],"        T_C    RH        lat       long  time_n  speed  temp_f  case  \
0      30.4  68.5  18.426913 -66.058907  180000  31.04   86.72     2   
1      30.1  68.0  18.426838 -66.058892  180001  31.04   86.18     2   
2      30.1  68.0  18.426838 -66.058892  180001  31.04   86.18     2   
3      30.4  68.1  18.426693 -66.058855  180003  27.99   86.72     2   
4      30.4  68.1  18.426628 -66.058830  180004  25.92   86.72     2   
...     ...   ...        ...        ...     ...    ...     ...   ...   
17307  32.7  55.9  18.405200 -66.065123  185552  21.09   90.86     2   
17308  32.7  55.9  18.405248 -66.065135  185553  18.27   90.86     2   
17309  32.7  55.9  18.405288 -66.065150  185554  18.27   90.86     2   
17310  32.7  55.9  18.405323 -66.065162  185555  13.25   90.86     2   
17311  32.7  55.9  18.405348 -66.065168  185556   9.05   90.86     2   

            HI_F       HI_C                    geometry  
0      96.151346  35.639637  POINT (-66.05891 18.42691)  
1      94.633439  34.796355  POINT (-66.05889 18.42684)  
2      94.633439  34.796355  POINT (-66.05889 18.42684)  
3      95.966043  35.536691  POINT (-66.05886 18.42669)  
4      95.966043  35.536691  POINT (-66.05883 18.42663)  
...          ...        ...                         ...  
17307  99.355671  37.419817   POINT (-66.06512 18.4052)  
17308  99.355671  37.419817  POINT (-66.06514 18.40525)  
17309  99.355671  37.419817  POINT (-66.06515 18.40529)  
17310  99.355671  37.419817  POINT (-66.06516 18.40532)  
17311  99.355671  37.419817  POINT (-66.06517 18.40535)  

[17312 rows x 11 columns]"
228,"San Juan, PR",am,am_trav.shp,"/groups/LORTIZUR/heat-watch-data/clean/Heat Watch San Juan, PR/traverses_chw_san_juan/am_trav.shp",22571,22571,temp_f,POINT (-66.06223804349797 18.406863075727237),78.4826972664038,79.52,2.4180126829154984,70.52,82.4,11.88000000000001,77.54,80.06,2.519999999999996,[79.34 79.34 79.34 ... 78.62 78.62 78.62],"        T_C    RH        lat       long    time_n  speed  temp_f  case  \
0      26.3  82.7  18.430188 -66.059655  100047.0   8.10   79.34     1   
1      26.3  82.7  18.430168 -66.059637  100048.0  11.29   79.34     1   
2      26.3  82.7  18.430143 -66.059620  100049.0  11.29   79.34     1   
3      26.3  82.7  18.430112 -66.059605  100050.0  13.60   79.34     1   
4      26.3  82.7  18.430077 -66.059595  100051.0  13.72   79.34     1   
...     ...   ...        ...        ...       ...    ...     ...   ...   
22566  26.0  79.2  18.404973 -66.065102  105556.0  14.31   78.80     1   
22567  25.9  79.1  18.405067 -66.065112  105558.0  17.37   78.62     1   
22568  25.9  79.1  18.405230 -66.065155  105601.0   9.23   78.62     1   
22569  25.9  79.1  18.405313 -66.065190  105603.0   9.23   78.62     1   
22570  25.9  79.1  18.405342 -66.065193  105604.0   9.04   78.62     1   

          HI_F       HI_C                    geometry  
0      80.8609  27.144944  POINT (-66.05966 18.43019)  
1      80.8609  27.144944  POINT (-66.05964 18.43017)  
2      80.8609  27.144944  POINT (-66.05962 18.43014)  
3      80.8609  27.144944   POINT (-66.0596 18.43011)  
4      80.8609  27.144944   POINT (-66.0596 18.43008)  
...        ...        ...                         ...  
22566  80.1024  26.723556   POINT (-66.0651 18.40497)  
22567  79.8997  26.610944  POINT (-66.06511 18.40507)  
22568  79.8997  26.610944  POINT (-66.06516 18.40523)  
22569  79.8997  26.610944  POINT (-66.06519 18.40531)  
22570  79.8997  26.610944  POINT (-66.06519 18.40534)  

[22571 rows x 11 columns]"
229,"San Juan, PR",pm,pm_trav.shp,"/groups/LORTIZUR/heat-watch-data/clean/Heat Watch San Juan, PR/traverses_chw_san_juan/pm_trav.shp",19342,19342,temp_f,POINT (-66.0631553579226 18.399098628461275),82.7299968979423,83.3,1.6381715882058299,75.02,86.36,11.340000000000003,82.58,83.66,1.0799999999999983,[83.48 83.48 83.48 ... 82.94 82.94 82.94],"        T_C    RH        lat       long  time_n  speed  temp_f  case  \
0      28.6  74.0  18.430915 -66.059882  230023  17.78   83.48     2   
1      28.6  74.0  18.430863 -66.059867  230024  17.78   83.48     2   
2      28.6  74.0  18.430667 -66.059867  230025  20.40   83.48     2   
3      28.6  74.0  18.430755 -66.059833  230026  22.78   83.48     2   
4      28.6  74.0  18.430693 -66.059817  230027  24.63   83.48     2   
...     ...   ...        ...        ...     ...    ...     ...   ...   
19337  28.2  71.1  18.405317 -66.065123  235535  20.19   82.76     2   
19338  28.3  71.2  18.405362 -66.065132  235536  17.81   82.94     2   
19339  28.3  71.2  18.405400 -66.065140  235537  14.85   82.94     2   
19340  28.3  71.1  18.405430 -66.065143  235538  10.50   82.94     2   
19341  28.3  71.1  18.405448 -66.065143  235539  10.50   82.94     2   

            HI_F       HI_C                    geometry  
0      90.590905  32.550503  POINT (-66.05988 18.43092)  
1      90.590905  32.550503  POINT (-66.05987 18.43086)  
2      90.590905  32.550503  POINT (-66.05987 18.43067)  
3      90.590905  32.550503  POINT (-66.05983 18.43076)  
4      90.590905  32.550503  POINT (-66.05982 18.43069)  
...          ...        ...                         ...  
19337  88.190800  31.217111  POINT (-66.06512 18.40532)  
19338  88.588076  31.437820  POINT (-66.06513 18.40536)  
19339  88.588076  31.437820   POINT (-66.06514 18.4054)  
19340  88.560926  31.422737  POINT (-66.06514 18.40543)  
19341  88.560926  31.422737  POINT (-66.06514 18.40545)  

[19342 rows x 11 columns]"
230,"Santa Fe, NM",af,af_trav.shp,"/groups/LORTIZUR/heat-watch-data/clean/Heat Watch Santa Fe, NM/traverses_chw_santa_fe_081524/af_trav.shp",14142,14142,temp_f,POINT (-105.96922259432017 35.663293073254096),88.90479422995332,88.7,2.204075225448296,82.6,96.5,13.900000000000006,87.3,90.5,3.200000000000003,[90.5 90.9 91.1 ... 87.5 87.1 87. ],"       temp_f    rh  hi_f                     geometry
0        90.5  18.1  86.6   POINT (-105.9824 35.63344)
1        90.9  17.5  87.0  POINT (-106.01735 35.63489)
2        91.1  17.1  87.1  POINT (-105.98274 35.63863)
3        89.9  18.4  86.1  POINT (-105.97729 35.63471)
4        90.5  17.3  86.6   POINT (-106.01495 35.6347)
...       ...   ...   ...                          ...
14137    88.4  18.8  84.8  POINT (-105.98148 35.65218)
14138    87.8  20.4  84.4  POINT (-105.98155 35.65241)
14139    87.5  19.1  84.0  POINT (-105.98167 35.65254)
14140    87.1  20.5  83.8  POINT (-105.98177 35.65268)
14141    87.0  19.0  83.6  POINT (-105.98184 35.65284)

[14142 rows x 4 columns]"
231,"Santa Fe, NM",am,am_trav.shp,"/groups/LORTIZUR/heat-watch-data/clean/Heat Watch Santa Fe, NM/traverses_chw_santa_fe_081524/am_trav.shp",15007,15007,temp_f,POINT (-105.96793204784882 35.664527041348485),63.02929966015859,63.4,1.7722817695602329,56.8,67.2,10.400000000000006,62.1,64.2,2.1000000000000014,[64.8 62.1 64.5 ... 64.2 64.2 64.4],"       temp_f    rh  hi_f                     geometry
0        64.8  57.7  63.7  POINT (-105.93602 35.69415)
1        62.1  61.0  60.8   POINT (-105.93787 35.7047)
2        64.5  57.2  63.3   POINT (-105.94493 35.6944)
3        64.4  52.8  63.0  POINT (-105.91201 35.70291)
4        63.3  59.3  62.1   POINT (-105.9419 35.69647)
...       ...   ...   ...                          ...
15002    64.1  59.0  63.0   POINT (-105.9845 35.65204)
15003    64.2  58.9  63.1  POINT (-105.98429 35.65205)
15004    64.2  59.1  63.0  POINT (-105.98403 35.65204)
15005    64.2  58.6  63.1  POINT (-105.98377 35.65205)
15006    64.4  57.8  63.2   POINT (-105.9835 35.65205)

[15007 rows x 4 columns]"
232,"Santa Fe, NM",pm,pm_trav.shp,"/groups/LORTIZUR/heat-watch-data/clean/Heat Watch Santa Fe, NM/traverses_chw_santa_fe_081524/pm_trav.shp",14908,14908,temp_f,POINT (-105.96972291660477 35.66401934942633),86.09810169036759,86.1,1.7759067165271107,81.4,90.5,9.099999999999994,84.9,87.3,2.3999999999999915,[88.2 88.  88.  ... 86.1 86.1 86.1],"       temp_f    rh  hi_f                     geometry
0        88.2  14.6  84.4   POINT (-106.0453 35.64396)
1        88.0  14.6  84.2  POINT (-106.04586 35.64488)
2        88.0  14.4  84.3  POINT (-106.04526 35.64607)
3        87.9  14.9  84.2   POINT (-106.04433 35.6392)
4        88.4  12.7  84.5  POINT (-106.03561 35.61891)
...       ...   ...   ...                          ...
14903    86.3  17.8  83.0  POINT (-105.98199 35.65211)
14904    86.2  17.8  82.9  POINT (-105.98178 35.65212)
14905    86.1  17.9  82.8  POINT (-105.98162 35.65215)
14906    86.1  17.8  82.8  POINT (-105.98152 35.65234)
14907    86.1  17.8  82.8  POINT (-105.98161 35.65246)

[14908 rows x 4 columns]"
233,"Scranton and Wilkes Barre, PA",af,af_trav.shp,"/groups/LORTIZUR/heat-watch-data/clean/Heat Watch Scranton and Wilkes Barre, PA/traverses_chw_scranton_092023/af_trav.shp",19231,19231,temp_f,POINT (-75.78825183402913 41.3235089621713),85.7159742083095,85.7,1.479228421916673,80.7,92.6,11.899999999999991,84.7,86.6,1.8999999999999915,[85.3 85.3 85.2 ... 86.3 86.2 86.6],"       temp_f    rh  hi_f                    geometry
0        85.3  42.7  85.2  POINT (-75.68496 41.40415)
1        85.3  42.6  85.2   POINT (-75.68486 41.4041)
2        85.2  42.3  85.0  POINT (-75.68474 41.40404)
3        85.2  42.8  85.1   POINT (-75.6846 41.40399)
4        85.2  43.1  85.2  POINT (-75.68448 41.40393)
...       ...   ...   ...                         ...
19226    86.6  44.3  87.1  POINT (-75.89243 41.28377)
19227    86.4  44.3  87.0   POINT (-75.8925 41.28384)
19228    86.3  44.4  86.9  POINT (-75.89253 41.28387)
19229    86.2  44.8  86.8  POINT (-75.89322 41.28454)
19230    86.6  46.0  87.6  POINT (-75.89487 41.28623)

[19231 rows x 4 columns]"
234,"Scranton and Wilkes Barre, PA",am,am_trav.shp,"/groups/LORTIZUR/heat-watch-data/clean/Heat Watch Scranton and Wilkes Barre, PA/traverses_chw_scranton_092023/am_trav.shp",18050,18050,temp_f,POINT (-75.81497639632737 41.30320598112774),62.29937396121883,62.4,1.2393900502739659,58.7,66.1,7.3999999999999915,61.4,63.3,1.8999999999999986,[62.5 62.5 62.7 ... 63.2 63.2 63.1],"       temp_f    rh  hi_f                    geometry
0        62.5  96.7  63.0  POINT (-75.67062 41.39635)
1        62.5  96.7  63.0  POINT (-75.67069 41.39629)
2        62.7  95.8  63.2   POINT (-75.6711 41.39596)
3        62.6  96.3  63.1  POINT (-75.67143 41.39564)
4        62.7  96.6  63.2  POINT (-75.67151 41.39557)
...       ...   ...   ...                         ...
18045    63.2  93.9  63.6  POINT (-75.89396 41.28314)
18046    63.2  93.9  63.6  POINT (-75.89391 41.28313)
18047    63.2  93.9  63.7  POINT (-75.89346 41.28311)
18048    63.2  94.0  63.6  POINT (-75.89336 41.28313)
18049    63.1  94.1  63.6  POINT (-75.89314 41.28316)

[18050 rows x 4 columns]"
235,"Scranton and Wilkes Barre, PA",pm,pm_trav.shp,"/groups/LORTIZUR/heat-watch-data/clean/Heat Watch Scranton and Wilkes Barre, PA/traverses_chw_scranton_092023/pm_trav.shp",20813,20813,temp_f,POINT (-75.79183930482807 41.32325617951648),82.11285254408303,82.4,1.7164186319263484,74.2,86.9,12.700000000000003,81.1,83.3,2.200000000000003,[83.1 83.  83.  ... 82.7 82.7 82.8],"       temp_f    rh  hi_f                    geometry
0        83.1  45.0  83.1  POINT (-75.68534 41.40417)
1        83.0  45.1  83.1  POINT (-75.68524 41.40412)
2        83.0  45.3  83.1  POINT (-75.68514 41.40407)
3        83.0  45.2  83.1  POINT (-75.68504 41.40401)
4        82.8  45.5  82.9   POINT (-75.68459 41.4038)
...       ...   ...   ...                         ...
20808    82.4  59.9  85.0  POINT (-75.89555 41.28151)
20809    82.5  59.4  85.1  POINT (-75.89558 41.28158)
20810    82.7  59.0  85.2  POINT (-75.89561 41.28164)
20811    82.7  58.8  85.3  POINT (-75.89563 41.28168)
20812    82.8  58.4  85.2  POINT (-75.89569 41.28182)

[20813 rows x 4 columns]"
236,"Seattle and King County, WA",af,af_trav.shp,"/groups/LORTIZUR/heat-watch-data/clean/Heat Watch Seattle and King County, WA/traverses_chw_king_county_093020/af_trav.shp",35019,35019,temp_f,POINT (-122.2103707179368 47.54245657140455),89.3665792855307,89.6,2.3731311206782792,82.03999999999999,97.16000000000001,15.120000000000019,87.98,91.03999999999999,3.059999999999988,[90.86 90.86 90.86 ... 90.68 90.68 90.68],"       hasFix stlltsU    date    time altitud  course  spdKmhr  spdKnts  \
0           1      10  270720  220324      12  305.54     8.77     4.74   
1           1      10  270720  220325    11.9  305.54     8.77     4.74   
2           1      10  270720  220326    11.9  260.24    15.17     8.19   
3           1      10  270720  220327     8.5  256.82    18.59    10.03   
4           1      10  270720  220328     7.8  264.16    20.69    11.16   
...       ...     ...     ...     ...     ...     ...      ...      ...   
35014       1      10  270720  225949    54.9  159.52    24.83    13.40   
35015       1      10  270720  225950      56  159.52    24.83    13.40   
35016       1      10  270720  225951    56.5  179.84    21.20    11.44   
35017       1      10  270720  225952    57.3  188.93    14.28     7.71   
35018       1      10  270720  225953    57.4  182.76    10.17     5.49   

      RMCMode RMCStts  ...                              file     dat_cln  \
0           D       A  ...  CAPA1032_270720_214919.304_0.csv  2020-07-27   
1           D       A  ...  CAPA1032_270720_214919.304_0.csv  2020-07-27   
2           D       A  ...  CAPA1032_270720_214919.304_0.csv  2020-07-27   
3           D       A  ...  CAPA1032_270720_214919.304_0.csv  2020-07-27   
4           D       A  ...  CAPA1032_270720_214919.304_0.csv  2020-07-27   
...       ...     ...  ...                               ...         ...   
35014       D       A  ...  CAPA1084_270720_215449.000_0.csv  2020-07-27   
35015       D       A  ...  CAPA1084_270720_215449.000_0.csv  2020-07-27   
35016       D       A  ...  CAPA1084_270720_215449.000_0.csv  2020-07-27   
35017       D       A  ...  CAPA1084_270720_215449.000_0.csv  2020-07-27   
35018       D       A  ...  CAPA1084_270720_215449.000_0.csv  2020-07-27   

                   dttm_tc              dttm_lc                   tz  \
0      2020-07-27 22:03:24  2020-07-27 15:03:24  America/Los_Angeles   
1      2020-07-27 22:03:25  2020-07-27 15:03:25  America/Los_Angeles   
2      2020-07-27 22:03:26  2020-07-27 15:03:26  America/Los_Angeles   
3      2020-07-27 22:03:27  2020-07-27 15:03:27  America/Los_Angeles   
4      2020-07-27 22:03:28  2020-07-27 15:03:28  America/Los_Angeles   
...                    ...                  ...                  ...   
35014  2020-07-27 22:59:49  2020-07-27 15:59:49  America/Los_Angeles   
35015  2020-07-27 22:59:50  2020-07-27 15:59:50  America/Los_Angeles   
35016  2020-07-27 22:59:51  2020-07-27 15:59:51  America/Los_Angeles   
35017  2020-07-27 22:59:52  2020-07-27 15:59:52  America/Los_Angeles   
35018  2020-07-27 22:59:53  2020-07-27 15:59:53  America/Los_Angeles   

          date_lc              strt_tm              end_tim  trav_id  \
0      2020-07-27  2020-07-27 15:00:00  2020-07-27 16:00:00       af   
1      2020-07-27  2020-07-27 15:00:00  2020-07-27 16:00:00       af   
2      2020-07-27  2020-07-27 15:00:00  2020-07-27 16:00:00       af   
3      2020-07-27  2020-07-27 15:00:00  2020-07-27 16:00:00       af   
4      2020-07-27  2020-07-27 15:00:00  2020-07-27 16:00:00       af   
...           ...                  ...                  ...      ...   
35014  2020-07-27  2020-07-27 15:00:00  2020-07-27 16:00:00       af   
35015  2020-07-27  2020-07-27 15:00:00  2020-07-27 16:00:00       af   
35016  2020-07-27  2020-07-27 15:00:00  2020-07-27 16:00:00       af   
35017  2020-07-27  2020-07-27 15:00:00  2020-07-27 16:00:00       af   
35018  2020-07-27  2020-07-27 15:00:00  2020-07-27 16:00:00       af   

                          geometry  
0      POINT (-122.32269 47.58823)  
1      POINT (-122.32272 47.58824)  
2      POINT (-122.32277 47.58824)  
3      POINT (-122.32283 47.58824)  
4       POINT (-122.3229 47.58823)  
...                            ...  
35014  POINT (-122.20181 47.61604)  
35015   POINT (-122.2018 47.61596)  
35016    POINT (-122.2018 47.6159)  
35017   POINT (-122.2018 47.61585)  
35018  POINT (-122.20181 47.61582)  

[35019 rows x 29 columns]"
237,"Seattle and King County, WA",am,am_trav.shp,"/groups/LORTIZUR/heat-watch-data/clean/Heat Watch Seattle and King County, WA/traverses_chw_king_county_093020/am_trav.shp",37595,37595,temp_f,POINT (-122.20308346504821 47.52115147105813),60.87850671631866,61.519999999999996,3.334215927266214,51.26,71.06,19.800000000000004,59.18,63.14,3.960000000000001,[65.12 65.12 65.12 ... 66.2  66.2  66.2 ],"       hasFix stlltsU    date    time altitud  course  spdKmhr  spdKnts  \
0           1       9  270720  130323     2.3  358.15    10.98     5.93   
1           1       9  270720  130324     2.3  358.15    10.98     5.93   
2           1       9  270720  130325     2.3  286.52    11.20     6.04   
3           1       9  270720  130326     2.3  274.82    12.45     6.72   
4           1       9  270720  130327     2.3  270.13    13.64     7.36   
...       ...     ...     ...     ...     ...     ...      ...      ...   
37590       1       9  270720  135956    31.1    93.5    33.45    18.05   
37591       1       9  270720  135957    29.8    93.5    33.45    18.05   
37592       1       9  270720  135958    28.9       1    33.45    13.40   
37593       1       9  270720  135959    27.9  150.34    18.00     9.71   
37594       1       9  270720  140000      27  173.29    23.08    12.46   

      RMCMode RMCStts  ...                              file     dat_cln  \
0           D       A  ...  CAPA1032_270720_125200.595_0.csv  2020-07-27   
1           D       A  ...  CAPA1032_270720_125200.595_0.csv  2020-07-27   
2           D       A  ...  CAPA1032_270720_125200.595_0.csv  2020-07-27   
3           D       A  ...  CAPA1032_270720_125200.595_0.csv  2020-07-27   
4           D       A  ...  CAPA1032_270720_125200.595_0.csv  2020-07-27   
...       ...     ...  ...                               ...         ...   
37590       D       A  ...  CAPA1084_270720_125315.092_0.csv  2020-07-27   
37591       D       A  ...  CAPA1084_270720_125315.092_0.csv  2020-07-27   
37592       D       A  ...  CAPA1084_270720_125315.092_0.csv  2020-07-27   
37593       D       A  ...  CAPA1084_270720_125315.092_0.csv  2020-07-27   
37594       D       A  ...  CAPA1084_270720_125315.092_0.csv  2020-07-27   

                   dttm_tc              dttm_lc                   tz  \
0      2020-07-27 13:03:23  2020-07-27 06:03:23  America/Los_Angeles   
1      2020-07-27 13:03:24  2020-07-27 06:03:24  America/Los_Angeles   
2      2020-07-27 13:03:25  2020-07-27 06:03:25  America/Los_Angeles   
3      2020-07-27 13:03:26  2020-07-27 06:03:26  America/Los_Angeles   
4      2020-07-27 13:03:27  2020-07-27 06:03:27  America/Los_Angeles   
...                    ...                  ...                  ...   
37590  2020-07-27 13:59:56  2020-07-27 06:59:56  America/Los_Angeles   
37591  2020-07-27 13:59:57  2020-07-27 06:59:57  America/Los_Angeles   
37592  2020-07-27 13:59:58  2020-07-27 06:59:58  America/Los_Angeles   
37593  2020-07-27 13:59:59  2020-07-27 06:59:59  America/Los_Angeles   
37594  2020-07-27 14:00:00  2020-07-27 07:00:00  America/Los_Angeles   

          date_lc              strt_tm              end_tim  trav_id  \
0      2020-07-27  2020-07-27 06:00:00  2020-07-27 07:00:00       am   
1      2020-07-27  2020-07-27 06:00:00  2020-07-27 07:00:00       am   
2      2020-07-27  2020-07-27 06:00:00  2020-07-27 07:00:00       am   
3      2020-07-27  2020-07-27 06:00:00  2020-07-27 07:00:00       am   
4      2020-07-27  2020-07-27 06:00:00  2020-07-27 07:00:00       am   
...           ...                  ...                  ...      ...   
37590  2020-07-27  2020-07-27 06:00:00  2020-07-27 07:00:00       am   
37591  2020-07-27  2020-07-27 06:00:00  2020-07-27 07:00:00       am   
37592  2020-07-27  2020-07-27 06:00:00  2020-07-27 07:00:00       am   
37593  2020-07-27  2020-07-27 06:00:00  2020-07-27 07:00:00       am   
37594  2020-07-27  2020-07-27 06:00:00  2020-07-27 07:00:00       am   

                          geometry  
0       POINT (-122.32282 47.5882)  
1      POINT (-122.32283 47.58823)  
2      POINT (-122.32287 47.58824)  
3      POINT (-122.32291 47.58824)  
4      POINT (-122.32295 47.58824)  
...                            ...  
37590   POINT (-122.1911 47.60999)  
37591    POINT (-122.191 47.60997)  
37592  POINT (-122.19093 47.60995)  
37593   POINT (-122.1909 47.60992)  
37594  POINT (-122.19088 47.60987)  

[37595 rows x 29 columns]"
238,"Seattle and King County, WA",pm,pm_trav.shp,"/groups/LORTIZUR/heat-watch-data/clean/Heat Watch Seattle and King County, WA/traverses_chw_king_county_093020/pm_trav.shp",37493,37493,temp_f,POINT (-122.20079573431812 47.53591575108456),85.54973835115888,85.82,2.936942681358377,75.38,98.78,23.400000000000006,83.66,87.62,3.960000000000008,[92.66 92.66 92.66 ... 87.08 86.9  86.9 ],"       hasFix stlltsU    date   time altitud  course  spdKmhr  spdKnts  \
0           1      10  280720  20015    36.2  336.38     8.88     4.79   
1           1      10  280720  20017    36.4  298.43     8.23     4.44   
2           1      10  280720  20018    36.5  274.85    11.61     6.27   
3           1      10  280720  20020    42.5  263.07    18.18     9.81   
4           1      10  280720  20023    42.4  274.76    24.54    13.24   
...       ...     ...     ...    ...     ...     ...      ...      ...   
37488       1       7  280720  25956    43.8  173.43    37.61    20.30   
37489       1       6  280720  25957    44.1  173.43    37.61    20.30   
37490       1       7  280720  25958    44.4  173.97    33.72    18.19   
37491       1       7  280720  25959    44.4  175.25    29.38    15.85   
37492       1       7  280720  30000    44.6  175.79    24.87    13.42   

      RMCMode RMCStts  ...                              file     dat_cln  \
0           D       A  ...  CAPA1032_280720_015033.000_0.csv  2020-07-28   
1           D       A  ...  CAPA1032_280720_015033.000_0.csv  2020-07-28   
2           D       A  ...  CAPA1032_280720_015033.000_0.csv  2020-07-28   
3           D       A  ...  CAPA1032_280720_015033.000_0.csv  2020-07-28   
4           D       A  ...  CAPA1032_280720_015033.000_0.csv  2020-07-28   
...       ...     ...  ...                               ...         ...   
37488       D       A  ...  CAPA1084_280720_015351.000_0.csv  2020-07-28   
37489       D       A  ...  CAPA1084_280720_015351.000_0.csv  2020-07-28   
37490       D       A  ...  CAPA1084_280720_015351.000_0.csv  2020-07-28   
37491       D       A  ...  CAPA1084_280720_015351.000_0.csv  2020-07-28   
37492       D       A  ...  CAPA1084_280720_015351.000_0.csv  2020-07-28   

                   dttm_tc              dttm_lc                   tz  \
0      2020-07-28 02:00:15  2020-07-27 19:00:15  America/Los_Angeles   
1      2020-07-28 02:00:17  2020-07-27 19:00:17  America/Los_Angeles   
2      2020-07-28 02:00:18  2020-07-27 19:00:18  America/Los_Angeles   
3      2020-07-28 02:00:20  2020-07-27 19:00:20  America/Los_Angeles   
4      2020-07-28 02:00:23  2020-07-27 19:00:23  America/Los_Angeles   
...                    ...                  ...                  ...   
37488  2020-07-28 02:59:56  2020-07-27 19:59:56  America/Los_Angeles   
37489  2020-07-28 02:59:57  2020-07-27 19:59:57  America/Los_Angeles   
37490  2020-07-28 02:59:58  2020-07-27 19:59:58  America/Los_Angeles   
37491  2020-07-28 02:59:59  2020-07-27 19:59:59  America/Los_Angeles   
37492  2020-07-28 03:00:00  2020-07-27 20:00:00  America/Los_Angeles   

          date_lc              strt_tm              end_tim  trav_id  \
0      2020-07-27  2020-07-27 19:00:00  2020-07-27 20:00:00       pm   
1      2020-07-27  2020-07-27 19:00:00  2020-07-27 20:00:00       pm   
2      2020-07-27  2020-07-27 19:00:00  2020-07-27 20:00:00       pm   
3      2020-07-27  2020-07-27 19:00:00  2020-07-27 20:00:00       pm   
4      2020-07-27  2020-07-27 19:00:00  2020-07-27 20:00:00       pm   
...           ...                  ...                  ...      ...   
37488  2020-07-27  2020-07-27 19:00:00  2020-07-27 20:00:00       pm   
37489  2020-07-27  2020-07-27 19:00:00  2020-07-27 20:00:00       pm   
37490  2020-07-27  2020-07-27 19:00:00  2020-07-27 20:00:00       pm   
37491  2020-07-27  2020-07-27 19:00:00  2020-07-27 20:00:00       pm   
37492  2020-07-27  2020-07-27 19:00:00  2020-07-27 20:00:00       pm   

                          geometry  
0      POINT (-122.32285 47.58812)  
1      POINT (-122.32289 47.58813)  
2      POINT (-122.32293 47.58814)  
3      POINT (-122.32305 47.58813)  
4      POINT (-122.32329 47.58813)  
...                            ...  
37488   POINT (-122.20178 47.6126)  
37489  POINT (-122.20176 47.61251)  
37490  POINT (-122.20175 47.61242)  
37491  POINT (-122.20173 47.61234)  
37492  POINT (-122.20173 47.61228)  

[37493 rows x 29 columns]"
239,"Sedona, AZ",af,af_trav.shp,"/groups/LORTIZUR/heat-watch-data/clean/Heat Watch Sedona, AZ/traverses_chw_sedona_081523/af_trav.shp",5579,5579,temp_f,POINT (-111.79173595714792 34.863741920339805),90.45879189818963,90.5,1.0695927847133766,87.4,95.3,7.8999999999999915,89.8,91.2,1.4000000000000057,[94.3 93.6 94.1 ... 87.7 88.  88.1],"          ID             datetime  temp_f  hi_f   rh  \
0       7721  2023-06-24 15:00:03    94.3  86.9  0.6   
1       7801  2023-06-24 15:00:11    93.6  86.4  0.7   
2       7921  2023-06-24 15:00:23    94.1  86.9  0.9   
3       8001  2023-06-24 15:00:31    93.3  86.3  0.9   
4       8041  2023-06-24 15:00:35    93.3  86.3  1.0   
...      ...                  ...     ...   ...  ...   
5574  233010  2023-06-24 15:24:01    91.2  84.9  2.2   
5575   24727  2023-06-24 15:26:23    88.6  83.1  2.2   
5576   24827  2023-06-24 15:26:33    87.7  82.4  1.6   
5577   24837  2023-06-24 15:26:34    88.0  82.6  1.6   
5578   24847  2023-06-24 15:26:35    88.1  82.6  1.5   

                          file trav_id  speedmph                     geometry  
0     CAPA2007_240623_213959_0      af       6.2  POINT (-111.80565 34.86343)  
1     CAPA2007_240623_213959_0      af       5.9  POINT (-111.80589 34.86344)  
2     CAPA2007_240623_213959_0      af       7.4  POINT (-111.80629 34.86339)  
3     CAPA2007_240623_213959_0      af       9.6  POINT (-111.80668 34.86336)  
4     CAPA2007_240623_213959_0      af       5.6  POINT (-111.80683 34.86334)  
...                        ...     ...       ...                          ...  
5574  CAPA2047_240623_214510_0      af      18.4  POINT (-111.75624 34.87352)  
5575  CAPA2047_240623_214510_0      af      23.6  POINT (-111.74308 34.88534)  
5576  CAPA2047_240623_214510_0      af      21.5  POINT (-111.74192 34.88542)  
5577  CAPA2047_240623_214510_0      af      15.9  POINT (-111.74179 34.88542)  
5578  CAPA2047_240623_214510_0      af      13.9  POINT (-111.74175 34.88541)  

[5579 rows x 9 columns]"
240,"Sedona, AZ",am,am_trav.shp,"/groups/LORTIZUR/heat-watch-data/clean/Heat Watch Sedona, AZ/traverses_chw_sedona_081523/am_trav.shp",6017,6017,temp_f,POINT (-111.7918484427023 34.86380928368663),53.19965098886488,54.1,3.368507408095952,41.7,58.1,16.4,50.8,56.0,5.200000000000003,[54.8 54.7 54.8 ... 54.8 54.8 54.7],"         ID             datetime  temp_f  hi_f    rh  \
0       144  2023-06-24 06:00:19    54.8  50.8  17.3   
1       155  2023-06-24 06:00:30    54.7  50.6  16.9   
2       163  2023-06-24 06:00:38    54.8  50.8  16.9   
3       166  2023-06-24 06:00:41    54.8  50.7  17.0   
4       169  2023-06-24 06:00:44    54.4  50.4  17.6   
...     ...                  ...     ...   ...   ...   
6012  24917  2023-06-24 06:26:48    52.1  47.9  18.1   
6013  24166  2023-06-24 06:25:33    54.9  50.8  16.4   
6014  24087  2023-06-24 06:25:25    54.8  50.8  16.3   
6015  24004  2023-06-24 06:25:17    54.8  50.7  16.5   
6016  23796  2023-06-24 06:24:56    54.7  50.7  16.5   

                          file trav_id  speedmph                     geometry  
0     CAPA2007_240623_123606_0      am       8.8  POINT (-111.80607 34.86336)  
1     CAPA2007_240623_123606_0      am       7.2  POINT (-111.80635 34.86332)  
2     CAPA2007_240623_123606_0      am       7.2  POINT (-111.80649 34.86332)  
3     CAPA2007_240623_123606_0      am       9.6   POINT (-111.80662 34.8633)  
4     CAPA2007_240623_123606_0      am       8.4  POINT (-111.80676 34.86329)  
...                        ...     ...       ...                          ...  
6012  CAPA2047_240623_124517_0      am      20.4  POINT (-111.74286 34.88536)  
6013  CAPA2047_240623_124517_0      am      23.4  POINT (-111.74891 34.88023)  
6014  CAPA2047_240623_124517_0      am      25.0  POINT (-111.74939 34.87958)  
6015  CAPA2047_240623_124517_0      am      24.6  POINT (-111.74993 34.87904)  
6016  CAPA2047_240623_124517_0      am      23.8  POINT (-111.75165 34.87802)  

[6017 rows x 9 columns]"
241,"Sedona, AZ",pm,pm_trav.shp,"/groups/LORTIZUR/heat-watch-data/clean/Heat Watch Sedona, AZ/traverses_chw_sedona_081523/pm_trav.shp",5891,5891,temp_f,POINT (-111.79243236848603 34.864046144599186),83.628076727211,83.8,1.2845091249022345,75.8,86.4,10.600000000000009,83.1,84.4,1.3000000000000114,[84.  84.2 84.3 ... 83.3 83.3 83.3],"          ID             datetime  temp_f  hi_f   rh  \
0      11802  2023-06-24 19:00:24    84.0  79.7  1.6   
1      11902  2023-06-24 19:00:34    84.2  79.9  1.6   
2      11942  2023-06-24 19:00:38    84.3  79.9  1.9   
3      12052  2023-06-24 19:00:49    84.1  79.9  2.6   
4      12082  2023-06-24 19:00:52    84.2  80.0  3.6   
...      ...                  ...     ...   ...  ...   
5886  205711  2023-06-24 19:19:16    80.3  78.2  5.4   
5887  205811  2023-06-24 19:19:17    80.4  78.4  5.3   
5888   21849  2023-06-24 19:21:23    83.3  79.3  2.5   
5889   21859  2023-06-24 19:21:24    83.3  79.3  2.5   
5890   21869  2023-06-24 19:21:25    83.3  79.3  2.5   

                          file trav_id  speedmph                     geometry  
0     CAPA2007_250623_014043_0      pm       6.9  POINT (-111.80574 34.86343)  
1     CAPA2007_250623_014043_0      pm       8.9  POINT (-111.80609 34.86337)  
2     CAPA2007_250623_014043_0      pm       5.5  POINT (-111.80622 34.86336)  
3     CAPA2007_250623_014043_0      pm       8.9  POINT (-111.80659 34.86331)  
4     CAPA2007_250623_014043_0      pm       9.1   POINT (-111.80672 34.8633)  
...                        ...     ...       ...                          ...  
5886  CAPA2047_250623_014458_0      pm      25.3  POINT (-111.75442 34.87598)  
5887  CAPA2047_250623_014458_0      pm      24.9  POINT (-111.75438 34.87605)  
5888  CAPA2047_250623_014458_0      pm      22.0  POINT (-111.74178 34.88536)  
5889  CAPA2047_250623_014458_0      pm      17.7  POINT (-111.74167 34.88536)  
5890  CAPA2047_250623_014458_0      pm      15.9  POINT (-111.74163 34.88537)  

[5891 rows x 9 columns]"
242,"Spokane, WA",af,af_trav.shp,"/groups/LORTIZUR/heat-watch-data/clean/Heat Watch Spokane, WA/traverses_chw_spokane_082222/af_trav.shp",14422,14422,temp_f,POINT (-117.41771382762445 47.664413333333314),88.8200110941617,88.9,1.466150327411902,84.9,94.1,9.199999999999989,87.7,89.8,2.0999999999999943,[88.7 88.7 88.7 ... 86.9 86.9 86.9],"       temp_f      rh    hi_f                     geometry
0        88.7 -9999.0 -9999.0  POINT (-117.41737 47.70754)
1        88.7 -9999.0 -9999.0  POINT (-117.41736 47.70759)
2        88.7 -9999.0 -9999.0  POINT (-117.41735 47.70764)
3        88.7 -9999.0 -9999.0  POINT (-117.41734 47.70768)
4        88.3 -9999.0 -9999.0  POINT (-117.41652 47.71308)
...       ...     ...     ...                          ...
14417    86.9 -9999.0 -9999.0   POINT (-117.4538 47.72905)
14418    86.9 -9999.0 -9999.0   POINT (-117.4538 47.72917)
14419    86.9 -9999.0 -9999.0   POINT (-117.4538 47.72917)
14420    86.9 -9999.0 -9999.0    POINT (-117.4538 47.7294)
14421    86.9 -9999.0 -9999.0   POINT (-117.4538 47.72951)

[14422 rows x 4 columns]"
243,"Spokane, WA",am,am_trav.shp,"/groups/LORTIZUR/heat-watch-data/clean/Heat Watch Spokane, WA/traverses_chw_spokane_082222/am_trav.shp",17215,17215,temp_f,POINT (-117.41300862816159 47.66887755021409),65.33647981411559,65.6,2.531343690927706,57.8,71.7,13.900000000000006,63.8,67.2,3.4000000000000057,[65.4 65.4 65.4 ... 67.8 67.6 67.6],"       temp_f      rh    hi_f                     geometry
0        65.4 -9999.0 -9999.0  POINT (-117.47567 47.73857)
1        65.4 -9999.0 -9999.0  POINT (-117.47577 47.73878)
2        65.4 -9999.0 -9999.0  POINT (-117.47605 47.73907)
3        65.4 -9999.0 -9999.0  POINT (-117.47605 47.73907)
4        65.3 -9999.0 -9999.0  POINT (-117.47625 47.73925)
...       ...     ...     ...                          ...
17210    67.6    41.5    67.8  POINT (-117.40834 47.65394)
17211    67.8    41.5    68.0   POINT (-117.4085 47.65394)
17212    67.8    41.5    68.0  POINT (-117.40854 47.65392)
17213    67.6    42.5    67.8   POINT (-117.40856 47.6539)
17214    67.6    42.5    67.8  POINT (-117.40856 47.65387)

[17215 rows x 4 columns]"
244,"Spokane, WA",pm,pm_trav.shp,"/groups/LORTIZUR/heat-watch-data/clean/Heat Watch Spokane, WA/traverses_chw_spokane_082222/pm_trav.shp",12351,12351,temp_f,POINT (-117.41018842289397 47.66821908696892),87.71755323455591,87.9,1.8043137448713984,82.2,93.1,10.899999999999991,86.4,89.0,2.5999999999999943,[87.8 87.8 87.8 ... 87.2 87.2 87.2],"       temp_f      rh    hi_f                     geometry
0        87.8 -9999.0 -9999.0   POINT (-117.44512 47.7117)
1        87.8 -9999.0 -9999.0  POINT (-117.44526 47.71171)
2        87.8 -9999.0 -9999.0  POINT (-117.44539 47.71172)
3        87.8 -9999.0 -9999.0  POINT (-117.44552 47.71172)
4        87.9 -9999.0 -9999.0  POINT (-117.44563 47.71174)
...       ...     ...     ...                          ...
12346    86.8 -9999.0 -9999.0  POINT (-117.44947 47.73465)
12347    86.8 -9999.0 -9999.0  POINT (-117.44952 47.73466)
12348    87.2 -9999.0 -9999.0  POINT (-117.44957 47.73467)
12349    87.2 -9999.0 -9999.0  POINT (-117.44962 47.73468)
12350    87.2 -9999.0 -9999.0  POINT (-117.44966 47.73469)

[12351 rows x 4 columns]"
245,"Toledo, OH",af,af_trav.shp,"/groups/LORTIZUR/heat-watch-data/clean/Heat Watch Toledo, OH/traverses_chw_toledo_101523/af_trav.shp",15105,15105,temp_f,POINT (-83.56015879000849 41.65242328629012),83.40349553128102,83.6,1.7563389790879336,78.6,89.8,11.200000000000003,82.3,84.6,2.299999999999997,[84.1 84.2 84.5 ... 84.5 84.5 84.9],"       temp_f    rh  hi_f                    geometry
0        84.1  56.0  86.6  POINT (-83.59766 41.62866)
1        84.2  56.6  86.9  POINT (-83.59801 41.62866)
2        84.5  56.8  87.5  POINT (-83.59824 41.62867)
3        84.6  54.2  86.9  POINT (-83.59963 41.62854)
4        84.9  54.9  87.5  POINT (-83.59983 41.62735)
...       ...   ...   ...                         ...
15100    84.8  49.5  86.0  POINT (-83.60993 41.66292)
15101    84.9  49.4  86.2  POINT (-83.60988 41.66305)
15102    84.5  49.3  85.7  POINT (-83.59542 41.66329)
15103    84.5  49.6  85.7  POINT (-83.59532 41.66328)
15104    84.9  50.3  86.4  POINT (-83.59493 41.66313)

[15105 rows x 4 columns]"
246,"Toledo, OH",am,am_trav.shp,"/groups/LORTIZUR/heat-watch-data/clean/Heat Watch Toledo, OH/traverses_chw_toledo_101523/am_trav.shp",17106,17106,temp_f,POINT (-83.55361665209152 41.65887821067042),69.54312521922132,69.5,0.7376322130707426,67.7,71.6,3.8999999999999915,69.0,70.0,1.0,[69.2 69.1 69.1 ... 70.5 70.5 70.7],"       temp_f    rh  hi_f                    geometry
0        69.2  92.8  70.2  POINT (-83.55544 41.63865)
1        69.1  92.1  70.0  POINT (-83.55592 41.63857)
2        69.1  91.9  70.0   POINT (-83.55601 41.6385)
3        69.1  91.9  70.0   POINT (-83.55611 41.6384)
4        69.1  91.7  70.0  POINT (-83.55623 41.63833)
...       ...   ...   ...                         ...
17101    70.6  92.0  71.7    POINT (-83.47546 41.712)
17102    70.5  92.0  71.6  POINT (-83.47561 41.71201)
17103    70.5  92.0  71.6  POINT (-83.47571 41.71202)
17104    70.5  92.0  71.6  POINT (-83.47576 41.71202)
17105    70.7  91.3  71.8  POINT (-83.47877 41.71202)

[17106 rows x 4 columns]"
247,"Toledo, OH",pm,pm_trav.shp,"/groups/LORTIZUR/heat-watch-data/clean/Heat Watch Toledo, OH/traverses_chw_toledo_101523/pm_trav.shp",18261,18261,temp_f,POINT (-83.54983693882684 41.659362689077724),82.06192431958819,82.1,1.4003808532365316,78.3,87.0,8.700000000000003,81.0,83.1,2.0999999999999943,[82.1 82.1 82.1 ... 83.  83.1 83.2],"       temp_f    rh  hi_f                    geometry
0        82.1  64.7  85.4   POINT (-83.56576 41.6346)
1        82.1  64.8  85.5  POINT (-83.56598 41.63461)
2        82.1  64.7  85.5   POINT (-83.5661 41.63461)
3        82.1  64.7  85.5  POINT (-83.56629 41.63462)
4        82.2  64.6  85.7  POINT (-83.56644 41.63467)
...       ...   ...   ...                         ...
18256    82.8  66.6  87.1   POINT (-83.53457 41.6552)
18257    82.8  66.6  87.1  POINT (-83.53461 41.65515)
18258    83.0  66.5  87.5   POINT (-83.5348 41.65488)
18259    83.1  66.3  87.7  POINT (-83.53487 41.65478)
18260    83.2  66.3  87.7  POINT (-83.53489 41.65475)

[18261 rows x 4 columns]"
248,"Victorville, CA",af,af_trav.shp,"/groups/LORTIZUR/heat-watch-data/clean/Heat Watch Victorville, CA/traverses_chw_victorville/af_trav.shp",10794,10794,temp_f,POINT (-117.33497563890232 34.51529118737111),95.1672429127293,95.18,1.2897521048073533,91.22,99.32,8.099999999999994,94.46000000000001,95.9,1.4399999999999977,[95.54 95.54 95.36 ... 95.54 95.54 95.54],"       hasFix stlltsU    date        time altitud  course  spdKmhr  spdKnts  \
0           1      10  240819  220000.000   863.2  339.74    38.91    21.00   
1           1      10  240819  220001.000   862.9  341.34    39.71    21.43   
2           1      10  240819  220002.000   862.7  340.61    41.18    22.22   
3           1       9  240819  220003.000   862.8  340.61    41.18    22.22   
4           1       9  240819  220004.000   862.7  341.28    41.18    23.00   
...       ...     ...     ...         ...     ...     ...      ...      ...   
10789       1       9  240819  230035.000   867.8  129.72    46.76    25.24   
10790       1       9  240819  230036.000   868.1  129.72    46.76    25.24   
10791       1       9  240819  230037.000   868.6  129.58    53.80    29.03   
10792       1       9  240819  230038.000   868.8  130.42    57.21    30.87   
10793       1       9  240819  230039.000   869.1  130.73    59.47    32.09   

      RMCMode RMCStts  ...                            file     dat_cln  \
0           A       A  ...  CAPA67_240819_215134.000_0.csv  2019-08-24   
1           A       A  ...  CAPA67_240819_215134.000_0.csv  2019-08-24   
2           A       A  ...  CAPA67_240819_215134.000_0.csv  2019-08-24   
3           A       A  ...  CAPA67_240819_215134.000_0.csv  2019-08-24   
4           A       A  ...  CAPA67_240819_215134.000_0.csv  2019-08-24   
...       ...     ...  ...                             ...         ...   
10789       D       A  ...  CAPA80_240819_214451.000_0.csv  2019-08-24   
10790       D       A  ...  CAPA80_240819_214451.000_0.csv  2019-08-24   
10791       D       A  ...  CAPA80_240819_214451.000_0.csv  2019-08-24   
10792       D       A  ...  CAPA80_240819_214451.000_0.csv  2019-08-24   
10793       D       A  ...  CAPA80_240819_214451.000_0.csv  2019-08-24   

                   dttm_tc              dttm_lc                   tz  \
0      2019-08-24 22:00:00  2019-08-24 15:00:00  America/Los_Angeles   
1      2019-08-24 22:00:00  2019-08-24 15:00:00  America/Los_Angeles   
2      2019-08-24 22:00:00  2019-08-24 15:00:00  America/Los_Angeles   
3      2019-08-24 22:00:00  2019-08-24 15:00:00  America/Los_Angeles   
4      2019-08-24 22:00:00  2019-08-24 15:00:00  America/Los_Angeles   
...                    ...                  ...                  ...   
10789  2019-08-24 23:00:00  2019-08-24 16:00:00  America/Los_Angeles   
10790  2019-08-24 23:00:00  2019-08-24 16:00:00  America/Los_Angeles   
10791  2019-08-24 23:00:00  2019-08-24 16:00:00  America/Los_Angeles   
10792  2019-08-24 23:00:00  2019-08-24 16:00:00  America/Los_Angeles   
10793  2019-08-24 23:00:00  2019-08-24 16:00:00  America/Los_Angeles   

          date_lc              strt_tm              end_tim  trav_id  \
0      2019-08-24  2019-08-24 15:00:00  2019-08-24 16:00:00       af   
1      2019-08-24  2019-08-24 15:00:00  2019-08-24 16:00:00       af   
2      2019-08-24  2019-08-24 15:00:00  2019-08-24 16:00:00       af   
3      2019-08-24  2019-08-24 15:00:00  2019-08-24 16:00:00       af   
4      2019-08-24  2019-08-24 15:00:00  2019-08-24 16:00:00       af   
...           ...                  ...                  ...      ...   
10789  2019-08-24  2019-08-24 15:00:00  2019-08-24 16:00:00       af   
10790  2019-08-24  2019-08-24 15:00:00  2019-08-24 16:00:00       af   
10791  2019-08-24  2019-08-24 15:00:00  2019-08-24 16:00:00       af   
10792  2019-08-24  2019-08-24 15:00:00  2019-08-24 16:00:00       af   
10793  2019-08-24  2019-08-24 15:00:00  2019-08-24 16:00:00       af   

                          geometry  
0      POINT (-117.25913 34.47366)  
1      POINT (-117.25917 34.47376)  
2      POINT (-117.25921 34.47386)  
3      POINT (-117.25925 34.47396)  
4      POINT (-117.25929 34.47406)  
...                            ...  
10789  POINT (-117.25921 34.52921)  
10790   POINT (-117.2591 34.52913)  
10791  POINT (-117.25897 34.52904)  
10792  POINT (-117.25884 34.52896)  
10793  POINT (-117.25871 34.52886)  

[10794 rows x 29 columns]"
249,"Victorville, CA",am,am_trav.shp,"/groups/LORTIZUR/heat-watch-data/clean/Heat Watch Victorville, CA/traverses_chw_victorville/am_trav.shp",10401,10401,temp_f,POINT (-117.33334660418078 34.52585291151374),71.55524661090281,71.24000000000001,2.7412050758740394,64.03999999999999,80.42,16.38000000000001,70.34,73.58000000000001,3.240000000000009,[71.6  71.6  71.6  ... 75.38 75.38 75.38],"       hasFix stlltsU    date        time altitud  course  spdKmhr  spdKnts  \
0           1       9  240819  140255.000   887.6     339     8.43     4.55   
1           1       9  240819  140258.000   887.5  326.89     9.03     4.87   
2           1       9  240819  140259.000   887.4  319.37    10.88     5.87   
3           1       9  240819  140300.000   887.4  316.47    10.98     5.92   
4           1       9  240819  140301.000   887.3  315.15    10.67     5.76   
...       ...     ...     ...         ...     ...     ...      ...      ...   
10396       1       7  240819  145949.000   856.8  131.22    36.56    19.73   
10397       1       7  240819  145950.000     857  130.59    45.42    24.51   
10398       1       7  240819  145951.000   857.2  130.15    48.68    26.27   
10399       1       7  240819  145952.000   857.3  130.22    52.25    28.20   
10400       1       7  240819  145953.000   857.4  130.54    55.78    30.10   

      RMCMode RMCStts  ...                            file     dat_cln  \
0           A       A  ...  CAPA67_240819_135015.301_0.csv  2019-08-24   
1           A       A  ...  CAPA67_240819_135015.301_0.csv  2019-08-24   
2           A       A  ...  CAPA67_240819_135015.301_0.csv  2019-08-24   
3           A       A  ...  CAPA67_240819_135015.301_0.csv  2019-08-24   
4           A       A  ...  CAPA67_240819_135015.301_0.csv  2019-08-24   
...       ...     ...  ...                             ...         ...   
10396       D       A  ...  CAPA80_240819_134954.000_0.csv  2019-08-24   
10397       D       A  ...  CAPA80_240819_134954.000_0.csv  2019-08-24   
10398       D       A  ...  CAPA80_240819_134954.000_0.csv  2019-08-24   
10399       D       A  ...  CAPA80_240819_134954.000_0.csv  2019-08-24   
10400       D       A  ...  CAPA80_240819_134954.000_0.csv  2019-08-24   

                   dttm_tc              dttm_lc                   tz  \
0      2019-08-24 14:02:00  2019-08-24 07:02:00  America/Los_Angeles   
1      2019-08-24 14:02:00  2019-08-24 07:02:00  America/Los_Angeles   
2      2019-08-24 14:02:00  2019-08-24 07:02:00  America/Los_Angeles   
3      2019-08-24 14:03:00  2019-08-24 07:03:00  America/Los_Angeles   
4      2019-08-24 14:03:00  2019-08-24 07:03:00  America/Los_Angeles   
...                    ...                  ...                  ...   
10396  2019-08-24 14:59:00  2019-08-24 07:59:00  America/Los_Angeles   
10397  2019-08-24 14:59:00  2019-08-24 07:59:00  America/Los_Angeles   
10398  2019-08-24 14:59:00  2019-08-24 07:59:00  America/Los_Angeles   
10399  2019-08-24 14:59:00  2019-08-24 07:59:00  America/Los_Angeles   
10400  2019-08-24 14:59:00  2019-08-24 07:59:00  America/Los_Angeles   

          date_lc              strt_tm              end_tim  trav_id  \
0      2019-08-24  2019-08-24 07:00:00  2019-08-24 08:00:00       am   
1      2019-08-24  2019-08-24 07:00:00  2019-08-24 08:00:00       am   
2      2019-08-24  2019-08-24 07:00:00  2019-08-24 08:00:00       am   
3      2019-08-24  2019-08-24 07:00:00  2019-08-24 08:00:00       am   
4      2019-08-24  2019-08-24 07:00:00  2019-08-24 08:00:00       am   
...           ...                  ...                  ...      ...   
10396  2019-08-24  2019-08-24 07:00:00  2019-08-24 08:00:00       am   
10397  2019-08-24  2019-08-24 07:00:00  2019-08-24 08:00:00       am   
10398  2019-08-24  2019-08-24 07:00:00  2019-08-24 08:00:00       am   
10399  2019-08-24  2019-08-24 07:00:00  2019-08-24 08:00:00       am   
10400  2019-08-24  2019-08-24 07:00:00  2019-08-24 08:00:00       am   

                          geometry  
0      POINT (-117.27232 34.47134)  
1      POINT (-117.27237 34.47138)  
2       POINT (-117.27238 34.4714)  
3       POINT (-117.2724 34.47142)  
4      POINT (-117.27241 34.47144)  
...                            ...  
10396   POINT (-117.2637 34.53231)  
10397   POINT (-117.2636 34.53224)  
10398   POINT (-117.2635 34.53216)  
10399  POINT (-117.26338 34.53208)  
10400  POINT (-117.26325 34.53199)  

[10401 rows x 29 columns]"
250,"Victorville, CA",pm,pm_trav.shp,"/groups/LORTIZUR/heat-watch-data/clean/Heat Watch Victorville, CA/traverses_chw_victorville/pm_trav.shp",7768,7768,temp_f,POINT (-117.33537294396457 34.51988998471785),87.24231977342944,87.08000000000001,1.4323241772100126,84.74000000000001,91.03999999999999,6.299999999999983,86.0,88.52,2.519999999999996,[89.06 89.06 89.24 ... 86.   86.   86.  ],"      hasFix stlltsU    date        time altitud  course  spdKmhr  spdKnts  \
0          1       8  250819  020612.000   896.2  209.09     9.10     4.91   
1          1       8  250819  020613.000     896  224.36    10.78     5.82   
2          1       8  250819  020614.000   895.8  245.46     9.71     5.24   
3          1       8  250819  020615.000   895.6  245.46     9.71     5.24   
4          1       9  250819  020749.000   884.5  323.26    10.51     5.67   
...      ...     ...     ...         ...     ...     ...      ...      ...   
7763       1      11  250819  024242.000   860.5   25.78    21.65    11.69   
7764       1      11  250819  024243.000   860.5   22.28    19.52    10.53   
7765       1      11  250819  024244.000   860.5   27.44    17.49     9.44   
7766       1      11  250819  024245.000   860.8   25.26    17.97     9.70   
7767       1      11  250819  024246.000   861.0   35.35    11.04     5.96   

     RMCMode RMCStts  ...                            file     dat_cln  \
0          A       A  ...  CAPA67_250819_020304.000_0.csv  2019-08-25   
1          A       A  ...  CAPA67_250819_020304.000_0.csv  2019-08-25   
2          A       A  ...  CAPA67_250819_020304.000_0.csv  2019-08-25   
3          A       A  ...  CAPA67_250819_020304.000_0.csv  2019-08-25   
4          A       A  ...  CAPA67_250819_020304.000_0.csv  2019-08-25   
...      ...     ...  ...                             ...         ...   
7763       D       A  ...  CAPA80_250819_015124.310_0.csv  2019-08-25   
7764       D       A  ...  CAPA80_250819_015124.310_0.csv  2019-08-25   
7765       D       A  ...  CAPA80_250819_015124.310_0.csv  2019-08-25   
7766       D       A  ...  CAPA80_250819_015124.310_0.csv  2019-08-25   
7767       D       A  ...  CAPA80_250819_015124.310_0.csv  2019-08-25   

                  dttm_tc              dttm_lc                   tz  \
0     2019-08-25 02:06:00  2019-08-24 19:06:00  America/Los_Angeles   
1     2019-08-25 02:06:00  2019-08-24 19:06:00  America/Los_Angeles   
2     2019-08-25 02:06:00  2019-08-24 19:06:00  America/Los_Angeles   
3     2019-08-25 02:06:00  2019-08-24 19:06:00  America/Los_Angeles   
4     2019-08-25 02:07:00  2019-08-24 19:07:00  America/Los_Angeles   
...                   ...                  ...                  ...   
7763  2019-08-25 02:42:00  2019-08-24 19:42:00  America/Los_Angeles   
7764  2019-08-25 02:42:00  2019-08-24 19:42:00  America/Los_Angeles   
7765  2019-08-25 02:42:00  2019-08-24 19:42:00  America/Los_Angeles   
7766  2019-08-25 02:42:00  2019-08-24 19:42:00  America/Los_Angeles   
7767  2019-08-25 02:42:00  2019-08-24 19:42:00  America/Los_Angeles   

         date_lc              strt_tm              end_tim  trav_id  \
0     2019-08-24  2019-08-24 19:00:00  2019-08-24 20:00:00       pm   
1     2019-08-24  2019-08-24 19:00:00  2019-08-24 20:00:00       pm   
2     2019-08-24  2019-08-24 19:00:00  2019-08-24 20:00:00       pm   
3     2019-08-24  2019-08-24 19:00:00  2019-08-24 20:00:00       pm   
4     2019-08-24  2019-08-24 19:00:00  2019-08-24 20:00:00       pm   
...          ...                  ...                  ...      ...   
7763  2019-08-24  2019-08-24 19:00:00  2019-08-24 20:00:00       pm   
7764  2019-08-24  2019-08-24 19:00:00  2019-08-24 20:00:00       pm   
7765  2019-08-24  2019-08-24 19:00:00  2019-08-24 20:00:00       pm   
7766  2019-08-24  2019-08-24 19:00:00  2019-08-24 20:00:00       pm   
7767  2019-08-24  2019-08-24 19:00:00  2019-08-24 20:00:00       pm   

                         geometry  
0     POINT (-117.27234 34.47149)  
1     POINT (-117.27236 34.47146)  
2     POINT (-117.27237 34.47142)  
3     POINT (-117.27239 34.47142)  
4      POINT (-117.27244 34.4714)  
...                           ...  
7763  POINT (-117.26882 34.53537)  
7764   POINT (-117.2688 34.53542)  
7765  POINT (-117.26878 34.53546)  
7766   POINT (-117.26875 34.5355)  
7767  POINT (-117.26873 34.53553)  

[7768 rows x 29 columns]"
251,"Virginia Beach, VA",af,af_trav.shp,"/groups/LORTIZUR/heat-watch-data/clean/Heat Watch Virginia Beach, VA/traverses_chw_virginia_beach_1029121/af_trav.shp",18655,18617,temp_f,POINT (-76.11414484000711 36.83221422431247),90.3242837191814,90.96,2.846962702720459,81.72,99.78,18.060000000000002,87.71,92.49,4.780000000000001,[92.35 92.35 91.99 ... 92.85 92.85 92.49],"                   datetim  temp_f  ht_ndx_     rh  \
0      2021-07-15 15:00:05   92.35    93.39  37.67   
1      2021-07-15 15:00:06   92.35    93.39  37.67   
2      2021-07-15 15:00:07   91.99    92.83  37.66   
3      2021-07-15 15:00:09   91.99    92.83  37.66   
4      2021-07-15 15:00:10   92.17    93.11  37.66   
...                    ...     ...      ...    ...   
18650  2021-07-15 15:59:38   92.49    95.03  41.04   
18651  2021-07-15 15:59:39   92.49    95.03  41.04   
18652  2021-07-15 15:59:40   92.85    96.11  42.03   
18653  2021-07-15 15:59:41   92.85    96.11  42.03   
18654  2021-07-15 15:59:42   92.49    95.03  41.03   

                               file  spdKmhr trav_id  \
0      1040_150721_185130.310_0.csv     8.34      af   
1      1040_150721_185130.310_0.csv    10.19      af   
2      1040_150721_185130.310_0.csv    10.19      af   
3      1040_150721_185130.310_0.csv    11.69      af   
4      1040_150721_185130.310_0.csv    11.58      af   
...                             ...      ...     ...   
18650  1092_150721_185224.307_0.csv    33.68      af   
18651  1092_150721_185224.307_0.csv    33.61      af   
18652  1092_150721_185224.307_0.csv    33.61      af   
18653  1092_150721_185224.307_0.csv    33.61      af   
18654  1092_150721_185224.307_0.csv    16.63      af   

                         geometry  
0      POINT (-75.99584 36.84073)  
1      POINT (-75.99586 36.84071)  
2      POINT (-75.99588 36.84069)  
3      POINT (-75.99593 36.84064)  
4      POINT (-75.99595 36.84062)  
...                           ...  
18650  POINT (-76.17716 36.77047)  
18651  POINT (-76.17706 36.77044)  
18652   POINT (-76.17697 36.7704)  
18653   POINT (-76.1769 36.77037)  
18654  POINT (-76.17684 36.77034)  

[18655 rows x 8 columns]"
252,"Virginia Beach, VA",am,am_trav.shp,"/groups/LORTIZUR/heat-watch-data/clean/Heat Watch Virginia Beach, VA/traverses_chw_virginia_beach_1029121/am_trav.shp",24640,24496,temp_f,POINT (-76.1032457297387 36.83834694409402),76.65896268778577,76.64,0.8942891408918082,74.1,79.23,5.13000000000001,75.99,77.3,1.3100000000000023,[77.39 77.39 77.39 ... 76.56 76.38 76.74],"                   datetim  temp_f  ht_ndx_     rh  \
0      2021-07-15 06:00:43   77.39    78.71  82.58   
1      2021-07-15 06:00:44   77.39    78.71  82.58   
2      2021-07-15 06:00:45   77.39    78.71  82.58   
3      2021-07-15 06:00:46   77.21    78.51  82.58   
4      2021-07-15 06:00:47   77.21    78.51  82.58   
...                    ...     ...      ...    ...   
24635  2021-07-15 06:59:55   76.56    78.17  90.46   
24636  2021-07-15 06:59:56   76.56    78.17  90.46   
24637  2021-07-15 06:59:57   76.56    78.17  90.46   
24638  2021-07-15 06:59:58   76.38    78.01  91.46   
24639  2021-07-15 07:00:00   76.74    78.41  91.46   

                               file  spdKmhr trav_id  \
0      1040_150721_094621.000_0.csv    20.29      am   
1      1040_150721_094621.000_0.csv    24.97      am   
2      1040_150721_094621.000_0.csv    27.76      am   
3      1040_150721_094621.000_0.csv    33.21      am   
4      1040_150721_094621.000_0.csv    33.21      am   
...                             ...      ...     ...   
24635  1092_150721_095605.000_0.csv    16.61      am   
24636  1092_150721_095605.000_0.csv    14.80      am   
24637  1092_150721_095605.000_0.csv    11.65      am   
24638  1092_150721_095605.000_0.csv    11.65      am   
24639  1092_150721_095605.000_0.csv    16.99      am   

                         geometry  
0      POINT (-75.99655 36.84061)  
1      POINT (-75.99661 36.84058)  
2      POINT (-75.99667 36.84053)  
3      POINT (-75.99673 36.84047)  
4        POINT (-75.9968 36.8404)  
...                           ...  
24635  POINT (-76.18687 36.78312)  
24636  POINT (-76.18689 36.78308)  
24637  POINT (-76.18688 36.78306)  
24638  POINT (-76.18685 36.78304)  
24639  POINT (-76.18679 36.78308)  

[24640 rows x 8 columns]"
253,"Virginia Beach, VA",pm,pm_trav.shp,"/groups/LORTIZUR/heat-watch-data/clean/Heat Watch Virginia Beach, VA/traverses_chw_virginia_beach_1029121/pm_trav.shp",21744,21700,temp_f,POINT (-76.09650503451093 36.83237804287344),83.5601668202765,83.85,3.2645235670211408,76.58,91.88,15.299999999999997,81.01,85.36,4.349999999999994,[78.48 78.48 78.66 ... 89.08 89.08 89.62],"                   datetim  temp_f  ht_ndx_     rh  \
0      2021-07-15 19:00:01   78.48    79.97  83.69   
1      2021-07-15 19:00:02   78.48    79.97  83.69   
2      2021-07-15 19:00:03   78.66    80.16  83.69   
3      2021-07-15 19:00:04   78.66    80.16  83.69   
4      2021-07-15 19:00:05   78.84    80.36  83.69   
...                    ...     ...      ...    ...   
21739  2021-07-15 19:59:55   89.26    94.61  53.19   
21740  2021-07-15 19:59:56   89.26    94.61  53.19   
21741  2021-07-15 19:59:57   89.08    94.26  53.19   
21742  2021-07-15 19:59:58   89.08    94.26  53.19   
21743  2021-07-15 19:59:59   89.62    95.80  54.19   

                               file  spdKmhr trav_id  \
0      1040_150721_225324.000_0.csv    46.17      pm   
1      1040_150721_225324.000_0.csv    45.24      pm   
2      1040_150721_225324.000_0.csv    45.92      pm   
3      1040_150721_225324.000_0.csv    48.39      pm   
4      1040_150721_225324.000_0.csv    48.49      pm   
...                             ...      ...     ...   
21739  1092_150721_230030.301_0.csv    15.36      pm   
21740  1092_150721_230030.301_0.csv    15.36      pm   
21741  1092_150721_230030.301_0.csv    19.14      pm   
21742  1092_150721_230030.301_0.csv    27.01      pm   
21743  1092_150721_230030.301_0.csv    30.33      pm   

                         geometry  
0       POINT (-75.9977 36.83099)  
1      POINT (-75.99767 36.83087)  
2      POINT (-75.99764 36.83075)  
3      POINT (-75.99761 36.83062)  
4       POINT (-75.99758 36.8305)  
...                           ...  
21739   POINT (-76.1724 36.78167)  
21740  POINT (-76.17245 36.78166)  
21741  POINT (-76.17252 36.78164)  
21742  POINT (-76.17259 36.78162)  
21743   POINT (-76.17268 36.7816)  

[21744 rows x 8 columns]"
254,"Washington, D.C.",af,af_trav.shp,"/groups/LORTIZUR/heat-watch-data/clean/Heat Watch Washington, D.C./traverses_chw_washington_dc/af_trav.shp",23345,23345,temp_f,POINT (-77.01000330460951 38.914067382261095),94.68459713000642,94.64,2.2556181137341675,85.1,103.1,18.0,93.38000000000001,96.08000000000001,2.700000000000003,[96.26 95.18 95.36 ... 95.18 95.36 95.54],"        loctime        lat        lon   hgt   speed   T_C  temp_f  \
0      14:00:00  38.923109 -77.022378  21.0  36.363  35.7   96.26   
1      14:00:01  38.923019 -77.022368  20.0  34.638  35.1   95.18   
2      14:00:02  38.922935 -77.022354  19.0  33.000  35.2   95.36   
3      14:00:03  38.922854 -77.022343  19.0  31.924  35.4   95.72   
4      14:00:04  38.922773 -77.022335  19.0  30.217  35.6   96.08   
...         ...        ...        ...   ...     ...   ...     ...   
23340  14:59:55  38.993256 -77.032745  55.0   8.400  35.1   95.18   
23341  14:59:56  38.993269 -77.032717  54.0   8.794  35.1   95.18   
23342  14:59:57  38.993271 -77.032694  54.0   6.222  35.1   95.18   
23343  14:59:58  38.993272 -77.032673  53.0   6.791  35.2   95.36   
23344  14:59:59  38.993261 -77.032648  53.0   9.062  35.3   95.54   

                         geometry  
0      POINT (-77.02238 38.92311)  
1      POINT (-77.02237 38.92302)  
2      POINT (-77.02235 38.92293)  
3      POINT (-77.02234 38.92285)  
4      POINT (-77.02233 38.92277)  
...                           ...  
23340  POINT (-77.03274 38.99326)  
23341  POINT (-77.03272 38.99327)  
23342  POINT (-77.03269 38.99327)  
23343  POINT (-77.03267 38.99327)  
23344  POINT (-77.03265 38.99326)  

[23345 rows x 8 columns]"
255,"Washington, D.C.",am,am_trav.shp,"/groups/LORTIZUR/heat-watch-data/clean/Heat Watch Washington, D.C./traverses_chw_washington_dc/am_trav.shp",25637,25637,temp_f,POINT (-77.01214558162398 38.91018650721092),77.33605804111245,77.36,2.0382789627126954,68.9,82.75999999999999,13.859999999999985,75.92,78.98,3.0600000000000023,[69.26 69.44 69.26 ... 81.32 81.32 81.32],"        loctime        lat        lon   hgt  speed   T_C  temp_f  \
0      05:00:00  38.861081 -77.004306 -34.0  7.801  20.7   69.26   
1      05:00:01  38.861091 -77.004333 -34.0  9.469  20.8   69.44   
2      05:00:02  38.861101 -77.004361 -34.0  9.619  20.7   69.26   
3      05:00:03  38.861108 -77.004392 -34.0  9.239  20.7   69.26   
4      05:00:04  38.861106 -77.004417 -34.0  7.033  20.7   69.26   
...         ...        ...        ...   ...    ...   ...     ...   
25632  05:58:33  38.994076 -77.033467  71.0  4.523  27.3   81.14   
25633  05:58:34  38.994078 -77.033468  70.0  3.822  27.4   81.32   
25634  05:58:35  38.994075 -77.033472  70.0  5.462  27.4   81.32   
25635  05:58:36  38.994068 -77.033492  70.0  6.076  27.4   81.32   
25636  05:58:37  38.994068 -77.033518  70.0  6.054  27.4   81.32   

                         geometry  
0      POINT (-77.00431 38.86108)  
1      POINT (-77.00433 38.86109)  
2       POINT (-77.00436 38.8611)  
3      POINT (-77.00439 38.86111)  
4      POINT (-77.00442 38.86111)  
...                           ...  
25632  POINT (-77.03347 38.99408)  
25633  POINT (-77.03347 38.99408)  
25634  POINT (-77.03347 38.99407)  
25635  POINT (-77.03349 38.99407)  
25636  POINT (-77.03352 38.99407)  

[25637 rows x 8 columns]"
256,"Washington, D.C.",pm,pm_trav.shp,"/groups/LORTIZUR/heat-watch-data/clean/Heat Watch Washington, D.C./traverses_chw_washington_dc/pm_trav.shp",25066,25066,temp_f,POINT (-77.0138627781187 38.9110847858745),89.55758876565865,89.96000000000001,2.5087762834333036,79.52,98.78,19.260000000000005,88.34,91.22,2.8799999999999955,[92.3  92.66 92.48 ... 88.7  88.52 88.52],"        loctime        lat        lon   hgt   speed   T_C  temp_f  \
0      18:00:00  38.915511 -77.020112   2.0   2.998  33.5   92.30   
1      18:00:01  38.915502 -77.020093   2.0  12.056  33.7   92.66   
2      18:00:02  38.915482 -77.020052   2.0  18.585  33.6   92.48   
3      18:00:03  38.915455 -77.019993   2.0  24.867  33.6   92.48   
4      18:00:04  38.915423 -77.019915   3.0  30.341  33.6   92.48   
...         ...        ...        ...   ...     ...   ...     ...   
25061  18:57:34  38.988833 -77.030163  78.0  12.998  31.7   89.06   
25062  18:57:35  38.988818 -77.030191  79.0   8.816  31.6   88.88   
25063  18:57:36  38.988810 -77.030209  79.0   8.071  31.5   88.70   
25064  18:57:37  38.988798 -77.030230  79.0   6.146  31.4   88.52   
25065  18:57:38  38.988791 -77.030241  78.0   2.795  31.4   88.52   

                         geometry  
0      POINT (-77.02011 38.91551)  
1       POINT (-77.02009 38.9155)  
2      POINT (-77.02005 38.91548)  
3      POINT (-77.01999 38.91545)  
4      POINT (-77.01991 38.91542)  
...                           ...  
25061  POINT (-77.03016 38.98883)  
25062  POINT (-77.03019 38.98882)  
25063  POINT (-77.03021 38.98881)  
25064   POINT (-77.03023 38.9888)  
25065  POINT (-77.03024 38.98879)  

[25066 rows x 8 columns]"
257,"West Palm Beach, FL",af,af_trav.shp,"/groups/LORTIZUR/heat-watch-data/clean/Heat Watch West Palm Beach, FL/traverses_chw_west_palm_beach/af_trav.shp",12796,12796,temp_f,POINT (-80.0919294332277 26.727907227345028),88.65950140668959,89.06,2.0458229163460055,82.03999999999999,93.92,11.88000000000001,87.80000000000001,89.96000000000001,2.1599999999999966,[91.58 91.58 91.4  ... 93.56 93.56 93.56],"       hasFix stlltsU    date        time altitud  course  spdKmhr  spdKnts  \
0           1       8  190819  180000.000    16.6  205.77    36.15    19.51   
1           1       8  190819  180001.000    16.3  202.46    35.62    19.22   
2           1       8  190819  180002.000    16.3  195.63    35.29    19.04   
3           1       8  190819  180003.000    15.8  194.49    34.85    18.81   
4           1       8  190819  180004.000    15.7  191.45    34.31    18.51   
...       ...     ...     ...         ...     ...     ...      ...      ...   
12791       1       9  210819  190044.000    17.8  270.51    24.90    13.44   
12792       1       9  210819  190045.000    17.2  270.51    24.90    13.44   
12793       1       9  210819  190046.000    16.8  268.17    13.66     7.37   
12794       1       9  210819  190047.000    16.4  270.92    10.42     5.62   
12795       1       9  210819  190048.000    15.9  272.61     9.15     4.94   

      RMCMode RMCStts  ...                        file     dat_cln  \
0           D       A  ...  CAPA11_190819_175655_309_0  2019-08-19   
1           D       A  ...  CAPA11_190819_175655_309_0  2019-08-19   
2           D       A  ...  CAPA11_190819_175655_309_0  2019-08-19   
3           D       A  ...  CAPA11_190819_175655_309_0  2019-08-19   
4           D       A  ...  CAPA11_190819_175655_309_0  2019-08-19   
...       ...     ...  ...                         ...         ...   
12791       D       A  ...  CAPA14_210819_174025_085_0  2019-08-21   
12792       D       A  ...  CAPA14_210819_174025_085_0  2019-08-21   
12793       D       A  ...  CAPA14_210819_174025_085_0  2019-08-21   
12794       D       A  ...  CAPA14_210819_174025_085_0  2019-08-21   
12795       D       A  ...  CAPA14_210819_174025_085_0  2019-08-21   

                   dttm_tc              dttm_lc                tz     date_lc  \
0      2019-08-19 18:00:00  2019-08-19 14:00:00  America/New_York  2019-08-19   
1      2019-08-19 18:00:00  2019-08-19 14:00:00  America/New_York  2019-08-19   
2      2019-08-19 18:00:00  2019-08-19 14:00:00  America/New_York  2019-08-19   
3      2019-08-19 18:00:00  2019-08-19 14:00:00  America/New_York  2019-08-19   
4      2019-08-19 18:00:00  2019-08-19 14:00:00  America/New_York  2019-08-19   
...                    ...                  ...               ...         ...   
12791  2019-08-21 19:00:00  2019-08-21 15:00:00  America/New_York  2019-08-21   
12792  2019-08-21 19:00:00  2019-08-21 15:00:00  America/New_York  2019-08-21   
12793  2019-08-21 19:00:00  2019-08-21 15:00:00  America/New_York  2019-08-21   
12794  2019-08-21 19:00:00  2019-08-21 15:00:00  America/New_York  2019-08-21   
12795  2019-08-21 19:00:00  2019-08-21 15:00:00  America/New_York  2019-08-21   

                   strt_tm              end_tim  trav_id  \
0      2019-08-19 14:00:00  2019-08-19 15:00:00       af   
1      2019-08-19 14:00:00  2019-08-19 15:00:00       af   
2      2019-08-19 14:00:00  2019-08-19 15:00:00       af   
3      2019-08-19 14:00:00  2019-08-19 15:00:00       af   
4      2019-08-19 14:00:00  2019-08-19 15:00:00       af   
...                    ...                  ...      ...   
12791  2019-08-21 14:00:00  2019-08-21 15:00:00       af   
12792  2019-08-21 14:00:00  2019-08-21 15:00:00       af   
12793  2019-08-21 14:00:00  2019-08-21 15:00:00       af   
12794  2019-08-21 14:00:00  2019-08-21 15:00:00       af   
12795  2019-08-21 14:00:00  2019-08-21 15:00:00       af   

                         geometry  
0      POINT (-80.21273 26.80781)  
1      POINT (-80.21276 26.80773)  
2      POINT (-80.21279 26.80764)  
3      POINT (-80.21282 26.80756)  
4      POINT (-80.21284 26.80747)  
...                           ...  
12791  POINT (-80.06252 26.67597)  
12792  POINT (-80.06258 26.67597)  
12793  POINT (-80.06263 26.67597)  
12794  POINT (-80.06266 26.67597)  
12795  POINT (-80.06269 26.67597)  

[12796 rows x 29 columns]"
258,"West Palm Beach, FL",am,am_trav.shp,"/groups/LORTIZUR/heat-watch-data/clean/Heat Watch West Palm Beach, FL/traverses_chw_west_palm_beach/am_trav.shp",7847,7847,temp_f,POINT (-80.0995386070304 26.732836617917155),81.32612463361795,81.32,1.9609599541162361,77.72,85.46000000000001,7.740000000000009,79.52,83.12,3.6000000000000085,[80.78 80.78 80.78 ... 78.98 78.98 78.98],"      hasFix stlltsU    date        time altitud  course  spdKmhr  spdKnts  \
0          1       8  190819  100335.000    13.7  115.04     8.16     4.41   
1          1       7  190819  100336.000    13.7   79.86     9.72     5.25   
2          1       7  190819  100337.000    13.7   60.56    11.79     6.36   
3          1       8  190819  100338.000    13.6   37.17    12.28     6.63   
4          1       8  190819  100339.000    13.6   37.17    12.28     6.63   
...      ...     ...     ...         ...     ...     ...      ...      ...   
7842       1       9  190819  105934.000     6.0   79.82    19.42    10.48   
7843       1       9  190819  105935.000     5.7   83.96    15.59     8.41   
7844       1       9  190819  105936.000     6.0  103.79    12.20     6.58   
7845       1       9  190819  105942.000     6.4  316.23     8.52     4.60   
7846       1       9  190819  105943.000     6.4  316.23     8.52     4.60   

     RMCMode RMCStts  ...                        file     dat_cln  \
0          A       A  ...  CAPA11_190819_100130_303_0  2019-08-19   
1          A       A  ...  CAPA11_190819_100130_303_0  2019-08-19   
2          A       A  ...  CAPA11_190819_100130_303_0  2019-08-19   
3          A       A  ...  CAPA11_190819_100130_303_0  2019-08-19   
4          A       A  ...  CAPA11_190819_100130_303_0  2019-08-19   
...      ...     ...  ...                         ...         ...   
7842       D       A  ...  CAPA14_190819_093829_000_0  2019-08-19   
7843       D       A  ...  CAPA14_190819_093829_000_0  2019-08-19   
7844       D       A  ...  CAPA14_190819_093829_000_0  2019-08-19   
7845       D       A  ...  CAPA14_190819_093829_000_0  2019-08-19   
7846       D       A  ...  CAPA14_190819_093829_000_0  2019-08-19   

                  dttm_tc              dttm_lc                tz     date_lc  \
0     2019-08-19 10:03:00  2019-08-19 06:03:00  America/New_York  2019-08-19   
1     2019-08-19 10:03:00  2019-08-19 06:03:00  America/New_York  2019-08-19   
2     2019-08-19 10:03:00  2019-08-19 06:03:00  America/New_York  2019-08-19   
3     2019-08-19 10:03:00  2019-08-19 06:03:00  America/New_York  2019-08-19   
4     2019-08-19 10:03:00  2019-08-19 06:03:00  America/New_York  2019-08-19   
...                   ...                  ...               ...         ...   
7842  2019-08-19 10:59:00  2019-08-19 06:59:00  America/New_York  2019-08-19   
7843  2019-08-19 10:59:00  2019-08-19 06:59:00  America/New_York  2019-08-19   
7844  2019-08-19 10:59:00  2019-08-19 06:59:00  America/New_York  2019-08-19   
7845  2019-08-19 10:59:00  2019-08-19 06:59:00  America/New_York  2019-08-19   
7846  2019-08-19 10:59:00  2019-08-19 06:59:00  America/New_York  2019-08-19   

                  strt_tm              end_tim  trav_id  \
0     2019-08-19 06:00:00  2019-08-19 07:00:00       am   
1     2019-08-19 06:00:00  2019-08-19 07:00:00       am   
2     2019-08-19 06:00:00  2019-08-19 07:00:00       am   
3     2019-08-19 06:00:00  2019-08-19 07:00:00       am   
4     2019-08-19 06:00:00  2019-08-19 07:00:00       am   
...                   ...                  ...      ...   
7842  2019-08-19 06:00:00  2019-08-19 07:00:00       am   
7843  2019-08-19 06:00:00  2019-08-19 07:00:00       am   
7844  2019-08-19 06:00:00  2019-08-19 07:00:00       am   
7845  2019-08-19 06:00:00  2019-08-19 07:00:00       am   
7846  2019-08-19 06:00:00  2019-08-19 07:00:00       am   

                        geometry  
0     POINT (-80.20631 26.81051)  
1     POINT (-80.20628 26.81051)  
2     POINT (-80.20626 26.81052)  
3     POINT (-80.20623 26.81054)  
4     POINT (-80.20621 26.81056)  
...                          ...  
7842   POINT (-80.05804 26.6971)  
7843  POINT (-80.05799 26.69711)  
7844   POINT (-80.05795 26.6971)  
7845  POINT (-80.05796 26.69712)  
7846  POINT (-80.05797 26.69714)  

[7847 rows x 29 columns]"
259,"West Palm Beach, FL",pm,pm_trav.shp,"/groups/LORTIZUR/heat-watch-data/clean/Heat Watch West Palm Beach, FL/traverses_chw_west_palm_beach/pm_trav.shp",10133,10133,temp_f,POINT (-80.09444706729319 26.729191199213457),84.82215730780618,84.74000000000001,0.6834610171263961,83.48,89.42,5.939999999999998,84.38,85.28,0.9000000000000057,[85.46 85.46 85.46 ... 84.38 84.38 84.38],"       hasFix stlltsU    date        time altitud  course  spdKmhr  spdKnts  \
0           1       9  190819  230000.000      11  169.33    46.81    25.26   
1           1       9  190819  230001.000    11.2  168.99    46.77    25.24   
2           1       9  190819  230002.000    11.4  169.03    49.11    26.50   
3           1       9  190819  230003.000    11.3  169.03    49.11    26.50   
4           1       9  190819  230004.000    11.4  169.66    51.34    27.70   
...       ...     ...     ...         ...     ...     ...      ...      ...   
10128       1       8  200819  000055.000     0.7  355.91    40.11    21.64   
10129       1       9  200819  000056.000     0.8  355.91    40.11    21.64   
10130       1       9  200819  000057.000       1  356.03    41.03    22.14   
10131       1       8  200819  000058.000     0.9  355.65    41.77    22.54   
10132       1       9  200819  000059.000       1  355.68    43.12    23.27   

      RMCMode RMCStts  ...                        file     dat_cln  \
0           D       A  ...  CAPA11_190819_224330_215_0  2019-08-19   
1           D       A  ...  CAPA11_190819_224330_215_0  2019-08-19   
2           D       A  ...  CAPA11_190819_224330_215_0  2019-08-19   
3           D       A  ...  CAPA11_190819_224330_215_0  2019-08-19   
4           D       A  ...  CAPA11_190819_224330_215_0  2019-08-19   
...       ...     ...  ...                         ...         ...   
10128       D       A  ...  CAPA14_190819_224622_000_0  2019-08-20   
10129       D       A  ...  CAPA14_190819_224622_000_0  2019-08-20   
10130       D       A  ...  CAPA14_190819_224622_000_0  2019-08-20   
10131       D       A  ...  CAPA14_190819_224622_000_0  2019-08-20   
10132       D       A  ...  CAPA14_190819_224622_000_0  2019-08-20   

                   dttm_tc              dttm_lc                tz     date_lc  \
0      2019-08-19 23:00:00  2019-08-19 19:00:00  America/New_York  2019-08-19   
1      2019-08-19 23:00:00  2019-08-19 19:00:00  America/New_York  2019-08-19   
2      2019-08-19 23:00:00  2019-08-19 19:00:00  America/New_York  2019-08-19   
3      2019-08-19 23:00:00  2019-08-19 19:00:00  America/New_York  2019-08-19   
4      2019-08-19 23:00:00  2019-08-19 19:00:00  America/New_York  2019-08-19   
...                    ...                  ...               ...         ...   
10128  2019-08-20 00:00:00  2019-08-19 20:00:00  America/New_York  2019-08-20   
10129  2019-08-20 00:00:00  2019-08-19 20:00:00  America/New_York  2019-08-20   
10130  2019-08-20 00:00:00  2019-08-19 20:00:00  America/New_York  2019-08-20   
10131  2019-08-20 00:00:00  2019-08-19 20:00:00  America/New_York  2019-08-20   
10132  2019-08-20 00:00:00  2019-08-19 20:00:00  America/New_York  2019-08-20   

                   strt_tm              end_tim  trav_id  \
0      2019-08-19 19:00:00  2019-08-19 20:00:00       pm   
1      2019-08-19 19:00:00  2019-08-19 20:00:00       pm   
2      2019-08-19 19:00:00  2019-08-19 20:00:00       pm   
3      2019-08-19 19:00:00  2019-08-19 20:00:00       pm   
4      2019-08-19 19:00:00  2019-08-19 20:00:00       pm   
...                    ...                  ...      ...   
10128  2019-08-19 19:00:00  2019-08-19 20:00:00       pm   
10129  2019-08-19 19:00:00  2019-08-19 20:00:00       pm   
10130  2019-08-19 19:00:00  2019-08-19 20:00:00       pm   
10131  2019-08-19 19:00:00  2019-08-19 20:00:00       pm   
10132  2019-08-19 19:00:00  2019-08-19 20:00:00       pm   

                         geometry  
0      POINT (-80.21298 26.79952)  
1       POINT (-80.21296 26.7994)  
2      POINT (-80.21293 26.79928)  
3      POINT (-80.21291 26.79916)  
4      POINT (-80.21288 26.79903)  
...                           ...  
10128  POINT (-80.04843 26.66202)  
10129  POINT (-80.04844 26.66212)  
10130  POINT (-80.04845 26.66223)  
10131  POINT (-80.04846 26.66233)  
10132  POINT (-80.04846 26.66244)  

[10133 rows x 29 columns]"
260,"Winchester, VA",af,af_trav.shp,"/groups/LORTIZUR/heat-watch-data/clean/Heat Watch Winchester, VA/traverses_chw_winchester_110121/af_trav.shp",27188,26942,temp_f,POINT (-78.1685130429183 39.17752293953739),92.36371761561874,92.35,2.4740880663815408,85.76,99.21,13.449999999999989,90.6,93.98,3.3800000000000097,[91.57 91.57 91.75 ... 94.68 94.68 94.33],"       spdKmhr                               file    datetime trav_id  \
0         5.50      1001B_150721_185131.302_0.csv  2021/07/15      af   
1         4.88      1001B_150721_185131.302_0.csv  2021/07/15      af   
2         5.18      1001B_150721_185131.302_0.csv  2021/07/15      af   
3         4.78      1001B_150721_185131.302_0.csv  2021/07/15      af   
4         4.78      1001B_150721_185131.302_0.csv  2021/07/15      af   
...        ...                                ...         ...     ...   
27183     0.94  CAPA1036B_150721_185627.000_0.csv  2021/07/15      af   
27184     0.58  CAPA1036B_150721_185627.000_0.csv  2021/07/15      af   
27185     0.76  CAPA1036B_150721_185627.000_0.csv  2021/07/15      af   
27186     0.76  CAPA1036B_150721_185627.000_0.csv  2021/07/15      af   
27187     1.07  CAPA1036B_150721_185627.000_0.csv  2021/07/15      af   

            rh  temp_f     hi_f                    geometry  
0        35.05   91.57    91.30  POINT (-78.15926 39.16971)  
1        35.05   91.57    91.30  POINT (-78.15927 39.16972)  
2        35.06   91.75    91.56  POINT (-78.15928 39.16974)  
3        35.06   91.75    91.56  POINT (-78.15928 39.16975)  
4        35.06   91.39    91.05  POINT (-78.15929 39.16976)  
...        ...     ...      ...                         ...  
27183 -9999.00   94.32 -9999.00  POINT (-78.16951 39.15876)  
27184 -9999.00   94.32 -9999.00  POINT (-78.16952 39.15875)  
27185 -9999.00   94.68 -9999.00  POINT (-78.16952 39.15875)  
27186 -9999.00   94.68 -9999.00  POINT (-78.16952 39.15875)  
27187 -9999.00   94.33 -9999.00  POINT (-78.16952 39.15874)  

[27188 rows x 8 columns]"
261,"Winchester, VA",am,am_trav.shp,"/groups/LORTIZUR/heat-watch-data/clean/Heat Watch Winchester, VA/traverses_chw_winchester_110121/am_trav.shp",27515,27409,temp_f,POINT (-78.16880285888908 39.17796183529815),69.95328140391841,70.0,1.2912719613387877,66.95,73.68,6.730000000000004,68.96,70.86,1.9000000000000057,[68.39 68.39 68.75 ... 71.98 71.98 71.98],"       speedKmhr                               file             datetime  \
0           3.30      1001B_150721_094205.000_0.csv  2021-07-15 06:00:02   
1           2.91      1001B_150721_094205.000_0.csv  2021-07-15 06:00:03   
2           2.91      1001B_150721_094205.000_0.csv  2021-07-15 06:00:04   
3           2.25      1001B_150721_094205.000_0.csv  2021-07-15 06:00:05   
4           2.36      1001B_150721_094205.000_0.csv  2021-07-15 06:00:06   
...          ...                                ...                  ...   
27510       0.60  CAPA1036B_150721_095033.000_0.csv  2021-07-15 06:57:36   
27511       0.54  CAPA1036B_150721_095033.000_0.csv  2021-07-15 06:57:37   
27512       0.71  CAPA1036B_150721_095033.000_0.csv  2021-07-15 06:57:38   
27513       0.71  CAPA1036B_150721_095033.000_0.csv  2021-07-15 06:57:39   
27514       0.74  CAPA1036B_150721_095033.000_0.csv  2021-07-15 06:57:40   

      trav_id     rh  temp_f   hi_f                    geometry  
0          am  94.18   68.39  69.36  POINT (-78.15801 39.17496)  
1          am  94.18   68.39  69.36  POINT (-78.15801 39.17496)  
2          am  94.18   68.75  69.75  POINT (-78.15801 39.17497)  
3          am  94.18   68.75  69.75    POINT (-78.158 39.17498)  
4          am  94.17   68.57  69.55  POINT (-78.15799 39.17498)  
...       ...    ...     ...    ...                         ...  
27510      am  86.98   71.98  72.97  POINT (-78.16936 39.15894)  
27511      am  86.98   71.98  72.97  POINT (-78.16937 39.15893)  
27512      am  86.98   71.98  72.97  POINT (-78.16937 39.15893)  
27513      am  86.97   71.98  72.97  POINT (-78.16937 39.15893)  
27514      am  86.97   71.98  72.97  POINT (-78.16937 39.15893)  

[27515 rows x 8 columns]"
262,"Winchester, VA",pm,pm_trav.shp,"/groups/LORTIZUR/heat-watch-data/clean/Heat Watch Winchester, VA/traverses_chw_winchester_110121/pm_trav.shp",27066,26709,temp_f,POINT (-78.16819679181634 39.178630580723166),83.47527163128534,83.62,1.0701878800963498,80.21,86.3,6.090000000000003,82.69,84.29,1.6000000000000085,[81.   81.01 81.01 ... 83.52 82.8  82.8 ],"       speedKmhr                               file             datetime  \
0           5.47              1001B_150721_22_0.csv  2021-07-15 19:00:00   
1           5.47              1001B_150721_22_0.csv  2021-07-15 19:00:01   
2           4.98              1001B_150721_22_0.csv  2021-07-15 19:00:02   
3           5.07              1001B_150721_22_0.csv  2021-07-15 19:00:03   
4           4.99              1001B_150721_22_0.csv  2021-07-15 19:00:04   
...          ...                                ...                  ...   
27061       4.36  CAPA1036B_150721_225752.000_0.csv  2021-07-15 19:54:16   
27062       5.60  CAPA1036B_150721_225752.000_0.csv  2021-07-15 19:54:20   
27063       1.23  CAPA1036B_150721_225752.000_0.csv  2021-07-15 19:54:21   
27064       1.23  CAPA1036B_150721_225752.000_0.csv  2021-07-15 19:54:21   
27065       1.23  CAPA1036B_150721_225752.000_0.csv  2021-07-15 19:54:21   

      trav_id       rh  temp_f     hi_f                    geometry  
0          pm    63.64   81.00    83.61  POINT (-78.15887 39.16941)  
1          pm    63.64   81.01    83.61  POINT (-78.15888 39.16942)  
2          pm    62.64   81.01    83.46  POINT (-78.15889 39.16943)  
3          pm    62.64   81.01    83.46   POINT (-78.1589 39.16944)  
4          pm    63.64   81.19    83.88  POINT (-78.15891 39.16946)  
...       ...      ...     ...      ...                         ...  
27061      pm -9999.00   83.15 -9999.00  POINT (-78.16929 39.15903)  
27062      pm -9999.00   83.51 -9999.00  POINT (-78.16971 39.15857)  
27063      pm -9999.00   83.52 -9999.00  POINT (-78.16972 39.15861)  
27064      pm -9999.00   82.80 -9999.00  POINT (-78.16972 39.15861)  
27065      pm -9999.00   82.80 -9999.00  POINT (-78.16972 39.15861)  

[27066 rows x 8 columns]"
263,"Worcester, MA",af,af_trav.shp,"/groups/LORTIZUR/heat-watch-data/clean/Heat Watch Worcester, MA/traverses_chw_worchester/af_trav.shp",18509,18509,temp_f,POINT (-71.8046027355289 42.26728756460992),85.03783780863364,85.1,1.633813039085402,80.06,90.86000000000001,10.800000000000011,84.02,86.18,2.160000000000011,[88.7  88.7  88.7  ... 86.54 86.54 86.36],"       hasFix stlltsU    date        time altitud  course  spdKmhr  spdKnts  \
0           1       7  200819  190044.000   159.5  184.47    10.61     5.72   
1           1       7  200819  190045.000   159.5  184.85    14.27     7.70   
2           1       7  200819  190046.000   159.5  186.54    16.53     8.92   
3           1       7  200819  190047.000   159.6  186.54    16.53     8.92   
4           1       7  200819  190048.000   159.6  192.91    21.02    11.34   
...       ...     ...     ...         ...     ...     ...      ...      ...   
18504       1       7  200819  195919.000   190.6   95.45    13.16     5.64   
18505       1       7  200819  195920.000   190.9   88.03    13.16     5.39   
18506       1       7  200819  195921.000   191.2   88.95    11.81     6.37   
18507       1       7  200819  195922.000   191.3   88.95    11.81     6.37   
18508       1       7  200819  195924.000   191.3  108.34     9.06     4.89   

      RMCMode RMCStts  ...                     file     dat_cln  \
0           A       A  ...  PR1_200819_185457_000_0  2019-08-20   
1           A       A  ...  PR1_200819_185457_000_0  2019-08-20   
2           A       A  ...  PR1_200819_185457_000_0  2019-08-20   
3           A       A  ...  PR1_200819_185457_000_0  2019-08-20   
4           A       A  ...  PR1_200819_185457_000_0  2019-08-20   
...       ...     ...  ...                      ...         ...   
18504       K       A  ...  PR8_200819_185131_302_0  2019-08-20   
18505       K       A  ...  PR8_200819_185131_302_0  2019-08-20   
18506       D       A  ...  PR8_200819_185131_302_0  2019-08-20   
18507       D       A  ...  PR8_200819_185131_302_0  2019-08-20   
18508       D       A  ...  PR8_200819_185131_302_0  2019-08-20   

                   dttm_tc              dttm_lc                tz     date_lc  \
0      2019-08-20 19:00:00  2019-08-20 15:00:00  America/New_York  2019-08-20   
1      2019-08-20 19:00:00  2019-08-20 15:00:00  America/New_York  2019-08-20   
2      2019-08-20 19:00:00  2019-08-20 15:00:00  America/New_York  2019-08-20   
3      2019-08-20 19:00:00  2019-08-20 15:00:00  America/New_York  2019-08-20   
4      2019-08-20 19:00:00  2019-08-20 15:00:00  America/New_York  2019-08-20   
...                    ...                  ...               ...         ...   
18504  2019-08-20 19:59:00  2019-08-20 15:59:00  America/New_York  2019-08-20   
18505  2019-08-20 19:59:00  2019-08-20 15:59:00  America/New_York  2019-08-20   
18506  2019-08-20 19:59:00  2019-08-20 15:59:00  America/New_York  2019-08-20   
18507  2019-08-20 19:59:00  2019-08-20 15:59:00  America/New_York  2019-08-20   
18508  2019-08-20 19:59:00  2019-08-20 15:59:00  America/New_York  2019-08-20   

                   strt_tm              end_tim  trav_id  \
0      2019-08-20 15:00:00  2019-08-20 16:00:00       af   
1      2019-08-20 15:00:00  2019-08-20 16:00:00       af   
2      2019-08-20 15:00:00  2019-08-20 16:00:00       af   
3      2019-08-20 15:00:00  2019-08-20 16:00:00       af   
4      2019-08-20 15:00:00  2019-08-20 16:00:00       af   
...                    ...                  ...      ...   
18504  2019-08-20 15:00:00  2019-08-20 16:00:00       af   
18505  2019-08-20 15:00:00  2019-08-20 16:00:00       af   
18506  2019-08-20 15:00:00  2019-08-20 16:00:00       af   
18507  2019-08-20 15:00:00  2019-08-20 16:00:00       af   
18508  2019-08-20 15:00:00  2019-08-20 16:00:00       af   

                         geometry  
0       POINT (-71.7999 42.27066)  
1      POINT (-71.79991 42.27063)  
2      POINT (-71.79991 42.27059)  
3      POINT (-71.79992 42.27054)  
4       POINT (-71.79994 42.2705)  
...                           ...  
18504  POINT (-71.78554 42.25602)  
18505  POINT (-71.78551 42.25602)  
18506  POINT (-71.78547 42.25602)  
18507  POINT (-71.78544 42.25602)  
18508  POINT (-71.78538 42.25601)  

[18509 rows x 29 columns]"
264,"Worcester, MA",am,am_trav.shp,"/groups/LORTIZUR/heat-watch-data/clean/Heat Watch Worcester, MA/traverses_chw_worchester/am_trav.shp",22431,22431,temp_f,POINT (-71.80251976317821 42.27426424108792),65.71718336231109,65.84,1.6667574320365075,61.16,71.06,9.900000000000006,64.94,66.92,1.980000000000004,[65.3  65.3  65.3  ... 67.64 67.64 67.64],"       hasFix stlltsU    date        time altitud  course  spdKmhr  spdKnts  \
0           1       8  200819  100041.000     168  188.69    10.75     5.80   
1           1       8  200819  100042.000   167.8  188.14    19.28    10.41   
2           1       8  200819  100043.000   167.7     189    21.44    11.57   
3           1       8  200819  100044.000   167.6  190.91    22.11    11.93   
4           1       8  200819  100045.000   167.4  190.91    22.11    11.93   
...       ...     ...     ...         ...     ...     ...      ...      ...   
22426       1       9  200819  105726.000   192.4  320.39     8.71     4.70   
22427       1       9  200819  105727.000   191.9  336.14     8.20     4.42   
22428       1       9  200819  105728.000   191.2  357.20     9.39     5.07   
22429       1       9  200819  105729.000   190.7   14.47     8.80     4.75   
22430       1       9  200819  105730.000     190   14.47     8.80     4.75   

      RMCMode RMCStts  ...                     file     dat_cln  \
0           A       A  ...  PR1_200819_095600_089_0  2019-08-20   
1           A       A  ...  PR1_200819_095600_089_0  2019-08-20   
2           A       A  ...  PR1_200819_095600_089_0  2019-08-20   
3           A       A  ...  PR1_200819_095600_089_0  2019-08-20   
4           A       A  ...  PR1_200819_095600_089_0  2019-08-20   
...       ...     ...  ...                      ...         ...   
22426       D       A  ...  PR8_200819_095300_786_0  2019-08-20   
22427       D       A  ...  PR8_200819_095300_786_0  2019-08-20   
22428       D       A  ...  PR8_200819_095300_786_0  2019-08-20   
22429       D       A  ...  PR8_200819_095300_786_0  2019-08-20   
22430       D       A  ...  PR8_200819_095300_786_0  2019-08-20   

                   dttm_tc              dttm_lc                tz     date_lc  \
0      2019-08-20 10:00:00  2019-08-20 06:00:00  America/New_York  2019-08-20   
1      2019-08-20 10:00:00  2019-08-20 06:00:00  America/New_York  2019-08-20   
2      2019-08-20 10:00:00  2019-08-20 06:00:00  America/New_York  2019-08-20   
3      2019-08-20 10:00:00  2019-08-20 06:00:00  America/New_York  2019-08-20   
4      2019-08-20 10:00:00  2019-08-20 06:00:00  America/New_York  2019-08-20   
...                    ...                  ...               ...         ...   
22426  2019-08-20 10:57:00  2019-08-20 06:57:00  America/New_York  2019-08-20   
22427  2019-08-20 10:57:00  2019-08-20 06:57:00  America/New_York  2019-08-20   
22428  2019-08-20 10:57:00  2019-08-20 06:57:00  America/New_York  2019-08-20   
22429  2019-08-20 10:57:00  2019-08-20 06:57:00  America/New_York  2019-08-20   
22430  2019-08-20 10:57:00  2019-08-20 06:57:00  America/New_York  2019-08-20   

                   strt_tm              end_tim  trav_id  \
0      2019-08-20 06:00:00  2019-08-20 07:00:00       am   
1      2019-08-20 06:00:00  2019-08-20 07:00:00       am   
2      2019-08-20 06:00:00  2019-08-20 07:00:00       am   
3      2019-08-20 06:00:00  2019-08-20 07:00:00       am   
4      2019-08-20 06:00:00  2019-08-20 07:00:00       am   
...                    ...                  ...      ...   
22426  2019-08-20 06:00:00  2019-08-20 07:00:00       am   
22427  2019-08-20 06:00:00  2019-08-20 07:00:00       am   
22428  2019-08-20 06:00:00  2019-08-20 07:00:00       am   
22429  2019-08-20 06:00:00  2019-08-20 07:00:00       am   
22430  2019-08-20 06:00:00  2019-08-20 07:00:00       am   

                         geometry  
0      POINT (-71.79996 42.27044)  
1       POINT (-71.79997 42.2704)  
2      POINT (-71.79998 42.27035)  
3          POINT (-71.8 42.27029)  
4      POINT (-71.80001 42.27024)  
...                           ...  
22426  POINT (-71.78548 42.25603)  
22427  POINT (-71.78549 42.25604)  
22428  POINT (-71.78549 42.25607)  
22429  POINT (-71.78549 42.25609)  
22430  POINT (-71.78547 42.25611)  

[22431 rows x 29 columns]"
265,"Worcester, MA",pm,pm_trav.shp,"/groups/LORTIZUR/heat-watch-data/clean/Heat Watch Worcester, MA/traverses_chw_worchester/pm_trav.shp",22467,22467,temp_f,POINT (-71.80266572233499 42.27434622154442),76.32064361062892,76.1,3.6077045731407376,68.36,85.28,16.92,73.4,79.16,5.759999999999991,[81.68 81.68 81.68 ... 78.26 78.26 78.26],"       hasFix stlltsU    date        time altitud  course  spdKmhr  spdKnts  \
0           1       6  200819  230010.000   153.1  189.89    18.14     9.79   
1           1       6  200819  230011.000   153.5  193.84    24.64    13.29   
2           1       6  200819  230012.000   153.8  195.37    27.50    14.84   
3           1       6  200819  230013.000   154.5  195.37    27.50    14.84   
4           1       6  200819  230014.000   154.7  197.59    28.48    15.37   
...       ...     ...     ...         ...     ...     ...      ...      ...   
22462       1       7  200819  235954.000   175.0  320.34    13.81     7.45   
22463       1       7  200819  235955.000   175.2  301.06    12.90     6.96   
22464       1       7  200819  235956.000   175.5  290.03    12.02     6.49   
22465       1       7  200819  235957.000   175.5  286.58     8.03     4.33   
22466       1       7  200819  235958.000   175.6  286.58     8.03     4.33   

      RMCMode RMCStts  ...                     file     dat_cln  \
0           D       A  ...  PR1_200819_225304_000_0  2019-08-20   
1           D       A  ...  PR1_200819_225304_000_0  2019-08-20   
2           D       A  ...  PR1_200819_225304_000_0  2019-08-20   
3           D       A  ...  PR1_200819_225304_000_0  2019-08-20   
4           D       A  ...  PR1_200819_225304_000_0  2019-08-20   
...       ...     ...  ...                      ...         ...   
22462       D       A  ...  PR8_050180_235956_460_0  2019-08-20   
22463       D       A  ...  PR8_050180_235956_460_0  2019-08-20   
22464       D       A  ...  PR8_050180_235956_460_0  2019-08-20   
22465       D       A  ...  PR8_050180_235956_460_0  2019-08-20   
22466       D       A  ...  PR8_050180_235956_460_0  2019-08-20   

                   dttm_tc              dttm_lc                tz     date_lc  \
0      2019-08-20 23:00:00  2019-08-20 19:00:00  America/New_York  2019-08-20   
1      2019-08-20 23:00:00  2019-08-20 19:00:00  America/New_York  2019-08-20   
2      2019-08-20 23:00:00  2019-08-20 19:00:00  America/New_York  2019-08-20   
3      2019-08-20 23:00:00  2019-08-20 19:00:00  America/New_York  2019-08-20   
4      2019-08-20 23:00:00  2019-08-20 19:00:00  America/New_York  2019-08-20   
...                    ...                  ...               ...         ...   
22462  2019-08-20 23:59:00  2019-08-20 19:59:00  America/New_York  2019-08-20   
22463  2019-08-20 23:59:00  2019-08-20 19:59:00  America/New_York  2019-08-20   
22464  2019-08-20 23:59:00  2019-08-20 19:59:00  America/New_York  2019-08-20   
22465  2019-08-20 23:59:00  2019-08-20 19:59:00  America/New_York  2019-08-20   
22466  2019-08-20 23:59:00  2019-08-20 19:59:00  America/New_York  2019-08-20   

                   strt_tm              end_tim  trav_id  \
0      2019-08-20 19:00:00  2019-08-20 20:00:00       pm   
1      2019-08-20 19:00:00  2019-08-20 20:00:00       pm   
2      2019-08-20 19:00:00  2019-08-20 20:00:00       pm   
3      2019-08-20 19:00:00  2019-08-20 20:00:00       pm   
4      2019-08-20 19:00:00  2019-08-20 20:00:00       pm   
...                    ...                  ...      ...   
22462  2019-08-20 19:00:00  2019-08-20 20:00:00       pm   
22463  2019-08-20 19:00:00  2019-08-20 20:00:00       pm   
22464  2019-08-20 19:00:00  2019-08-20 20:00:00       pm   
22465  2019-08-20 19:00:00  2019-08-20 20:00:00       pm   
22466  2019-08-20 19:00:00  2019-08-20 20:00:00       pm   

                         geometry  
0      POINT (-71.79998 42.27067)  
1      POINT (-71.79999 42.27062)  
2      POINT (-71.80002 42.27055)  
3      POINT (-71.80004 42.27048)  
4      POINT (-71.80007 42.27041)  
...                           ...  
22462  POINT (-71.78545 42.25608)  
22463   POINT (-71.78549 42.2561)  
22464  POINT (-71.78552 42.25611)  
22465  POINT (-71.78555 42.25612)  
22466  POINT (-71.78557 42.25612)  

[22467 rows x 29 columns]"
266,"Yonkers, NY",af,af_trav.shp,"/groups/LORTIZUR/heat-watch-data/clean/Heat Watch Yonkers, NY/traverses_chw_yonkers/af_trav.shp",9361,9361,temp_f,POINT (-73.87088181491048 40.94532333423283),85.9201046896699,85.64,1.6279473365054604,80.24000000000001,95.18,14.939999999999998,84.92,86.72,1.7999999999999972,[87.44 87.44 87.44 ... 86.   86.   86.  ],"      hasFix stlltsU   date        time altitud  course  spdKmhr  spdKnts  \
0        1.0       8  40819      190001    36.7   71.07    34.93    18.85   
1        1.0       8  40819      190002    36.5   68.91    31.18    16.83   
2        1.0       8  40819      190003    36.7   69.18    25.48    13.75   
3        1.0       8  40819      190004    36.9   69.18    25.48    13.75   
4        1.0       8  40819      190005    36.9   71.97    17.45     9.42   
...      ...     ...    ...         ...     ...     ...      ...      ...   
9356     1.0       3  40819      194238   218.6  165.82    34.15    18.43   
9357     1.0       3  40819      194239     228   167.8    44.18    23.84   
9358     1.0       3  40819      194240   232.1  163.97    44.18    35.00   
9359     1.0       3  40819      194241   235.6  163.97    44.18    35.00   
9360     1.0       3  40819  194242.206   241.7  171.95    58.66    31.66   

     RMCMode RMCStts  ...                            file     dat_cln  \
0          A       A  ...  CAPA26_040819_184735.000_0.csv  2019-08-04   
1          A       A  ...  CAPA26_040819_184735.000_0.csv  2019-08-04   
2          A       A  ...  CAPA26_040819_184735.000_0.csv  2019-08-04   
3          A       A  ...  CAPA26_040819_184735.000_0.csv  2019-08-04   
4          A       A  ...  CAPA26_040819_184735.000_0.csv  2019-08-04   
...      ...     ...  ...                             ...         ...   
9356       A       A  ...  CAPA30_040819_194227.000_0.csv  2019-08-04   
9357       A       A  ...  CAPA30_040819_194227.000_0.csv  2019-08-04   
9358       A       A  ...  CAPA30_040819_194227.000_0.csv  2019-08-04   
9359       A       A  ...  CAPA30_040819_194227.000_0.csv  2019-08-04   
9360       A       A  ...  CAPA30_040819_194227.000_0.csv  2019-08-04   

                  dttm_tc              dttm_lc                tz     date_lc  \
0     2019-08-04 19:00:01  2019-08-04 15:00:01  America/New_York  2019-08-04   
1     2019-08-04 19:00:02  2019-08-04 15:00:02  America/New_York  2019-08-04   
2     2019-08-04 19:00:03  2019-08-04 15:00:03  America/New_York  2019-08-04   
3     2019-08-04 19:00:04  2019-08-04 15:00:04  America/New_York  2019-08-04   
4     2019-08-04 19:00:05  2019-08-04 15:00:05  America/New_York  2019-08-04   
...                   ...                  ...               ...         ...   
9356  2019-08-04 19:42:38  2019-08-04 15:42:38  America/New_York  2019-08-04   
9357  2019-08-04 19:42:39  2019-08-04 15:42:39  America/New_York  2019-08-04   
9358  2019-08-04 19:42:40  2019-08-04 15:42:40  America/New_York  2019-08-04   
9359  2019-08-04 19:42:41  2019-08-04 15:42:41  America/New_York  2019-08-04   
9360  2019-08-04 19:42:42  2019-08-04 15:42:42  America/New_York  2019-08-04   

                  strt_tm              end_tim  trav_id  \
0     2019-08-04 15:00:00  2019-08-04 16:00:00       af   
1     2019-08-04 15:00:00  2019-08-04 16:00:00       af   
2     2019-08-04 15:00:00  2019-08-04 16:00:00       af   
3     2019-08-04 15:00:00  2019-08-04 16:00:00       af   
4     2019-08-04 15:00:00  2019-08-04 16:00:00       af   
...                   ...                  ...      ...   
9356  2019-08-04 15:00:00  2019-08-04 16:00:00       af   
9357  2019-08-04 15:00:00  2019-08-04 16:00:00       af   
9358  2019-08-04 15:00:00  2019-08-04 16:00:00       af   
9359  2019-08-04 15:00:00  2019-08-04 16:00:00       af   
9360  2019-08-04 15:00:00  2019-08-04 16:00:00       af   

                        geometry  
0      POINT (-73.89076 40.9139)  
1     POINT (-73.89066 40.91393)  
2     POINT (-73.89057 40.91396)  
3     POINT (-73.89051 40.91398)  
4     POINT (-73.89046 40.91399)  
...                          ...  
9356  POINT (-73.87184 40.95796)  
9357  POINT (-73.87173 40.95775)  
9358   POINT (-73.87167 40.9576)  
9359  POINT (-73.87164 40.95746)  
9360  POINT (-73.87165 40.95721)  

[9361 rows x 29 columns]"
267,"Yonkers, NY",am,am_trav.shp,"/groups/LORTIZUR/heat-watch-data/clean/Heat Watch Yonkers, NY/traverses_chw_yonkers/am_trav.shp",12576,12576,temp_f,POINT (-73.86560053015592 40.94759381660726),68.21344942748091,68.18,0.819827021831351,66.38,70.88,4.5,67.64,68.53999999999999,0.8999999999999915,[68.9  68.9  68.9  ... 67.82 67.82 67.82],"       hasFix stlltsU   date    time altitud  course  spdKmhr  spdKnts  \
0         1.0       7  40819  100000      17  321.58    36.72    19.49   
1         1.0       7  40819  100001    16.5  316.73    36.72    18.41   
2         1.0       7  40819  100002    16.2  316.73    36.72    18.41   
3         1.0       7  40819  100002    16.2  313.56    33.46    18.06   
4         1.0       7  40819  100004    15.8  309.08    27.02    14.58   
...       ...     ...    ...     ...     ...     ...      ...      ...   
12571     1.0       9  40819  103741    33.1    6.85    16.30     8.80   
12572     1.0       9  40819  103742    33.6    8.54    14.95     8.07   
12573     1.0       9  40819  103743    33.9   11.03    14.83     8.00   
12574     1.0       9  40819  103744    34.8   13.21    13.72     7.40   
12575     1.0       9  40819  103745    35.2   13.21    13.72     7.40   

      RMCMode RMCStts  ...                            file     dat_cln  \
0           D       A  ...  CAPA26_040819_094431.096_0.csv  2019-08-04   
1           D       A  ...  CAPA26_040819_094431.096_0.csv  2019-08-04   
2           D       A  ...  CAPA26_040819_094431.096_0.csv  2019-08-04   
3           D       A  ...  CAPA26_040819_094431.096_0.csv  2019-08-04   
4           D       A  ...  CAPA26_040819_094431.096_0.csv  2019-08-04   
...       ...     ...  ...                             ...         ...   
12571       A       A  ...  CAPA30_040819_094621.000_0.csv  2019-08-04   
12572       A       A  ...  CAPA30_040819_094621.000_0.csv  2019-08-04   
12573       A       A  ...  CAPA30_040819_094621.000_0.csv  2019-08-04   
12574       A       A  ...  CAPA30_040819_094621.000_0.csv  2019-08-04   
12575       A       A  ...  CAPA30_040819_094621.000_0.csv  2019-08-04   

                   dttm_tc              dttm_lc                tz     date_lc  \
0      2019-08-04 10:00:00  2019-08-04 06:00:00  America/New_York  2019-08-04   
1      2019-08-04 10:00:01  2019-08-04 06:00:01  America/New_York  2019-08-04   
2      2019-08-04 10:00:02  2019-08-04 06:00:02  America/New_York  2019-08-04   
3      2019-08-04 10:00:02  2019-08-04 06:00:02  America/New_York  2019-08-04   
4      2019-08-04 10:00:04  2019-08-04 06:00:04  America/New_York  2019-08-04   
...                    ...                  ...               ...         ...   
12571  2019-08-04 10:37:41  2019-08-04 06:37:41  America/New_York  2019-08-04   
12572  2019-08-04 10:37:42  2019-08-04 06:37:42  America/New_York  2019-08-04   
12573  2019-08-04 10:37:43  2019-08-04 06:37:43  America/New_York  2019-08-04   
12574  2019-08-04 10:37:44  2019-08-04 06:37:44  America/New_York  2019-08-04   
12575  2019-08-04 10:37:45  2019-08-04 06:37:45  America/New_York  2019-08-04   

                   strt_tm              end_tim  trav_id  \
0      2019-08-04 06:00:00  2019-08-04 07:00:00       am   
1      2019-08-04 06:00:00  2019-08-04 07:00:00       am   
2      2019-08-04 06:00:00  2019-08-04 07:00:00       am   
3      2019-08-04 06:00:00  2019-08-04 07:00:00       am   
4      2019-08-04 06:00:00  2019-08-04 07:00:00       am   
...                    ...                  ...      ...   
12571  2019-08-04 06:00:00  2019-08-04 07:00:00       am   
12572  2019-08-04 06:00:00  2019-08-04 07:00:00       am   
12573  2019-08-04 06:00:00  2019-08-04 07:00:00       am   
12574  2019-08-04 06:00:00  2019-08-04 07:00:00       am   
12575  2019-08-04 06:00:00  2019-08-04 07:00:00       am   

                         geometry  
0       POINT (-73.89203 40.9177)  
1       POINT (-73.8921 40.91776)  
2      POINT (-73.89218 40.91782)  
3      POINT (-73.89218 40.91782)  
4      POINT (-73.89233 40.91793)  
...                           ...  
12571  POINT (-73.87155 40.97049)  
12572  POINT (-73.87154 40.97053)  
12573  POINT (-73.87153 40.97057)  
12574   POINT (-73.87152 40.9706)  
12575  POINT (-73.87151 40.97064)  

[12576 rows x 29 columns]"
268,"Yonkers, NY",pm,pm_trav.shp,"/groups/LORTIZUR/heat-watch-data/clean/Heat Watch Yonkers, NY/traverses_chw_yonkers/pm_trav.shp",9938,9938,temp_f,POINT (-73.86147048757418 40.945875596130584),78.74952103038841,78.62,1.281160434440148,75.38,82.22,6.840000000000003,77.9,79.7,1.7999999999999972,[80.42 80.42 80.42 ... 77.72 77.72 77.72],"      hasFix stlltsU   date    time altitud  course  spdKmhr  spdKnts RMCMode  \
0        1.0       6  40819  230000    53.5   12.72    18.94    10.22       A   
1        1.0       6  40819  230001    52.9  359.42    19.83    10.70       A   
2        1.0       6  40819  230002    52.5    5.57    25.08    13.54       A   
3        1.0       6  40819  230003    51.8    5.57    25.08    13.54       A   
4        1.0       6  40819  230004    50.4    7.29    32.93    17.77       A   
...      ...     ...    ...     ...     ...     ...      ...      ...     ...   
9933     1.0       7  40819  235108    86.5    1.62    18.16     9.80       D   
9934     1.0       7  40819  235109    86.5     2.3    16.20     8.75       D   
9935     1.0       7  40819  235110    86.3  353.59    13.78     7.44       D   
9936     1.0       7  40819  235111    86.7  353.59    13.78     7.44       D   
9937     1.0       7  40819  235112    86.2  304.02    12.19     6.58       D   

     RMCStts  ...                            file     dat_cln  \
0          A  ...  CAPA26_040819_225025.093_0.csv  2019-08-04   
1          A  ...  CAPA26_040819_225025.093_0.csv  2019-08-04   
2          A  ...  CAPA26_040819_225025.093_0.csv  2019-08-04   
3          A  ...  CAPA26_040819_225025.093_0.csv  2019-08-04   
4          A  ...  CAPA26_040819_225025.093_0.csv  2019-08-04   
...      ...  ...                             ...         ...   
9933       A  ...  CAPA29_050180_225106.294_0.csv  2019-08-04   
9934       A  ...  CAPA29_050180_225106.294_0.csv  2019-08-04   
9935       A  ...  CAPA29_050180_225106.294_0.csv  2019-08-04   
9936       A  ...  CAPA29_050180_225106.294_0.csv  2019-08-04   
9937       A  ...  CAPA29_050180_225106.294_0.csv  2019-08-04   

                  dttm_tc              dttm_lc                tz     date_lc  \
0     2019-08-04 23:00:00  2019-08-04 19:00:00  America/New_York  2019-08-04   
1     2019-08-04 23:00:01  2019-08-04 19:00:01  America/New_York  2019-08-04   
2     2019-08-04 23:00:02  2019-08-04 19:00:02  America/New_York  2019-08-04   
3     2019-08-04 23:00:03  2019-08-04 19:00:03  America/New_York  2019-08-04   
4     2019-08-04 23:00:04  2019-08-04 19:00:04  America/New_York  2019-08-04   
...                   ...                  ...               ...         ...   
9933  2019-08-04 23:51:08  2019-08-04 19:51:08  America/New_York  2019-08-04   
9934  2019-08-04 23:51:09  2019-08-04 19:51:09  America/New_York  2019-08-04   
9935  2019-08-04 23:51:10  2019-08-04 19:51:10  America/New_York  2019-08-04   
9936  2019-08-04 23:51:11  2019-08-04 19:51:11  America/New_York  2019-08-04   
9937  2019-08-04 23:51:12  2019-08-04 19:51:12  America/New_York  2019-08-04   

                  strt_tm              end_tim  trav_id  \
0     2019-08-04 19:00:00  2019-08-04 20:00:00       pm   
1     2019-08-04 19:00:00  2019-08-04 20:00:00       pm   
2     2019-08-04 19:00:00  2019-08-04 20:00:00       pm   
3     2019-08-04 19:00:00  2019-08-04 20:00:00       pm   
4     2019-08-04 19:00:00  2019-08-04 20:00:00       pm   
...                   ...                  ...      ...   
9933  2019-08-04 19:00:00  2019-08-04 20:00:00       pm   
9934  2019-08-04 19:00:00  2019-08-04 20:00:00       pm   
9935  2019-08-04 19:00:00  2019-08-04 20:00:00       pm   
9936  2019-08-04 19:00:00  2019-08-04 20:00:00       pm   
9937  2019-08-04 19:00:00  2019-08-04 20:00:00       pm   

                        geometry  
0     POINT (-73.89173 40.91104)  
1     POINT (-73.89174 40.91109)  
2     POINT (-73.89172 40.91118)  
3      POINT (-73.8917 40.91128)  
4      POINT (-73.89167 40.9114)  
...                          ...  
9933  POINT (-73.86365 40.97497)  
9934  POINT (-73.86365 40.97502)  
9935  POINT (-73.86365 40.97506)  
9936  POINT (-73.86366 40.97509)  
9937  POINT (-73.86369 40.97511)  

[9938 rows x 29 columns]"
